ST_CASE,VEH_NO,PER_NO,YEAR,P1,P2,P3,P4,P5,P6,P7,P8,P9,P10
40387,1,1,1986,11,12,16,17,0,11,16,16,0,0
40388,1,1,1986,15,15,15,15,15,15,15,15,15,15
40389,1,2,1986,4,4,4,4,4,4,4,4,4,4
40391,1,1,1986,9,13,6,0,4,31,17,0,18,2
40391,2,1,1986,0,0,0,0,0,0,0,0,0,0
40392,1,1,1986,0,0,0,18,0,0,0,0,0,0
40392,2,1,1986,0,0,0,0,0,0,0,0,0,0
40392,3,1,1986,0,0,0,0,0,0,0,0,0,0
40393,1,1,1986,12,10,7,23,15,13,18,22,13,3
40394,1,1,1986,16,16,16,16,16,16,16,16,16,16
40395,1,1,1986,26,26,26,26,26,26,26,26,26,26
40395,2,1,1986,0,0,0,0,0,19,0,0,0,0
40396,1,1,1986,30,30,30,30,30,30,30,30,30,30
40397,1,1,1986,0,0,0,0,0,0,0,0,0,0
40397,2,1,1986,0,0,0,0,0,0,0,0,0,0
40398,0,1,1986,31,24,17,9,0,21,0,28,15,0
40398,1,1,1986,14,15,13,12,6,31,9,0,3,28
40399,1,1,1986,20,20,20,20,20,20,20,20,20,20
40399,2,1,1986,0,0,0,0,0,0,0,0,0,0
40400,1,1,1986,9,10,6,11,12,18,0,17,17,21
40401,0,1,1986,0,0,0,0,0,0,0,0,0,0
40401,1,1,1986,0,0,0,0,0,0,0,0,0,0
40402,1,1,1986,23,0,27,12,0,12,12,10,7,20
40402,2,1,1986,3,3,3,3,3,3,3,3,3,3
40403,1,1,1986,0,0,0,0,22,0,0,0,0,0
40403,2,1,1986,0,0,0,0,0,0,0,0,0,0
40404,1,1,1986,18,0,0,0,0,0,0,0,18,0
40405,0,1,1986,8,9,10,0,13,10,0,20,0,17
40405,0,2,1986,0,0,25,7,32,4,17,0,2,17
40405,0,3,1986,29,9,7,19,0,32,20,8,38,9
40405,1,1,1986,23,20,16,30,18,17,7,15,20,30
40406,1,1,1986,17,17,17,17,17,17,17,17,17,17
40406,2,1,1986,0,0,0,0,0,0,0,0,0,0
40407,1,1,1986,30,30,30,30,30,30,30,30,30,30
40407,2,1,1986,0,0,0,0,0,0,0,0,0,0
40408,1,1,1986,17,17,17,17,17,17,17,17,17,17
40409,1,1,1986,0,0,0,0,0,0,0,0,0,0
40409,2,1,1986,0,0,0,0,0,17,0,0,0,0
40410,0,1,1986,3,8,0,0,0,0,0,0,0,0
40410,1,1,1986,0,0,0,0,0,0,0,0,0,0
40411,0,1,1986,0,0,0,0,0,0,0,0,0,0
40411,1,1,1986,0,0,0,0,0,0,0,0,0,0
40412,0,1,1986,0,0,0,0,0,0,0,0,0,0
40412,1,1,1986,0,0,0,0,0,0,0,0,0,0
40413,0,1,1986,24,24,24,24,24,24,24,24,24,24
40413,1,1,1986,0,0,0,0,0,0,0,0,0,0
40414,1,1,1986,15,15,15,15,15,15,15,15,15,15
40415,1,1,1986,0,0,0,0,0,0,0,14,0,0
40415,2,1,1986,23,23,23,23,23,23,23,23,23,23
40416,0,1,1986,0,0,0,0,0,0,0,0,0,0
40416,1,1,1986,0,0,0,0,0,0,0,0,0,0
40417,0,1,1986,0,0,0,0,0,0,0,0,0,0
40417,1,1,1986,21,21,21,21,21,21,21,21,21,21
40418,1,1,1986,20,20,20,20,20,20,20,20,20,20
40418,2,1,1986,0,0,0,0,0,0,0,6,0,0
40419,1,1,1986,15,18,38,23,24,17,7,19,12,14
40420,0,1,1986,13,13,13,13,13,13,13,13,13,13
40420,0,2,1986,0,0,0,0,0,0,0,0,0,0
40420,1,1,1986,10,10,8,7,19,3,23,15,17,32
40421,1,1,1986,0,0,0,0,0,0,0,0,0,0
40421,2,1,1986,0,0,0,0,0,0,0,0,0,0
40422,1,1,1986,0,0,0,0,0,0,0,11,0,0
40422,2,1,1986,3,3,3,3,3,3,3,3,3,3
40423,1,1,1986,0,0,0,0,0,0,0,0,0,0
40423,2,1,1986,0,0,0,0,0,0,0,0,0,0
40424,1,1,1986,19,19,19,19,19,19,19,19,19,19
40425,1,1,1986,20,5,24,7,11,18,7,30,23,24
40426,1,1,1986,10,9,3,17,7,14,12,10,4,10
40427,1,1,1986,0,0,0,0,0,0,0,21,0,0
40427,2,1,1986,0,0,0,0,0,0,0,0,0,0
40428,0,1,1986,0,0,0,0,0,0,0,0,0,0
40428,1,1,1986,0,0,0,0,0,0,0,0,0,0
40429,0,1,1986,0,0,0,0,0,0,0,0,0,0
40429,1,1,1986,0,0,0,0,0,0,0,0,0,0
40430,1,1,1986,15,0,5,3,0,11,21,13,25,8
40431,1,1,1986,0,0,0,0,0,0,0,0,0,0
40432,0,1,1986,17,17,17,17,17,17,17,17,17,17
40432,1,1,1986,11,11,11,11,11,11,11,11,11,11
40433,1,1,1986,0,0,0,0,0,0,0,0,0,0
40433,2,1,1986,0,0,0,0,0,0,0,0,0,0
40433,3,1,1986,0,0,0,0,0,0,0,0,0,0
40434,1,1,1986,0,0,0,0,0,0,0,0,0,0
40434,2,1,1986,0,0,0,0,0,0,0,0,0,0
40435,0,1,1986,10,10,10,10,10,10,10,10,10,10
40435,0,2,1986,10,10,10,10,10,10,10,10,10,10
40435,1,1,1986,0,0,0,0,0,0,0,0,0,0
40436,1,1,1986,0,0,0,11,8,16,17,12,32,0
40437,1,1,1986,0,15,0,0,0,15,0,0,0,0
40438,1,1,1986,0,21,22,11,0,18,0,0,0,0
40439,1,1,1986,6,6,6,6,6,6,6,6,6,6
40439,2,1,1986,0,0,0,0,0,0,0,0,0,0
40440,1,1,1986,14,14,14,14,14,14,14,14,14,14
40440,2,1,1986,0,0,0,0,0,3,0,0,0,15
40441,1,1,1986,12,12,12,12,12,12,12,12,12,12
40441,2,1,1986,0,0,0,0,0,0,0,0,0,0
40442,1,1,1986,13,13,13,13,13,13,13,13,13,13
40442,2,1,1986,0,0,0,0,0,10,0,0,0,0
40443,1,1,1986,0,0,0,0,0,0,0,0,0,0
40444,1,1,1986,0,0,0,9,0,0,0,0,0,0
40445,1,1,1986,21,5,11,8,0,8,14,16,10,11
40446,1,1,1986,28,0,0,0,0,0,0,0,0,0
40447,1,1,1986,26,26,26,26,26,26,26,26,26,26
40448,0,1,1986,16,26,19,16,9,28,25,19,0,20
40448,1,1,1986,10,7,14,11,25,10,24,24,7,13
40449,0,1,1986,13,13,13,13,13,13,13,13,13,13
40449,1,1,1986,0,0,0,0,0,0,0,0,0,0
40450,1,1,1986,0,0,0,0,0,0,0,0,0,0
40450,2,1,1986,0,0,0,0,0,0,0,0,0,0
40451,1,1,1986,0,0,0,0,0,12,0,0,0,0
40452,0,1,1986,16,16,16,16,16,16,16,16,16,16
40452,1,1,1986,10,0,27,26,12,20,9,9,28,27
40452,2,1,1986,0,0,0,0,0,0,0,0,0,0
40453,1,1,1986,15,26,38,0,15,20,17,21,15,23
40454,1,1,1986,0,0,0,0,0,0,0,0,0,0
40454,2,1,1986,0,0,0,0,0,0,0,0,0,0
40454,3,1,1986,6,6,6,6,6,6,6,6,6,6
40454,4,1,1986,25,0,0,0,0,0,0,0,0,0
40455,1,1,1986,0,10,0,13,0,0,0,0,0,0
40456,0,1,1986,0,0,0,0,0,0,0,0,0,0
40456,1,1,1986,0,0,0,0,0,0,0,0,0,0
40457,1,1,1986,0,5,0,0,0,11,0,0,18,0
40458,1,1,1986,9,9,9,9,9,9,9,9,9,9
40459,1,1,1986,16,17,30,45,0,0,0,27,0,16
40460,0,1,1986,0,0,0,0,0,0,0,0,0,0
40460,1,1,1986,0,0,0,0,0,0,0,0,0,0
40461,0,1,1986,18,18,18,18,18,18,18,18,18,18
40461,1,1,1986,0,0,0,21,18,13,0,0,16,13
40462,1,1,1986,0,0,0,10,0,0,10,0,0,0
40462,2,1,1986,0,0,0,0,0,0,0,0,0,0
40463,1,1,1986,0,0,0,0,0,0,0,0,0,0
40464,1,1,1986,0,0,0,0,0,0,0,0,0,0
40464,2,1,1986,0,0,0,0,0,0,0,0,0,0
40465,1,1,1986,0,0,0,0,0,0,0,0,0,0
40465,2,1,1986,15,15,15,15,15,15,15,15,15,15
40466,1,1,1986,0,0,0,0,0,0,0,0,0,0
40466,2,1,1986,0,0,0,0,0,0,0,0,0,0
40467,1,1,1986,3,3,3,3,3,3,3,3,3,3
40467,2,1,1986,0,0,0,0,0,0,0,0,0,0
40468,1,1,1986,22,22,22,22,22,22,22,22,22,22
40468,2,1,1986,0,0,0,0,0,0,0,0,0,0
40469,1,1,1986,0,0,0,0,0,0,0,0,0,0
40469,2,1,1986,0,0,0,20,0,0,0,0,0,0
40470,1,1,1986,14,14,14,14,14,14,14,14,14,14
40471,0,1,1986,0,0,0,0,0,0,0,0,0,0
40471,1,1,1986,0,0,0,0,0,0,0,0,0,0
40472,1,1,1986,0,0,0,16,17,17,0,0,0,8
40473,1,1,1986,14,14,14,14,14,14,14,14,14,14
40474,0,1,1986,23,23,23,23,23,23,23,23,23,23
40474,1,1,1986,0,4,0,0,0,0,0,0,0,0
40475,1,1,1986,12,12,12,12,12,12,12,12,12,12
40475,2,1,1986,14,0,0,21,11,22,23,11,19,0
40476,1,1,1986,0,0,0,0,0,0,0,0,0,0
40476,2,1,1986,0,0,0,0,0,0,0,0,0,0
40477,1,1,1986,14,27,8,7,9,11,10,25,15,0
40477,2,1,1986,15,15,15,15,15,15,15,15,15,15
40478,1,1,1986,9,9,9,9,9,9,9,9,9,9
40479,1,1,1986,10,10,10,10,10,10,10,10,10,10
40480,1,1,1986,15,0,0,24,22,17,11,0,15,13
40481,1,1,1986,0,0,0,0,0,0,0,0,5,0
40481,2,1,1986,0,0,0,0,0,0,0,0,0,0
40482,1,1,1986,0,0,0,0,0,0,0,0,0,0
40483,1,1,1986,18,18,18,18,18,18,18,18,18,18
40483,2,1,1986,20,20,20,20,20,20,20,20,20,20
40484,1,1,1986,0,0,0,0,0,0,0,0,0,0
40485,1,1,1986,19,19,19,19,19,19,19,19,19,19
40486,0,1,1986,0,0,0,0,0,0,0,0,0,0
40486,1,1,1986,24,9,28,8,26,0,18,8,6,15
40487,1,1,1986,0,0,0,0,0,0,0,0,0,0
40487,2,1,1986,0,0,0,0,0,0,0,0,0,0
40488,1,1,1986,0,0,0,19,0,0,0,0,18,0
40488,2,1,1986,20,0,0,0,0,0,0,0,0,0
40489,1,1,1986,30,30,30,30,30,30,30,30,30,30
40490,1,1,1986,16,17,25,19,33,21,15,33,12,22
40491,1,1,1986,20,20,20,20,20,20,20,20,20,20
40492,0,1,1986,0,34,0,0,28,0,22,0,0,30
40492,1,1,1986,0,0,10,0,0,0,0,0,0,0
40493,1,1,1986,15,15,15,15,15,15,15,15,15,15
40494,1,1,1986,0,0,0,0,0,0,0,0,0,0
40495,1,1,1986,0,0,0,0,0,0,0,0,0,0
40495,2,1,1986,0,0,0,0,0,0,0,0,0,0
40495,3,1,1986,0,0,0,0,0,0,0,0,0,0
40496,0,1,1986,0,0,0,0,0,0,0,0,0,0
40496,1,1,1986,15,0,0,0,0,0,0,0,0,0
40497,0,1,1986,0,38,0,0,20,0,22,26,0,0
40497,1,1,1986,0,0,8,15,11,0,10,25,9,18
40498,1,1,1986,9,12,28,23,19,21,11,33,32,8
40499,1,1,1986,28,28,28,28,28,28,28,28,28,28
40500,1,1,1986,18,12,6,13,11,10,3,23,24,14
40501,1,1,1986,10,24,23,30,27,10,10,11,5,40
40502,1,1,1986,23,23,23,23,23,23,23,23,23,23
40503,1,1,1986,15,12,25,11,18,9,11,12,6,5
40504,1,1,1986,24,21,14,10,26,20,21,0,17,10
40504,2,1,1986,27,27,27,27,27,27,27,27,27,27
40505,1,1,1986,10,10,10,10,10,10,10,10,10,10
40505,2,1,1986,0,0,13,0,5,0,0,0,17,0
40506,1,1,1986,19,0,24,23,14,9,8,16,19,11
40507,1,1,1986,3,17,17,21,0,0,6,11,15,35
40508,1,1,1986,0,0,0,0,0,0,0,0,0,0
40508,2,1,1986,13,13,13,13,13,13,13,13,13,13
40509,1,1,1986,28,0,18,0,15,28,19,5,22,32
40509,2,1,1986,0,0,24,0,0,0,21,0,0,17
40510,1,1,1986,12,24,16,15,34,0,9,17,11,10
40511,1,1,1986,20,20,20,20,20,20,20,20,20,20
40512,0,1,1986,20,20,20,20,20,20,20,20,20,20
40512,1,1,1986,11,0,7,10,6,11,0,12,10,24
40513,1,1,1986,10,0,0,0,10,0,7,14,0,0
40514,1,1,1986,6,17,38,11,17,16,9,0,17,12
40514,2,1,1986,25,25,25,25,25,25,25,25,25,25
40515,1,1,1986,0,0,0,0,0,0,0,0,0,0
40516,0,1,1986,0,0,0,0,0,0,0,0,0,0
40516,1,1,1986,0,20,0,9,0,0,0,0,15,0
40517,1,1,1986,29,29,29,29,29,29,29,29,29,29
40517,2,1,1986,0,0,0,0,0,0,9,0,0,0
40517,3,1,1986,0,8,0,15,0,0,0,12,0,4
40517,4,1,1986,0,0,0,0,0,0,0,0,0,0
40518,1,1,1986,8,8,8,8,8,8,8,8,8,8
40518,2,1,1986,0,0,0,0,0,0,0,0,0,0
40519,1,1,1986,12,12,12,12,12,12,12,12,12,12
40520,1,1,1986,0,22,0,16,0,0,16,0,9,0
40521,0,1,1986,26,26,26,26,26,26,26,26,26,26
40521,1,1,1986,0,0,0,0,0,0,0,0,0,0
40522,0,1,1986,24,24,24,24,24,24,24,24,24,24
40522,1,1,1986,7,7,7,7,7,7,7,7,7,7
40523,1,1,1986,4,0,14,25,3,10,12,17,18,25
40524,1,1,1986,0,0,0,0,0,0,0,0,0,0
40524,2,1,1986,0,0,0,0,0,0,0,0,0,0
40525,1,1,1986,1,1,1,1,1,1,1,1,1,1
40525,2,1,1986,0,0,0,0,0,0,0,0,0,12
40526,0,1,1986,0,0,0,0,0,0,0,0,0,0
40526,1,1,1986,21,6,12,4,30,13,0,16,9,60
40527,1,1,1986,0,0,9,0,0,0,0,0,0,0
40528,1,1,1986,0,0,0,0,0,0,0,23,0,0
40529,1,1,1986,20,20,20,20,20,20,20,20,20,20
40530,1,1,1986,33,0,13,0,18,10,6,13,13,0
40530,2,1,1986,12,16,16,0,4,14,3,2,12,16
40531,1,1,1986,16,16,16,16,16,16,16,16,16,16
40532,0,1,1986,17,17,17,17,17,17,17,17,17,17
40532,1,1,1986,9,9,9,9,9,9,9,9,9,9
40533,1,1,1986,0,0,0,0,0,0,0,0,0,0
40533,2,1,1986,0,0,0,0,0,0,0,0,0,0
40533,3,1,1986,0,0,0,0,0,0,0,0,0,0
40534,0,1,1986,13,0,18,19,0,0,20,0,22,18
40534,1,1,1986,0,0,23,0,0,0,11,0,0,0
40535,1,1,1986,0,0,0,0,0,0,0,0,0,0
40535,2,1,1986,0,3,0,0,0,0,0,0,0,0
40536,0,1,1986,0,0,0,0,0,0,0,0,0,0
40536,1,1,1986,23,0,0,0,0,0,0,0,0,7
40537,1,1,1986,0,0,0,0,0,0,0,0,0,0
40538,1,1,1986,0,0,0,0,0,0,0,0,0,0
40538,2,1,1986,0,0,10,0,0,0,0,0,0,0
40539,1,1,1986,26,26,26,26,26,26,26,26,26,26
40539,2,1,1986,11,11,11,11,11,11,11,11,11,11
40540,1,1,1986,0,0,0,0,18,0,0,0,0,0
40541,1,1,1986,19,19,19,19,19,19,19,19,19,19
40541,2,1,1986,0,0,0,0,0,0,0,0,0,0
40542,0,1,1986,42,42,42,42,42,42,42,42,42,42
40542,1,1,1986,0,0,0,0,0,0,0,0,0,0
40543,1,1,1986,0,0,0,0,0,0,0,0,0,0
40543,2,1,1986,0,0,0,0,0,0,0,0,0,0
40544,1,1,1986,0,0,0,0,0,0,0,0,0,0
40544,2,1,1986,2,2,2,2,2,2,2,2,2,2
40544,3,1,1986,0,0,0,0,0,0,0,0,0,0
40544,4,1,1986,0,0,0,0,0,0,0,0,0,0
40545,1,1,1986,0,24,14,0,0,17,11,13,23,0
40545,2,1,1986,33,10,14,11,15,18,18,10,0,20
40546,1,1,1986,0,0,0,0,0,0,0,0,0,0
40546,2,1,1986,0,20,0,27,0,9,0,5,13,0
40547,1,1,1986,16,16,16,16,16,16,16,16,16,16
40548,1,1,1986,0,0,0,0,0,0,0,0,0,0
40548,2,1,1986,11,0,13,9,5,8,3,0,14,10
40549,1,1,1986,18,18,18,18,18,18,18,18,18,18
40549,2,1,1986,0,0,0,0,0,0,0,0,0,0
40550,1,1,1986,0,8,9,0,0,15,0,0,19,0
40551,1,1,1986,0,0,0,0,0,0,0,0,0,0
40552,1,1,1986,26,26,26,26,26,26,26,26,26,26
40552,2,1,1986,0,0,0,0,0,0,0,0,0,0
40553,1,1,1986,16,16,16,16,16,16,16,16,16,16
40554,1,1,1986,6,3,13,0,24,19,13,24,18,16
40554,2,1,1986,0,0,0,0,0,0,0,0,0,0
40555,1,1,1986,21,21,21,21,21,21,21,21,21,21
40555,2,1,1986,0,14,17,0,0,7,0,0,0,0
40556,0,1,1986,0,0,0,0,0,0,0,0,0,0
40556,1,1,1986,0,0,0,0,0,0,0,0,0,0
40557,1,1,1986,0,0,0,0,0,0,0,0,0,0
40557,2,1,1986,0,0,0,0,0,0,0,0,0,0
40557,3,1,1986,0,0,0,0,0,0,0,0,0,0
40558,0,1,1986,29,29,29,29,29,29,29,29,29,29
40558,1,1,1986,0,0,0,0,0,0,0,0,0,0
40559,0,1,1986,29,29,29,29,29,29,29,29,29,29
40559,1,1,1986,0,0,0,0,0,0,0,9,0,0
40560,1,1,1986,0,0,0,0,0,0,0,20,0,18
40560,2,1,1986,0,0,0,0,3,0,0,0,0,0
40561,1,1,1986,11,11,11,11,11,11,11,11,11,11
40561,2,1,1986,0,0,0,0,0,0,0,0,0,0
40562,1,1,1986,16,16,16,16,16,16,16,16,16,16
40563,1,1,1986,0,0,3,10,0,0,0,13,0,0
40563,2,1,1986,0,0,0,0,0,0,0,0,0,0
40564,1,1,1986,17,17,17,17,17,17,17,17,17,17
40565,1,1,1986,0,0,0,0,0,0,0,0,0,0
40566,0,1,1986,0,0,0,0,0,0,0,0,0,0
40566,1,1,1986,0,0,0,0,0,13,0,0,0,0
40568,1,1,1986,21,21,21,21,21,21,21,21,21,21
40569,1,1,1986,2,2,2,2,2,2,2,2,2,2
40570,1,1,1986,0,0,0,0,0,0,0,0,0,0
40571,1,1,1986,10,10,10,10,10,10,10,10,10,10
40572,1,1,1986,21,6,0,15,16,0,4,9,13,0
40572,2,1,1986,0,25,9,21,31,25,15,7,15,7
40574,1,1,1986,11,13,20,14,15,22,10,16,21,4
40575,1,1,1986,0,0,0,0,0,0,0,0,0,0
40576,1,1,1986,0,0,0,0,0,0,0,0,0,0
40577,0,1,1986,30,30,30,30,30,30,30,30,30,30
40577,1,1,1986,19,19,19,19,19,19,19,19,19,19
40578,0,1,1986,13,24,35,32,6,39,18,10,23,17
40578,1,1,1986,24,26,0,20,0,12,44,24,0,24
40579,1,1,1986,27,27,27,27,27,27,27,27,27,27
40580,1,1,1986,4,4,4,4,4,4,4,4,4,4
40581,0,1,1986,9,0,0,0,0,16,0,0,0,6
40581,1,1,1986,16,0,0,0,0,10,17,14,15,10
40582,1,1,1986,10,10,10,10,10,10,10,10,10,10
40582,2,1,1986,0,0,0,0,0,0,0,0,0,0
40583,1,1,1986,16,0,17,9,8,22,22,0,11,15
40584,1,1,1986,0,0,0,0,0,0,0,0,0,0
40584,2,1,1986,21,21,21,21,21,21,21,21,21,21
40585,0,1,1986,0,0,0,0,0,0,0,0,0,0
40585,1,1,1986,0,0,0,0,0,0,5,0,0,0
40586,1,1,1986,17,17,17,17,17,17,17,17,17,17
40587,1,1,1986,0,0,0,0,0,0,0,0,0,0
40588,1,1,1986,0,10,0,0,0,6,0,0,0,0
40589,1,1,1986,0,0,0,0,0,0,0,0,0,0
40589,2,1,1986,26,26,26,26,26,26,26,26,26,26
40590,0,1,1986,18,18,18,18,18,18,18,18,18,18
40590,1,1,1986,7,7,7,7,7,7,7,7,7,7
40591,1,1,1986,0,0,0,0,0,16,0,0,0,0
40592,1,1,1986,0,0,0,0,0,0,0,0,0,0
40592,2,1,1986,0,0,0,0,0,0,0,0,0,0
40593,1,1,1986,0,0,0,0,0,0,0,0,0,0
40594,0,1,1986,0,0,0,0,0,0,0,0,0,0
40594,1,1,1986,0,0,0,0,0,0,0,0,0,0
40595,1,1,1986,9,9,9,9,9,9,9,9,9,9
40596,1,1,1986,19,19,19,19,19,19,19,19,19,19
40597,1,1,1986,26,26,26,26,26,26,26,26,26,26
40598,1,1,1986,21,29,21,12,26,24,19,27,27,20
40599,1,1,1986,0,0,0,0,0,0,0,0,0,0
40600,1,1,1986,0,0,0,0,0,0,0,0,0,0
40600,2,1,1986,0,0,0,0,0,0,0,0,0,0
40601,1,1,1986,12,12,12,12,12,12,12,12,12,12
40602,0,1,1986,0,41,0,0,0,0,0,0,0,0
40602,0,2,1986,0,9,8,2,0,0,0,0,0,0
40602,1,1,1986,0,0,0,0,0,10,0,0,0,0
40603,1,1,1986,0,0,0,14,0,0,6,0,0,0
40604,0,1,1986,0,29,0,0,0,0,0,0,0,0
40604,1,1,1986,0,0,0,0,0,0,0,0,5,14
40605,1,1,1986,0,0,0,0,0,0,0,8,0,0
40605,2,1,1986,0,0,0,0,0,0,0,0,0,0
40606,1,1,1986,0,0,0,0,0,0,0,0,0,0
40606,2,1,1986,19,19,19,19,19,19,19,19,19,19
40607,0,1,1986,34,34,34,34,34,34,34,34,34,34
40607,1,1,1986,14,17,11,6,17,0,14,22,27,15
40608,0,1,1986,32,32,32,32,32,32,32,32,32,32
40608,1,1,1986,0,0,0,0,0,0,0,0,17,0
40609,1,1,1986,31,31,31,31,31,31,31,31,31,31
40610,1,1,1986,21,21,21,21,21,21,21,21,21,21
40611,0,1,1986,0,17,0,16,0,0,0,0,0,0
40611,1,1,1986,0,0,0,0,0,0,0,0,0,0
40612,1,1,1986,0,0,0,0,0,0,0,0,0,0
40612,2,1,1986,19,19,19,19,19,19,19,19,19,19
40613,0,1,1986,7,17,29,29,21,15,40,16,11,16
40613,1,1,1986,9,17,12,13,18,15,0,16,12,28
40614,1,1,1986,4,39,8,13,11,10,15,6,13,10
40615,1,1,1986,27,27,27,27,27,27,27,27,27,27
40616,1,1,1986,0,0,0,0,0,0,0,0,0,0
40616,2,1,1986,0,0,0,0,0,0,0,0,0,11
40617,1,1,1986,11,11,11,11,11,11,11,11,11,11
40618,0,1,1986,0,0,0,0,0,0,0,0,0,0
40618,1,1,1986,0,0,0,0,0,0,0,0,0,0
40619,1,1,1986,17,17,17,17,17,17,17,17,17,17
40620,0,1,1986,12,12,12,12,12,12,12,12,12,12
40620,1,1,1986,5,14,0,29,0,16,0,0,0,13
40621,1,1,1986,26,26,26,26,26,26,26,26,26,26
40622,1,1,1986,14,14,14,14,14,14,14,14,14,14
40623,1,1,1986,0,0,0,0,0,0,0,0,0,0
40623,2,1,1986,9,5,14,9,14,13,2,13,8,12
40624,1,1,1986,0,0,0,0,0,0,0,0,0,0
40624,2,1,1986,0,0,0,0,0,0,0,0,0,0
40625,1,1,1986,0,17,0,0,0,0,0,24,0,31
40626,1,1,1986,18,18,18,18,18,18,18,18,18,18
40626,2,1,1986,16,5,15,12,11,3,5,4,0,18
40627,1,1,1986,18,18,18,18,18,18,18,18,18,18
40627,2,1,1986,0,0,0,0,0,0,0,0,0,0
40627,3,1,1986,0,0,0,0,0,2,0,0,12,15
40628,0,1,1986,8,23,16,9,27,0,0,9,0,22
40628,1,1,1986,17,14,7,16,11,11,38,0,8,37
40629,1,1,1986,16,16,16,16,16,16,16,16,16,16
40630,1,1,1986,0,0,0,0,0,0,0,0,0,0
40631,1,1,1986,0,0,21,16,0,0,19,7,13,0
40632,0,1,1986,0,0,0,0,0,0,0,0,0,0
40632,1,1,1986,0,0,0,0,0,0,0,6,0,0
40633,1,1,1986,15,15,15,15,15,15,15,15,15,15
40634,0,1,1986,0,0,0,0,0,0,0,0,0,0
40634,1,1,1986,0,0,0,0,0,17,0,0,0,0
40635,0,1,1986,12,12,12,12,12,12,12,12,12,12
40635,1,1,1986,0,0,0,0,0,0,0,0,0,0
40636,1,1,1986,25,25,25,25,25,25,25,25,25,25
40637,1,1,1986,0,0,0,0,0,2,0,0,25,9
40638,0,1,1986,20,20,20,20,20,20,20,20,20,20
40638,1,1,1986,9,22,13,15,22,27,10,11,27,18
40639,0,1,1986,0,0,0,0,0,0,21,0,0,0
40639,1,1,1986,14,0,9,0,0,0,0,0,0,0
40640,1,1,1986,17,15,11,25,6,12,16,15,14,5
40640,2,1,1986,0,0,0,0,0,0,0,0,0,0
40641,1,1,1986,14,22,11,9,9,15,21,24,17,18
40642,1,1,1986,0,0,13,0,15,0,8,23,0,7
40643,1,1,1986,20,0,16,12,17,21,13,27,19,13
40644,1,1,1986,17,17,17,17,17,17,17,17,17,17
40645,1,1,1986,0,0,0,0,0,0,0,0,0,0
40645,2,1,1986,0,0,0,0,0,0,0,0,0,0
40646,1,1,1986,8,17,16,14,0,0,29,0,0,0
40647,0,1,1986,43,43,43,43,43,43,43,43,43,43
40647,1,1,1986,0,0,0,0,0,0,0,0,0,0
40648,1,1,1986,0,0,0,0,0,0,0,0,0,0
40649,0,1,1986,10,18,15,4,22,16,26,13,15,0
40649,1,1,1986,8,8,8,8,8,8,8,8,8,8
40650,1,1,1986,10,10,10,10,10,10,10,10,10,10
40651,1,1,1986,0,0,0,0,0,0,0,0,0,0
40651,2,1,1986,0,0,0,0,0,0,0,0,0,0
40652,1,1,1986,0,0,17,0,0,0,0,0,0,0
40652,2,1,1986,0,0,0,0,0,0,0,0,0,0
40652,3,1,1986,0,0,0,0,0,0,0,0,0,0
40652,4,1,1986,0,0,0,0,0,0,0,0,0,0
40652,5,1,1986,0,0,0,0,0,0,0,0,0,0
40652,6,1,1986,3,0,0,0,0,0,0,0,0,0
40652,7,1,1986,0,4,0,0,0,0,0,0,0,0
40653,1,1,1986,0,0,0,0,0,0,0,0,0,0
40653,2,1,1986,0,0,0,0,0,0,0,20,0,0
40654,1,1,1986,18,18,18,18,18,18,18,18,18,18
40655,1,1,1986,20,20,19,23,27,21,19,12,16,10
40655,2,1,1986,0,23,15,21,18,22,17,27,29,11
40656,1,1,1986,25,25,25,25,25,25,25,25,25,25
40656,2,1,1986,0,0,0,0,0,0,0,0,0,0
40657,1,1,1986,7,39,11,22,16,12,0,18,12,13
40657,2,1,1986,0,0,0,0,0,0,0,0,0,0
40658,1,1,1986,18,18,18,18,18,18,18,18,18,18
40659,1,1,1986,13,23,19,16,15,9,0,13,2,17
40659,2,1,1986,0,16,0,17,0,0,0,18,18,0
40660,1,1,1986,9,0,0,0,0,0,0,0,0,0
40660,2,1,1986,7,0,0,0,0,0,0,0,0,0
40661,1,1,1986,0,0,0,0,0,0,0,0,0,0
40661,2,1,1986,0,0,0,0,0,0,0,0,0,0
40662,1,1,1986,0,0,0,0,7,27,26,19,8,5
40662,2,1,1986,0,0,0,0,0,0,0,0,0,0
40663,1,1,1986,22,13,22,12,13,15,3,7,9,19
40663,2,1,1986,8,0,0,0,0,0,0,0,0,0
40663,3,1,1986,0,0,0,0,0,0,0,0,0,0
40664,1,1,1986,13,3,5,11,6,9,8,16,6,0
40664,2,1,1986,20,0,0,29,13,11,5,9,14,12
40665,1,1,1986,31,12,4,21,3,11,7,16,20,7
40666,1,1,1986,0,0,0,0,0,0,0,0,0,0
40667,1,1,1986,0,0,0,0,0,0,0,0,0,0
40667,2,1,1986,0,16,18,0,0,0,0,16,0,0