ST_CASE,VEH_NO,PER_NO,YEAR,P1,P2,P3,P4,P5,P6,P7,P8,P9,P10
50356,1,1,1986,0,0,0,0,0,0,0,0,0,0
50356,2,1,1986,4,0,0,5,6,0,4,0,7,0
50357,1,1,1986,12,12,12,12,12,12,12,12,12,12
50358,1,1,1986,11,13,10,11,27,31,17,0,32,7
50359,1,1,1986,0,4,15,0,0,0,13,8,0,45
50359,2,1,1986,0,0,0,0,0,0,0,0,0,0
50360,1,1,1986,0,7,2,12,0,9,15,23,8,9
50360,2,1,1986,34,6,20,12,27,0,29,30,11,0
50361,1,1,1986,20,0,18,0,0,0,11,0,17,8
50362,1,1,1986,12,12,12,12,12,12,12,12,12,12
50363,1,1,1986,15,10,0,20,20,38,33,26,13,19
50364,1,1,1986,0,0,0,0,0,0,0,0,0,0
50364,2,1,1986,17,16,0,15,0,18,11,0,20,11
50365,1,1,1986,18,18,18,18,18,18,18,18,18,18
50366,1,1,1986,22,22,22,22,22,22,22,22,22,22
50367,1,1,1986,0,0,0,0,0,0,0,0,0,0
50367,2,1,1986,0,0,0,0,0,0,0,0,0,0
50368,1,1,1986,0,0,0,0,0,0,0,0,0,0
50369,1,1,1986,0,0,0,0,14,0,0,0,0,0
50369,2,1,1986,0,0,0,0,0,0,0,0,0,0
50370,1,1,1986,22,18,24,22,0,21,34,19,19,13
50371,1,1,1986,24,24,24,24,24,24,24,24,24,24
50372,1,1,1986,13,5,0,0,0,0,0,0,23,2
50372,2,1,1986,0,0,0,0,0,0,0,0,0,0
50373,0,1,1986,9,0,20,0,27,20,12,14,22,28
50373,1,1,1986,0,0,0,0,0,0,0,6,0,0
50374,1,1,1986,0,0,0,0,0,0,0,0,0,0
50375,1,1,1986,0,0,0,0,0,0,0,0,0,0
50375,2,1,1986,0,0,0,0,0,0,0,0,0,0
50376,1,1,1986,15,4,5,11,24,0,28,0,9,11
50376,2,1,1986,8,8,8,8,8,8,8,8,8,8
50377,1,1,1986,0,0,28,14,0,0,0,13,10,0
50377,2,1,1986,0,0,0,0,0,0,6,0,0,2
50378,1,1,1986,8,30,18,25,22,30,23,21,7,27
50379,1,1,1986,14,14,14,14,14,14,14,14,14,14
50379,2,1,1986,14,0,0,0,8,0,12,15,0,8
50380,1,1,1986,0,0,0,0,0,0,0,0,0,0
50380,2,1,1986,0,0,0,6,9,0,0,24,0,0
50380,3,1,1986,0,0,0,0,0,0,0,0,0,0
50381,1,1,1986,0,0,0,0,0,0,0,0,0,0
50381,2,1,1986,0,0,0,0,0,0,9,20,15,0
50382,1,1,1986,0,0,0,0,0,0,0,0,0,0
50382,2,1,1986,0,0,0,0,0,0,0,0,0,0
50383,1,1,1986,0,0,0,0,0,0,0,0,0,0
50383,2,1,1986,0,0,0,0,0,0,0,0,0,0
50384,1,1,1986,0,0,0,0,0,0,0,0,0,0
50385,1,1,1986,0,0,0,0,0,0,0,0,0,0
50386,1,1,1986,6,6,6,6,6,6,6,6,6,6
50387,0,1,1986,0,0,0,22,0,0,11,27,4,0
50387,1,1,1986,0,0,21,0,0,0,0,0,0,0
50388,1,1,1986,38,24,19,27,25,13,18,19,30,19
50389,1,1,1986,40,6,28,16,21,14,19,16,18,21
50390,0,1,1986,0,0,0,0,0,0,0,0,0,0
50390,1,1,1986,0,0,0,0,0,0,0,0,0,0
50391,0,1,1986,0,0,0,0,0,0,0,0,0,0
50391,0,2,1986,0,0,0,0,0,0,0,0,20,0
50391,1,1,1986,0,0,0,0,0,0,0,0,0,0
50392,1,1,1986,28,7,0,11,19,21,0,30,12,8
50392,2,1,1986,0,0,0,0,0,0,0,0,0,0
50393,1,1,1986,18,28,12,16,5,25,13,24,7,19
50394,1,1,1986,0,0,0,0,0,0,0,0,0,0
50394,2,1,1986,0,0,0,0,0,0,0,0,0,0
50395,1,1,1986,0,0,0,0,0,0,0,0,0,0
50395,2,1,1986,4,3,5,21,26,20,11,13,8,14
50396,1,1,1986,19,0,20,6,5,17,0,20,15,14
50397,1,1,1986,15,15,6,31,17,5,4,26,0,14
50398,1,1,1986,0,0,22,21,4,0,16,12,0,11
50399,1,1,1986,11,18,13,19,0,19,17,26,6,13
50399,2,1,1986,5,21,9,17,9,9,0,9,6,11
50400,1,1,1986,19,7,35,4,7,18,3,3,19,7
50401,0,1,1986,0,0,0,44,0,0,0,0,0,0
50401,0,2,1986,20,0,6,0,0,0,10,14,42,29
50401,1,1,1986,12,0,0,0,0,0,0,0,0,6
50402,0,1,1986,0,0,0,0,0,0,0,0,0,0
50402,1,1,1986,0,0,0,0,0,0,0,0,0,0
50403,0,1,1986,23,0,7,0,0,0,0,0,0,0
50403,1,1,1986,6,6,6,6,6,6,6,6,6,6
50404,0,1,1986,0,0,0,0,20,29,0,25,0,25
50404,1,1,1986,0,0,0,0,0,0,0,0,4,0
50405,1,1,1986,0,0,0,0,0,0,0,0,13,0
50405,2,1,1986,2,15,11,14,0,0,0,0,10,0
50408,1,1,1986,7,0,27,12,20,10,9,0,25,17
50408,2,1,1986,11,14,15,8,0,22,12,19,8,34
50409,0,1,1986,25,32,10,13,0,8,21,24,11,16
50409,1,1,1986,5,9,0,8,26,0,0,0,6,28
50410,1,1,1986,14,17,13,30,20,14,30,3,15,20
50411,1,1,1986,13,8,25,19,22,30,29,39,0,18
50412,1,1,1986,9,21,22,18,16,8,30,36,11,9
50413,1,1,1986,3,3,3,3,3,3,3,3,3,3
50414,1,1,1986,0,0,0,0,20,0,0,0,0,0
50414,2,1,1986,0,0,0,0,0,0,0,0,0,0
50415,1,1,1986,9,36,34,30,12,9,31,26,0,11
50416,1,1,1986,5,5,5,5,5,5,5,5,5,5
50417,1,1,1986,14,38,14,12,19,22,30,13,16,16
50418,1,1,1986,0,0,0,0,0,0,0,0,0,0
50418,2,1,1986,16,33,10,17,9,9,21,17,8,21
50419,0,1,1986,16,16,16,16,16,16,16,16,16,16
50419,1,1,1986,0,0,0,0,0,0,0,0,0,0
50420,1,1,1986,0,0,0,0,0,0,0,0,0,8
50420,2,1,1986,0,0,0,0,22,17,0,8,0,8
50421,1,1,1986,0,0,0,0,0,0,0,0,0,0
50421,2,1,1986,0,0,0,0,0,0,0,0,0,0
50422,1,1,1986,0,0,0,0,0,0,22,0,0,6
50423,1,1,1986,0,0,0,0,0,0,0,0,0,0
50423,2,1,1986,0,0,0,0,0,0,0,0,0,0
50424,1,1,1986,0,0,0,0,0,0,0,0,0,0
50425,1,1,1986,15,10,2,17,15,10,11,24,8,19
50426,1,1,1986,4,17,19,31,19,5,20,22,8,13
50427,1,1,1986,14,0,0,12,0,0,0,0,0,0
50428,1,1,1986,9,0,5,28,9,10,0,15,20,10
50428,2,1,1986,15,12,0,17,15,11,0,0,5,4
50429,1,1,1986,0,0,0,0,0,0,0,0,0,0
50429,2,1,1986,0,0,0,0,0,0,0,0,0,0
50430,1,1,1986,15,27,27,20,17,13,11,12,10,0
50430,2,1,1986,0,0,0,0,0,0,0,0,0,0
50431,1,1,1986,16,26,14,23,21,27,17,0,20,35
50432,1,1,1986,16,16,16,16,16,16,16,16,16,16
50432,2,1,1986,0,11,0,0,0,0,0,0,0,0
50432,3,1,1986,0,6,0,0,0,0,0,0,0,0
50433,1,1,1986,16,0,8,0,0,0,0,0,7,0
50433,2,1,1986,0,0,0,0,0,0,0,0,0,0
50434,1,1,1986,0,15,0,0,0,0,0,0,0,0
50435,1,1,1986,14,13,7,11,12,30,15,0,10,11
50436,1,1,1986,18,8,6,0,26,60,0,0,3,13
50437,1,1,1986,0,0,0,0,0,0,0,0,0,0
50437,2,1,1986,0,0,0,0,0,0,0,0,0,0
50439,1,1,1986,13,20,23,18,19,33,33,22,22,34
50439,2,1,1986,0,0,0,0,0,0,0,0,0,0
50440,0,1,1986,35,24,31,23,49,18,10,24,25,16
50440,1,1,1986,0,0,0,0,0,0,20,0,8,0
50441,1,1,1986,0,0,0,0,0,0,0,0,0,0
50441,2,1,1986,21,10,8,0,24,19,32,26,0,18
50442,1,1,1986,0,0,27,19,15,28,16,31,13,21
50442,2,1,1986,4,4,4,4,4,4,4,4,4,4
50442,3,1,1986,0,0,0,0,0,0,0,0,0,0
50443,1,1,1986,10,14,29,20,20,12,21,30,26,11
50443,2,1,1986,0,4,0,0,0,0,0,0,0,0
50444,1,1,1986,16,0,18,30,14,0,8,12,5,0
50445,1,1,1986,14,14,23,9,6,18,8,24,8,0
50445,2,1,1986,0,25,0,0,0,0,0,0,0,0
50445,3,1,1986,0,0,0,0,0,0,18,0,0,0
50446,1,1,1986,0,0,0,0,0,0,0,0,0,0
50446,2,1,1986,0,0,0,0,0,0,0,0,14,0
50447,1,1,1986,0,9,0,0,0,11,0,0,0,0
50447,2,1,1986,0,0,0,0,0,0,0,0,0,0
50448,1,1,1986,31,13,21,0,19,13,0,0,0,16
50449,1,1,1986,15,0,20,0,0,7,0,0,0,18
50450,1,1,1986,0,0,0,0,0,0,0,0,0,0
50450,2,1,1986,0,6,0,0,5,0,0,0,21,0
50451,0,1,1986,33,18,18,7,24,31,9,12,11,9
50451,1,1,1986,0,0,0,0,0,0,0,0,0,0
50452,1,1,1986,12,17,0,16,21,17,13,16,16,27
50453,1,1,1986,30,16,21,20,14,24,27,12,13,30
50454,1,1,1986,10,4,0,8,9,12,3,11,21,16
50455,1,1,1986,12,16,18,17,4,27,8,21,20,23
50456,1,1,1986,0,0,0,0,0,18,17,20,8,20
50457,1,1,1986,8,21,18,31,21,7,9,8,5,14
50458,1,1,1986,25,10,20,14,27,20,19,9,13,25
50458,2,1,1986,22,18,29,16,18,12,21,14,22,12
50459,1,1,1986,0,0,0,0,0,0,0,0,0,0
50460,0,1,1986,6,6,6,6,6,6,6,6,6,6
50460,1,1,1986,0,0,0,0,0,0,0,9,0,0
50461,1,1,1986,0,0,0,0,0,0,0,0,0,0
50461,2,1,1986,0,0,0,0,0,0,0,0,0,0
50462,1,1,1986,0,0,0,0,22,0,0,0,0,0
50462,2,1,1986,0,0,0,0,0,0,0,0,0,0
50464,0,1,1986,0,0,0,0,0,0,0,0,0,0
50464,1,1,1986,0,0,0,0,0,0,0,13,0,0
50465,1,1,1986,0,0,0,0,0,0,0,0,0,0
50465,2,1,1986,0,0,0,0,0,0,0,0,0,0
50466,0,1,1986,0,0,0,0,0,13,4,0,0,0
50466,1,1,1986,0,9,0,0,0,0,0,0,0,12
50467,1,1,1986,9,8,19,0,18,11,0,0,7,0
50467,2,1,1986,0,2,0,0,0,0,0,0,0,0
50469,1,1,1986,0,32,22,0,0,0,17,15,34,0
50469,2,1,1986,0,0,0,0,0,0,0,0,0,0
50470,1,1,1986,17,12,30,15,42,31,16,15,31,18
50471,1,1,1986,8,8,8,8,8,8,8,8,8,8
50472,1,1,1986,20,14,14,11,19,9,18,16,15,2
50472,2,1,1986,0,0,0,0,0,0,0,0,0,0
50473,1,1,1986,10,0,10,0,0,0,0,15,0,18
50473,2,1,1986,0,0,0,0,0,0,0,0,0,0
50474,1,1,1986,0,0,0,0,0,0,0,0,0,0
50474,2,1,1986,17,15,9,23,6,17,23,21,12,0
50475,1,1,1986,13,26,21,15,32,7,21,9,31,23
50476,0,1,1986,0,0,0,0,0,0,0,0,0,13
50476,1,1,1986,0,0,0,0,0,0,0,0,0,0
50477,1,1,1986,8,13,7,24,14,16,15,6,26,14
50478,1,1,1986,9,25,39,19,23,13,20,17,11,21
50479,1,1,1986,0,0,0,0,0,0,0,0,16,0
50480,1,1,1986,0,0,0,0,0,0,0,0,0,0
50481,1,1,1986,0,0,0,12,0,0,0,0,0,0
50482,1,1,1986,7,12,4,21,17,14,0,0,0,16
50483,1,1,1986,24,20,13,6,24,21,24,15,34,17
50484,1,1,1986,0,0,0,0,0,0,0,0,0,0
50484,2,1,1986,0,0,0,0,0,0,0,0,0,0
50485,0,1,1986,21,30,12,34,33,13,22,14,23,32
50485,1,1,1986,0,0,0,0,0,0,0,0,0,0
50486,1,1,1986,36,28,10,15,13,17,23,8,12,18
50487,1,1,1986,0,0,0,0,0,0,11,0,0,0
50487,2,1,1986,9,9,9,9,9,9,9,9,9,9
50488,1,1,1986,15,9,9,0,15,23,17,16,22,17
50489,1,1,1986,17,0,0,0,0,0,18,0,0,0
50490,1,1,1986,51,12,15,11,7,21,22,29,23,34
50491,1,1,1986,0,15,16,21,10,11,17,9,21,0
50492,1,1,1986,17,25,13,15,0,6,0,0,15,17
50492,2,1,1986,16,18,11,8,18,0,22,16,16,15
50493,1,1,1986,0,17,7,0,6,1,0,0,7,0
50494,0,1,1986,0,0,0,0,0,0,0,0,0,0
50494,1,1,1986,0,0,0,0,0,0,0,0,0,0
50495,1,1,1986,0,0,0,0,0,0,0,0,0,0
50495,2,1,1986,0,0,0,0,0,0,0,0,0,0
50495,3,1,1986,12,10,17,13,0,0,16,17,0,12
50496,1,1,1986,0,0,0,0,0,0,0,0,0,0
50497,1,1,1986,0,0,0,0,0,0,0,0,0,0
50497,2,1,1986,0,0,0,9,0,0,0,0,0,0
50498,0,1,1986,0,0,0,0,0,0,0,0,0,0
50498,1,1,1986,0,0,0,0,0,0,0,0,0,0
50499,1,1,1986,10,8,11,11,7,6,0,18,12,6
50499,2,1,1986,0,10,0,0,0,0,23,12,0,0
50500,1,1,1986,27,19,17,21,27,20,30,22,16,19
50501,1,1,1986,0,7,21,10,0,0,0,10,0,0
50501,2,1,1986,22,0,4,10,12,14,0,5,9,17
50502,0,1,1986,0,0,0,0,0,0,0,0,0,0
50502,1,1,1986,0,0,0,0,0,0,0,0,0,0
50503,1,1,1986,7,0,23,13,21,9,17,4,0,23
50504,1,1,1986,0,0,0,0,0,0,0,7,0,0
50504,2,1,1986,0,0,0,0,0,0,0,0,0,0
50505,1,1,1986,34,10,22,9,12,26,10,13,12,8
50506,1,1,1986,0,0,5,7,0,0,14,0,7,0
50507,1,1,1986,0,19,0,0,15,0,0,7,0,0
50508,1,1,1986,21,21,21,21,21,21,21,21,21,21
50509,1,1,1986,32,17,20,30,14,16,17,17,25,33
50510,1,1,1986,0,0,0,0,0,0,0,11,0,0
50510,2,1,1986,0,0,0,0,0,0,0,0,0,0
50511,1,1,1986,11,11,17,17,6,18,13,19,7,35
50512,1,1,1986,0,0,0,0,0,0,8,0,0,0
50513,0,1,1986,0,0,0,18,0,0,0,0,0,0
50514,1,1,1986,0,0,23,0,0,0,0,0,0,0
50514,2,1,1986,18,18,18,18,18,18,18,18,18,18
50515,1,1,1986,17,15,17,23,15,13,21,12,10,10
50516,1,1,1986,0,29,11,0,0,0,0,0,0,0
50516,2,1,1986,0,0,0,0,0,0,0,0,0,0
50517,1,1,1986,21,21,21,21,21,21,21,21,21,21
50518,1,1,1986,0,18,17,16,16,0,23,12,18,29
50518,2,1,1986,21,34,32,20,0,23,27,20,11,14
50519,1,1,1986,0,0,0,0,0,0,0,0,0,0
50519,2,1,1986,0,0,0,0,0,0,5,0,0,0
50520,1,1,1986,25,11,0,0,0,0,0,15,14,0
50521,1,1,1986,0,0,0,0,0,0,0,0,0,0
50521,2,1,1986,22,15,23,21,21,19,27,25,10,39
50522,1,1,1986,0,0,0,0,0,0,0,16,0,0
50522,2,1,1986,0,0,0,0,0,0,0,0,0,0
50523,0,1,1986,15,22,19,16,38,18,21,24,23,23
50523,1,1,1986,17,19,28,13,4,0,11,22,0,51
50524,0,1,1986,0,0,0,0,0,0,0,0,0,0
50524,1,1,1986,0,0,0,0,0,9,0,0,0,0
50525,0,1,1986,0,0,0,0,0,0,0,0,0,0
50525,1,1,1986,0,0,0,0,0,0,0,0,0,0
50526,1,1,1986,13,10,18,17,19,28,20,6,24,25
50527,1,1,1986,22,9,17,11,23,11,20,17,16,24
50528,1,1,1986,0,0,23,0,4,0,39,0,9,20
50529,1,1,1986,0,0,0,0,0,0,0,0,0,0
50529,2,1,1986,11,5,2,20,16,7,5,10,7,5
50529,3,1,1986,0,0,0,0,0,0,0,0,4,0
50530,1,1,1986,0,0,0,0,0,0,0,0,0,0
50530,2,1,1986,27,0,11,29,17,22,0,0,21,0
50531,1,1,1986,0,0,0,0,0,0,0,0,0,0
50532,1,1,1986,0,0,12,0,45,15,28,24,0,6
50533,1,1,1986,12,5,19,11,13,22,0,12,16,14
50533,2,1,1986,0,0,0,0,0,36,0,0,0,0
50534,1,1,1986,28,9,20,26,11,22,20,29,13,23
50535,1,1,1986,0,0,0,0,0,0,0,0,0,0
50536,1,1,1986,0,0,0,0,0,0,0,0,0,0
50536,2,1,1986,16,31,21,13,9,26,22,28,10,19
50537,1,1,1986,18,15,0,13,19,15,30,0,25,13
50537,2,1,1986,20,25,14,22,27,11,25,14,10,21
50538,1,1,1986,14,14,14,14,14,14,14,14,14,14
50539,1,1,1986,0,0,0,0,0,0,0,0,0,0
50539,2,1,1986,0,10,0,0,22,0,0,0,0,0
50540,1,1,1986,0,0,0,0,0,0,0,0,0,0
50540,2,1,1986,0,0,0,0,0,0,0,0,0,0
50540,3,1,1986,0,0,0,0,0,0,0,0,0,0
50540,4,1,1986,4,0,0,0,7,0,0,7,11,0
50541,0,1,1986,0,0,0,0,0,0,0,0,0,0
50541,1,1,1986,0,27,0,0,9,0,0,0,0,0
50542,1,1,1986,14,0,11,0,0,0,9,0,8,0
80001,1,1,1986,13,13,13,13,13,13,13,13,13,13
80002,1,1,1986,0,0,0,0,0,0,0,0,0,0
80002,2,1,1986,0,0,0,0,0,0,0,0,0,0
80003,1,1,1986,0,0,0,0,0,0,0,0,0,0
80004,1,1,1986,0,0,0,0,0,0,0,0,0,0
80004,2,1,1986,0,0,0,0,0,0,0,0,0,0
80004,3,1,1986,0,0,0,23,0,0,0,0,0,0
80005,1,1,1986,28,28,28,28,28,28,28,28,28,28
80006,1,1,1986,0,0,0,0,0,0,0,0,0,0
80007,0,1,1986,0,0,0,0,0,0,0,0,0,0
80007,0,2,1986,25,0,20,0,0,0,0,2,0,0
80007,1,1,1986,0,0,0,0,0,0,0,0,0,0
80008,1,1,1986,0,0,0,0,0,0,0,0,0,0
80009,1,1,1986,0,0,0,0,0,0,0,0,0,0
80009,2,1,1986,0,0,0,0,0,0,0,0,0,4
80009,3,1,1986,3,0,0,0,0,0,6,0,0,0
80010,1,1,1986,15,14,18,9,12,17,32,16,32,0
80011,0,1,1986,0,0,0,0,0,0,0,0,0,0
80012,1,1,1986,7,7,7,7,7,7,7,7,7,7
80012,2,1,1986,0,0,0,0,0,0,0,0,0,0
80013,1,1,1986,0,0,0,0,0,0,0,0,0,0
80013,2,1,1986,0,0,0,0,0,0,0,0,0,0
80014,1,1,1986,14,14,14,14,14,14,14,14,14,14
80015,1,1,1986,0,0,0,0,0,0,0,0,0,0
80016,1,1,1986,14,14,14,14,14,14,14,14,14,14
80017,1,1,1986,13,24,0,0,0,6,0,0,27,0
80018,0,1,1986,0,0,0,0,0,0,0,0,0,0
80018,1,1,1986,0,0,0,0,0,0,0,0,0,0
80019,1,1,1986,24,24,24,24,24,24,24,24,24,24
80020,1,1,1986,7,0,15,12,0,14,0,7,5,8
80021,1,1,1986,23,23,23,23,23,23,23,23,23,23
80022,1,1,1986,0,0,0,0,0,0,0,0,0,0
80023,1,1,1986,10,10,10,10,10,10,10,10,10,10
80023,2,1,1986,0,0,0,0,0,0,0,0,0,0
80023,3,1,1986,0,0,0,0,0,0,0,0,0,0
80023,4,1,1986,0,0,0,0,0,0,0,0,0,0
80024,0,1,1986,0,0,0,0,0,0,0,0,0,0
80024,1,1,1986,0,0,0,0,14,0,0,0,0,0
80025,1,1,1986,12,7,0,0,11,0,18,0,0,0
80025,2,1,1986,21,21,21,21,21,21,21,21,21,21
80026,1,1,1986,11,11,11,11,11,11,11,11,11,11
80027,0,1,1986,22,22,22,22,22,22,22,22,22,22
80027,1,1,1986,0,0,0,0,0,0,0,0,0,0
80028,1,1,1986,26,26,26,26,26,26,26,26,26,26
80028,2,1,1986,0,0,0,0,0,0,0,0,0,0
80029,1,1,1986,16,16,16,16,16,16,16,16,16,16
80030,1,1,1986,22,22,22,22,22,22,22,22,22,22
80031,1,1,1986,0,0,0,0,0,0,0,0,0,0
80031,2,1,1986,0,0,0,0,0,0,0,0,0,0
80031,3,1,1986,0,0,0,0,0,0,0,0,0,0
80032,0,1,1986,0,0,0,0,0,0,0,0,0,0
80032,1,1,1986,0,0,0,0,0,0,0,0,0,0
80033,0,1,1986,0,0,0,0,0,0,0,0,0,0
80033,1,1,1986,0,0,0,0,0,0,0,0,0,0
80034,1,1,1986,0,0,0,0,0,0,0,0,0,0
80034,2,1,1986,0,28,0,0,0,0,0,0,0,0
80035,1,1,1986,0,0,0,0,20,0,0,2,0,3
80036,1,1,1986,16,16,16,16,16,16,16,16,16,16
80037,0,1,1986,11,11,11,11,11,11,11,11,11,11
80037,1,1,1986,0,0,0,0,0,0,0,0,0,0
80038,1,1,1986,18,18,18,18,18,18,18,18,18,18
80039,0,1,1986,0,0,0,0,0,0,0,0,0,0
80039,1,1,1986,9,12,11,43,0,12,0,0,8,12
80039,2,1,1986,0,0,0,0,0,0,0,0,0,0
80040,1,1,1986,14,14,14,14,14,14,14,14,14,14
80041,1,1,1986,6,6,6,6,6,6,6,6,6,6
80042,1,1,1986,24,24,24,24,24,24,24,24,24,24
80043,1,1,1986,9,9,9,9,9,9,9,9,9,9
80044,0,1,1986,0,0,0,0,0,0,0,0,0,0
80044,1,1,1986,0,0,0,0,0,0,0,0,0,0
80045,1,1,1986,0,0,0,0,0,0,0,0,0,0
80045,2,1,1986,0,0,0,0,0,0,0,0,0,0
80046,0,1,1986,16,16,0,27,0,9,0,34,13,0
80046,1,1,1986,19,20,22,13,8,0,8,0,0,0
80047,1,1,1986,0,0,0,0,0,0,0,0,0,0
80047,2,1,1986,12,12,12,12,12,12,12,12,12,12
80048,1,1,1986,31,31,31,31,31,31,31,31,31,31
80049,1,1,1986,0,0,0,0,0,0,0,0,0,0
80049,2,1,1986,0,0,0,0,0,0,0,0,0,0
80050,1,1,1986,14,14,14,14,14,14,14,14,14,14
80050,2,1,1986,0,0,0,0,0,0,0,0,0,0
80051,1,1,1986,31,26,9,0,14,23,14,26,8,23
80051,2,1,1986,0,9,0,0,0,0,0,0,0,0
80052,1,1,1986,21,21,21,21,21,21,21,21,21,21
80053,1,1,1986,10,10,10,10,10,10,10,10,10,10
80054,0,1,1986,0,0,0,0,0,0,0,0,0,0
80054,1,1,1986,0,0,0,0,0,0,0,0,0,0
80055,1,1,1986,8,0,0,0,0,0,0,0,0,0
80056,0,1,1986,0,19,0,0,0,11,0,4,5,6
80056,1,1,1986,0,0,0,0,0,0,0,0,0,0
80057,1,1,1986,0,0,0,0,0,0,0,0,0,0
80057,2,1,1986,0,0,0,0,0,0,0,0,0,0
80058,1,1,1986,20,20,20,20,20,20,20,20,20,20
80059,1,1,1986,15,15,15,15,15,15,15,15,15,15
80059,2,1,1986,0,0,0,0,0,0,0,0,0,0
80060,1,1,1986,0,0,0,0,0,0,0,0,0,0
80060,2,1,1986,0,0,0,0,0,0,0,0,0,0
80061,1,1,1986,19,19,19,19,19,19,19,19,19,19
80062,1,1,1986,9,9,9,9,9,9,9,9,9,9
80063,1,1,1986,0,0,0,0,0,0,0,4,0,0
80063,2,1,1986,0,0,0,0,0,0,0,0,0,0
80063,3,1,1986,0,0,0,0,0,0,0,0,0,0
80064,1,1,1986,17,17,17,17,17,17,17,17,17,17
80065,1,1,1986,0,0,0,0,0,0,0,0,0,0
80065,2,1,1986,0,0,0,0,0,0,0,0,0,0
80066,1,1,1986,11,11,11,11,11,11,11,11,11,11
80067,1,1,1986,0,0,0,0,0,0,0,0,0,0
80068,1,1,1986,0,0,0,0,0,0,0,0,0,0
80068,2,1,1986,0,0,0,0,0,0,0,0,0,0
80069,0,1,1986,0,0,0,0,0,0,0,0,0,0
80069,0,2,1986,0,0,0,37,42,0,0,14,17,0
80069,1,1,1986,28,28,28,28,28,28,28,28,28,28
80070,1,1,1986,17,17,17,17,17,17,17,17,17,17
80071,1,1,1986,0,0,0,0,0,0,0,0,0,0
80071,2,1,1986,0,0,0,0,0,0,0,0,0,0
80072,1,1,1986,27,27,27,27,27,27,27,27,27,27
80073,1,1,1986,0,0,0,0,0,0,0,0,0,0
80074,1,1,1986,17,17,17,17,17,17,17,17,17,17
80075,1,1,1986,21,21,21,21,21,21,21,21,21,21
80075,2,1,1986,0,0,0,0,0,0,21,0,0,0
80076,1,1,1986,0,0,0,0,0,0,0,0,0,0
80076,2,1,1986,3,3,3,3,3,3,3,3,3,3
80077,1,1,1986,0,0,0,0,0,0,0,0,0,0
80078,0,1,1986,23,23,23,23,23,23,23,23,23,23
80078,1,1,1986,21,0,0,0,0,0,0,0,17,0
80079,0,1,1986,0,0,0,0,0,0,0,0,0,0
80079,1,1,1986,0,0,0,0,6,0,0,0,0,0
80080,1,1,1986,0,0,0,0,0,0,0,0,0,0
80080,2,1,1986,0,0,0,0,0,0,0,0,0,0
80081,0,1,1986,29,45,35,18,26,19,17,20,33,0
80081,0,2,1986,15,15,15,15,15,15,15,15,15,15
80081,0,3,1986,0,15,6,20,5,9,0,0,0,0
80081,1,1,1986,14,13,0,9,8,29,0,20,22,8
80081,2,1,1986,0,0,0,0,0,0,0,0,5,0
80082,1,1,1986,0,0,0,0,0,0,0,0,0,0
80083,1,1,1986,17,17,17,17,17,17,17,17,17,17
80084,1,1,1986,0,0,0,0,0,0,0,0,0,0
80085,1,1,1986,24,24,24,24,24,24,24,24,24,24
80086,1,1,1986,17,11,5,15,3,14,27,0,19,6
80087,1,1,1986,10,10,10,10,10,10,10,10,10,10
80088,1,1,1986,0,0,0,0,0,0,0,0,0,0
80088,2,1,1986,5,5,5,5,5,5,5,5,5,5
80089,1,1,1986,17,17,17,17,17,17,17,17,17,17
80090,1,1,1986,33,33,33,33,33,33,33,33,33,33
80090,2,1,1986,0,5,0,0,0,0,0,0,0,0
80090,3,1,1986,6,0,0,0,0,0,0,0,0,0
80091,1,1,1986,15,15,15,15,15,15,15,15,15,15
80092,0,1,1986,0,0,0,0,5,0,0,0,0,0
80092,1,1,1986,0,0,7,0,0,0,0,0,0,0
80093,1,1,1986,20,20,20,20,20,20,20,20,20,20
80093,2,1,1986,0,9,0,0,12,3,0,0,0,0
80094,1,1,1986,25,25,25,25,25,25,25,25,25,25
80095,0,1,1986,11,11,11,11,11,11,11,11,11,11
80095,1,1,1986,0,0,7,0,0,0,0,0,0,0
80096,1,1,1986,0,0,7,0,0,0,0,0,0,0
80096,2,1,1986,0,0,0,0,0,0,0,0,0,0
80097,1,1,1986,13,13,13,13,13,13,13,13,13,13
80098,1,1,1986,45,45,45,45,45,45,45,45,45,45
80098,2,1,1986,5,0,0,0,0,0,0,0,0,0
80099,1,1,1986,30,30,30,30,30,30,30,30,30,30
80099,2,1,1986,0,0,0,0,0,0,0,0,0,0
80100,1,1,1986,0,0,0,0,12,0,0,0,0,0
80101,1,1,1986,0,0,0,0,0,0,0,0,0,0
80101,2,1,1986,0,0,0,0,0,0,0,0,0,0
80101,3,1,1986,0,0,0,0,0,0,0,0,0,0
80102,1,1,1986,13,13,13,13,13,13,13,13,13,13
80102,2,1,1986,0,0,0,0,0,0,0,0,0,0
80103,0,1,1986,0,0,0,0,0,0,0,0,0,0
80103,1,1,1986,0,0,0,0,0,0,0,0,0,0
80104,1,1,1986,16,16,16,16,16,16,16,16,16,16
80105,1,1,1986,18,18,18,18,18,18,18,18,18,18
80105,2,1,1986,24,24,24,24,24,24,24,24,24,24
80106,1,1,1986,0,0,0,0,0,0,0,0,0,0
80107,1,1,1986,0,0,0,0,0,0,0,0,0,0
80108,1,1,1986,0,0,0,0,0,0,0,0,0,0
80109,1,1,1986,18,18,18,18,18,18,18,18,18,18
80110,1,1,1986,22,22,22,22,22,22,22,22,22,22
80111,0,1,1986,24,0,0,0,0,4,0,0,19,13
80111,1,1,1986,0,0,0,0,0,0,10,0,0,0