ST_CASE,VEH_NO,PER_NO,YEAR,P1,P2,P3,P4,P5,P6,P7,P8,P9,P10
80112,1,1,1986,0,0,0,0,0,0,0,0,0,0
80113,1,1,1986,15,15,15,15,15,15,15,15,15,15
80114,1,1,1986,17,10,8,13,21,11,0,0,7,0
80115,1,1,1986,27,27,27,27,27,27,27,27,27,27
80116,1,1,1986,0,0,0,0,0,0,0,0,0,0
80117,1,1,1986,22,22,22,22,22,22,22,22,22,22
80118,1,1,1986,25,25,25,25,25,25,25,25,25,25
80119,1,1,1986,0,26,0,0,0,0,0,0,0,0
80120,1,1,1986,20,20,20,20,20,20,20,20,20,20
80120,2,1,1986,0,4,0,10,20,0,0,13,9,16
80121,1,1,1986,0,0,0,0,0,0,0,0,0,0
80121,2,1,1986,0,0,0,0,0,0,0,0,0,0
80122,1,1,1986,23,23,23,23,23,23,23,23,23,23
80122,2,1,1986,0,0,0,0,0,0,0,0,0,0
80123,1,1,1986,37,37,37,37,37,37,37,37,37,37
80123,2,1,1986,0,0,0,0,0,0,0,0,0,0
80124,1,1,1986,28,28,28,28,28,28,28,28,28,28
80125,1,1,1986,0,0,0,0,0,0,0,0,4,0
80125,2,1,1986,0,0,0,0,0,0,0,0,0,0
80125,3,1,1986,0,0,0,0,0,0,0,0,0,0
80126,1,1,1986,17,17,17,17,17,17,17,17,17,17
80127,1,1,1986,9,9,9,9,9,9,9,9,9,9
80128,1,1,1986,17,17,17,17,17,17,17,17,17,17
80128,2,1,1986,0,10,0,0,0,13,0,0,0,0
80129,1,1,1986,18,18,18,18,18,18,18,18,18,18
80130,1,1,1986,11,11,11,11,11,11,11,11,11,11
80130,2,1,1986,0,0,0,0,0,0,0,0,0,0
80131,1,1,1986,0,0,0,0,0,0,0,0,0,0
80131,2,1,1986,0,0,0,0,0,0,0,0,0,0
80132,1,1,1986,15,15,15,15,15,15,15,15,15,15
80133,1,1,1986,0,0,0,0,0,0,0,0,0,0
80133,2,1,1986,0,0,0,0,0,0,0,0,0,0
80134,1,1,1986,13,13,13,13,13,13,13,13,13,13
80135,1,1,1986,0,0,0,0,0,0,0,0,0,0
80135,2,1,1986,0,0,0,0,0,0,0,0,0,0
80136,1,1,1986,6,6,6,6,6,6,6,6,6,6
80137,1,1,1986,11,11,11,11,11,11,11,11,11,11
80138,1,1,1986,19,19,19,19,19,19,19,19,19,19
80139,1,1,1986,21,21,21,21,21,21,21,21,21,21
80140,1,1,1986,12,12,12,12,12,12,12,12,12,12
80140,2,1,1986,12,12,12,12,12,12,12,12,12,12
80141,1,1,1986,0,0,0,0,0,0,0,0,0,0
80142,1,1,1986,0,0,0,0,0,0,0,0,0,0
80143,1,1,1986,15,15,15,15,15,15,15,15,15,15
80144,1,1,1986,0,0,0,0,0,0,0,0,0,0
80144,2,1,1986,25,0,0,0,0,21,15,0,0,0
80145,1,1,1986,0,0,0,0,0,0,0,0,0,0
80146,1,1,1986,0,0,0,0,0,0,0,0,0,0
80146,2,1,1986,0,0,0,0,0,0,0,0,0,0
80147,1,1,1986,7,0,10,19,0,0,0,12,0,23
80147,2,1,1986,0,0,0,0,0,0,0,5,0,0
80148,1,1,1986,16,16,16,16,16,16,16,16,16,16
80149,1,1,1986,11,11,11,11,11,11,11,11,11,11
80149,2,1,1986,0,0,0,0,0,0,0,0,0,0
80149,3,1,1986,0,0,0,0,0,0,0,0,0,0
80150,0,1,1986,20,16,29,12,16,25,0,0,17,19
80150,1,1,1986,0,0,0,0,0,0,0,0,0,0
80151,1,1,1986,16,16,16,16,16,16,16,16,16,16
80152,1,1,1986,28,28,28,28,28,28,28,28,28,28
80153,1,1,1986,18,18,18,18,18,18,18,18,18,18
80154,1,1,1986,20,20,20,20,20,20,20,20,20,20
80155,1,1,1986,0,0,0,0,0,0,18,0,0,0
80155,2,1,1986,0,0,0,0,0,0,0,0,0,0
80156,1,1,1986,0,0,0,0,0,0,0,0,0,0
80156,2,1,1986,0,0,0,0,0,0,0,0,0,0
80157,1,1,1986,35,15,10,26,18,2,19,8,21,7
80158,1,1,1986,30,30,30,30,30,30,30,30,30,30
80158,2,1,1986,0,0,10,0,0,0,0,0,0,0
80159,1,1,1986,10,12,7,24,15,0,6,3,6,0
80160,0,1,1986,20,20,20,20,20,20,20,20,20,20
80160,1,1,1986,1,1,1,1,1,1,1,1,1,1
80161,1,1,1986,11,11,11,11,11,11,11,11,11,11
80162,0,1,1986,0,0,0,0,0,0,0,0,0,0
80162,1,1,1986,0,0,0,0,0,0,0,0,0,0
80163,1,1,1986,0,0,0,0,0,0,0,0,0,14
80164,1,1,1986,7,7,7,7,7,7,7,7,7,7
80165,1,1,1986,0,0,0,0,0,0,0,0,0,0
80166,1,1,1986,12,12,12,12,12,12,12,12,12,12
80167,1,1,1986,33,33,33,33,33,33,33,33,33,33
80167,2,1,1986,0,0,0,0,0,0,0,0,0,0
80168,1,1,1986,0,0,0,0,0,0,0,0,0,0
80168,2,1,1986,0,0,0,0,0,0,0,0,0,0
80169,1,1,1986,1,1,1,1,1,1,1,1,1,1
80170,0,1,1986,0,0,0,0,0,0,0,0,0,0
80170,0,2,1986,24,14,9,0,18,0,0,0,0,0
80170,0,3,1986,0,0,0,0,0,0,0,0,0,0
80170,1,1,1986,0,0,0,0,0,0,0,0,0,0
80171,1,1,1986,37,37,37,37,37,37,37,37,37,37
80172,1,1,1986,24,24,24,24,24,24,24,24,24,24
80172,2,1,1986,13,13,13,13,13,13,13,13,13,13
80172,3,1,1986,0,0,0,0,10,0,0,0,0,0
80172,4,1,1986,22,22,22,22,22,22,22,22,22,22
80173,1,1,1986,12,12,12,12,12,12,12,12,12,12
80173,2,1,1986,6,6,6,6,6,6,6,6,6,6
80174,0,1,1986,0,0,0,0,0,0,0,0,0,0
80174,1,1,1986,0,0,0,0,0,0,0,0,0,0
80175,1,1,1986,25,25,25,25,25,25,25,25,25,25
80175,2,1,1986,0,0,0,0,0,0,0,0,0,0
80175,3,1,1986,0,0,0,0,0,0,0,0,0,0
80176,1,1,1986,0,0,0,0,0,0,0,0,0,0
80176,2,1,1986,0,0,0,0,0,0,0,0,0,0
80178,1,1,1986,16,16,16,16,16,16,16,16,16,16
80179,1,1,1986,24,24,24,24,24,24,24,24,24,24
80179,2,1,1986,0,0,0,0,0,0,0,0,0,11
80180,1,1,1986,22,22,22,22,22,22,22,22,22,22
80182,1,1,1986,21,21,21,21,21,21,21,21,21,21
80183,1,1,1986,2,2,2,2,2,2,2,2,2,2
80184,1,1,1986,15,13,15,17,10,7,24,0,16,10
80184,2,1,1986,0,0,0,0,0,0,0,0,0,0
80185,1,1,1986,13,13,13,13,13,13,13,13,13,13
80186,1,1,1986,0,0,0,15,0,0,0,0,0,0
80186,2,1,1986,0,0,0,0,0,0,0,0,0,0
80187,1,1,1986,17,17,17,17,17,17,17,17,17,17
80188,1,1,1986,0,0,0,0,0,0,0,0,0,0
80189,1,1,1986,0,0,0,0,0,15,0,0,0,0
80190,0,1,1986,39,39,39,39,39,39,39,39,39,39
80190,1,1,1986,0,0,0,0,0,0,0,0,0,0
80191,1,1,1986,15,15,15,15,15,15,15,15,15,15
80191,2,1,1986,5,5,5,5,5,5,5,5,5,5
80192,1,1,1986,24,24,24,24,24,24,24,24,24,24
80192,2,1,1986,0,0,0,0,15,0,0,0,0,0
80193,0,1,1986,0,0,0,0,0,0,0,0,0,0
80193,1,1,1986,3,3,3,3,3,3,3,3,3,3
80194,1,1,1986,14,14,14,14,14,14,14,14,14,14
80194,2,1,1986,0,0,0,0,0,0,0,0,0,0
80194,3,1,1986,0,0,0,0,0,10,10,0,5,18
80195,1,1,1986,16,16,16,16,16,16,16,16,16,16
80196,1,1,1986,0,0,0,0,0,0,0,0,0,0
80196,2,1,1986,0,0,0,0,0,0,6,0,13,0
80197,1,1,1986,24,24,24,24,24,24,24,24,24,24
80198,1,1,1986,29,29,29,29,29,29,29,29,29,29
80199,1,1,1986,0,0,0,0,0,0,0,0,0,0
80199,2,1,1986,0,0,0,0,0,0,0,0,0,0
80199,3,1,1986,0,0,0,0,0,0,0,0,0,0
80200,1,1,1986,2,2,2,2,2,2,2,2,2,2
80200,2,1,1986,10,10,10,10,10,10,10,10,10,10
80201,1,1,1986,0,0,0,0,19,0,0,0,32,0
80201,2,1,1986,0,0,0,0,0,0,0,0,0,0
80202,1,1,1986,24,24,24,24,24,24,24,24,24,24
80203,1,1,1986,0,0,5,0,0,0,27,12,0,18
80203,2,1,1986,0,0,0,0,0,0,0,0,0,0
80204,0,1,1986,0,0,0,0,0,0,0,0,0,0
80204,1,1,1986,28,28,28,28,28,28,28,28,28,28
80205,0,1,1986,22,22,22,22,22,22,22,22,22,22
80205,1,1,1986,15,15,15,15,15,15,15,15,15,15
80206,1,1,1986,0,0,0,0,0,0,0,0,0,0
80207,0,1,1986,0,0,0,0,0,0,0,0,0,0
80207,1,1,1986,0,0,0,0,0,0,0,0,0,0
80208,1,1,1986,30,30,30,30,30,30,30,30,30,30
80209,1,1,1986,0,0,0,0,0,0,0,0,0,0
80209,2,1,1986,0,0,0,0,0,0,0,0,0,0
80209,3,1,1986,0,0,0,0,0,0,0,0,0,0
80210,1,1,1986,11,11,11,11,11,11,11,11,11,11
80210,2,1,1986,1,1,1,1,1,1,1,1,1,1
80211,1,1,1986,9,9,9,9,9,9,9,9,9,9
80212,1,1,1986,0,0,0,0,0,0,0,0,0,0
80213,1,1,1986,0,0,0,0,0,0,0,0,0,0
80213,2,1,1986,0,0,0,0,0,0,0,0,0,0
80214,1,1,1986,8,8,8,8,8,8,8,8,8,8
80215,1,1,1986,0,0,0,0,0,0,0,0,0,0
80215,2,1,1986,0,0,10,0,0,0,0,0,0,0
80216,1,1,1986,0,0,16,0,0,3,0,0,0,16
80217,1,1,1986,0,0,0,0,0,0,0,0,0,0
80217,2,1,1986,0,0,0,0,0,0,0,0,0,0
80218,0,1,1986,0,0,0,0,0,0,0,0,0,0
80218,1,1,1986,0,0,0,0,0,0,0,0,0,0
80219,1,1,1986,0,0,0,0,0,0,0,0,0,0
80220,1,1,1986,0,0,0,0,0,0,0,0,12,0
80221,1,1,1986,17,17,17,17,17,17,17,17,17,17
80222,1,1,1986,0,0,0,0,0,0,0,0,0,0
80223,1,1,1986,23,28,14,16,21,0,10,50,8,35
80224,1,1,1986,8,6,5,0,16,11,7,21,12,0
80225,1,1,1986,25,25,25,25,25,25,25,25,25,25
80226,1,1,1986,0,0,0,0,0,0,0,0,0,0
80226,2,1,1986,5,12,0,0,0,0,0,0,0,0
80227,1,1,1986,0,0,0,0,0,0,0,0,0,0
80228,1,1,1986,22,22,22,22,22,22,22,22,22,22
80229,1,1,1986,12,12,12,12,12,12,12,12,12,12
80229,2,1,1986,14,0,0,22,19,0,0,26,0,0
80230,1,1,1986,20,10,15,29,16,5,18,17,21,17
80231,0,1,1986,0,0,0,0,0,0,0,0,0,0
80231,1,1,1986,9,9,9,9,9,9,9,9,9,9
80232,1,1,1986,1,1,1,1,1,1,1,1,1,1
80233,1,1,1986,0,0,0,0,0,0,0,0,0,0
80234,1,1,1986,17,17,17,17,17,17,17,17,17,17
80235,1,1,1986,11,11,11,11,11,11,11,11,11,11
80235,2,1,1986,0,0,0,0,0,0,0,0,0,0
80237,1,1,1986,0,0,0,0,0,0,0,0,0,0
80237,2,1,1986,0,0,0,0,0,0,0,0,0,0
80238,0,1,1986,33,33,33,33,33,33,33,33,33,33
80238,1,1,1986,15,15,15,15,15,15,15,15,15,15
80239,1,1,1986,0,0,0,0,0,0,0,0,0,0
80240,1,1,1986,0,0,0,0,0,0,0,0,0,0
80240,2,1,1986,0,0,0,0,0,0,0,0,0,0
80241,1,1,1986,0,0,0,0,0,0,0,0,0,0
80241,2,1,1986,0,0,0,0,0,0,0,0,0,0
80242,1,1,1986,14,14,14,14,14,14,14,14,14,14
80243,1,1,1986,0,0,0,0,0,0,0,0,0,0
80243,2,1,1986,0,0,0,0,0,0,0,0,0,0
80244,1,1,1986,0,0,0,0,0,0,0,0,0,0
80245,1,1,1986,8,8,8,8,8,8,8,8,8,8
80246,1,1,1986,0,0,0,0,0,0,0,0,0,0
80247,0,1,1986,20,20,20,20,20,20,20,20,20,20
80247,1,1,1986,17,22,11,9,17,11,7,7,29,10
80248,1,1,1986,0,0,0,0,0,0,0,0,0,0
80248,2,1,1986,0,0,0,0,0,0,0,0,0,0
80249,1,1,1986,0,0,0,0,0,14,0,0,0,0
80250,1,1,1986,27,27,27,27,27,27,27,27,27,27
80250,2,1,1986,0,0,0,0,0,0,0,0,0,0
80251,1,1,1986,17,17,17,17,17,17,17,17,17,17
80252,1,1,1986,11,11,11,11,11,11,11,11,11,11
80252,2,1,1986,0,0,0,0,0,0,0,0,0,0
80253,1,1,1986,16,16,16,16,16,16,16,16,16,16
80254,1,1,1986,16,16,16,16,16,16,16,16,16,16
80255,1,1,1986,16,16,16,16,16,16,16,16,16,16
80256,1,1,1986,0,0,0,0,0,0,0,0,0,0
80257,0,1,1986,0,0,0,0,0,0,0,0,0,0
80257,1,1,1986,0,0,0,0,0,0,0,0,0,0
80258,1,1,1986,22,27,13,25,14,26,16,15,26,18
80259,1,1,1986,3,3,3,3,3,3,3,3,3,3
80260,1,1,1986,27,27,27,27,27,27,27,27,27,27
80260,2,1,1986,0,0,0,0,0,0,0,0,0,0
80261,1,1,1986,10,10,10,10,10,10,10,10,10,10
80262,1,1,1986,0,0,0,0,0,0,0,0,0,0
80263,1,1,1986,15,15,15,15,15,15,15,15,15,15
80264,1,1,1986,0,0,0,0,0,0,0,0,0,0
80265,1,1,1986,18,18,18,18,18,18,18,18,18,18
80266,1,1,1986,22,22,22,22,22,22,22,22,22,22
80266,2,1,1986,0,0,0,0,0,0,0,0,0,0
80267,1,1,1986,22,22,22,22,22,22,22,22,22,22
80268,1,1,1986,0,0,0,0,12,0,0,0,0,0
80268,2,1,1986,0,23,21,17,0,0,21,18,31,6
80269,1,1,1986,0,0,0,8,17,0,0,0,18,0
80270,1,1,1986,25,25,25,25,25,25,25,25,25,25
80270,2,1,1986,0,0,0,0,0,0,0,0,0,0
80271,1,1,1986,25,25,25,25,25,25,25,25,25,25
80272,1,1,1986,12,12,12,12,12,12,12,12,12,12
80272,2,1,1986,0,0,0,0,0,0,0,0,0,0
80273,1,1,1986,12,12,12,12,12,12,12,12,12,12
80274,1,1,1986,0,0,0,0,0,13,0,0,0,0
80274,2,1,1986,24,22,18,21,0,0,6,12,18,18
80275,1,1,1986,22,22,22,22,22,22,22,22,22,22
80275,2,1,1986,5,0,0,4,0,0,0,0,0,13
80276,1,1,1986,6,6,6,6,6,6,6,6,6,6
80277,1,1,1986,24,24,24,24,24,24,24,24,24,24
80277,2,1,1986,0,0,0,0,0,0,0,0,0,0
80278,1,1,1986,27,27,27,27,27,27,27,27,27,27
80279,1,1,1986,6,6,6,6,6,6,6,6,6,6
80279,2,1,1986,0,0,0,0,0,0,0,0,0,0
80279,3,1,1986,0,0,0,30,0,0,0,0,0,0
80280,1,1,1986,20,20,20,20,20,20,20,20,20,20
80280,2,1,1986,0,0,0,0,0,0,0,0,0,0
80281,1,1,1986,0,0,0,0,0,0,0,5,0,0
80282,0,1,1986,28,9,24,18,28,39,14,23,44,20
80282,1,1,1986,8,8,8,8,8,8,8,8,8,8
80283,0,1,1986,0,0,0,0,0,0,0,0,0,0
80283,1,1,1986,3,0,0,0,0,0,0,0,0,0
80284,1,1,1986,0,4,12,0,0,0,0,0,0,0
80285,0,1,1986,4,4,4,4,4,4,4,4,4,4
80285,0,2,1986,0,0,0,0,0,0,0,0,0,0
80285,1,1,1986,0,0,0,0,0,0,0,0,0,0
80286,1,1,1986,18,18,18,18,18,18,18,18,18,18
80287,1,1,1986,6,6,6,6,6,6,6,6,6,6
80287,2,1,1986,0,0,0,0,0,0,0,0,0,0
80288,1,1,1986,14,14,14,14,14,14,14,14,14,14
80289,1,1,1986,2,2,2,2,2,2,2,2,2,2
80289,2,1,1986,0,0,0,0,0,0,0,0,0,0
80290,1,1,1986,18,18,18,18,18,18,18,18,18,18
80290,2,1,1986,0,0,0,0,0,0,0,0,0,0
80291,1,1,1986,20,20,20,20,20,20,20,20,20,20
80292,1,1,1986,16,16,16,16,16,16,16,16,16,16
80293,1,1,1986,0,0,0,0,0,0,0,0,0,0
80293,2,1,1986,0,0,0,0,0,0,0,0,0,0
80293,3,1,1986,0,0,0,0,0,0,0,0,0,0
80294,1,1,1986,0,0,0,0,0,0,0,0,0,0
80294,2,1,1986,0,0,0,0,0,0,0,0,0,0
80295,1,1,1986,6,6,6,6,6,6,6,6,6,6
80295,2,1,1986,7,7,7,7,7,7,7,7,7,7
80296,1,1,1986,0,0,0,0,0,0,0,0,0,0
80297,1,1,1986,13,13,13,13,13,13,13,13,13,13
80298,1,1,1986,24,24,24,24,24,24,24,24,24,24
80299,1,1,1986,0,0,0,0,0,0,0,0,0,0
80299,2,1,1986,0,0,0,0,0,0,0,0,0,0
80299,3,1,1986,0,0,0,0,0,0,0,0,0,0
80300,1,1,1986,2,2,2,2,2,2,2,2,2,2
80300,2,1,1986,0,0,0,0,0,0,0,9,0,0
80301,1,1,1986,0,0,0,0,0,0,0,0,0,0
80301,2,1,1986,0,2,6,0,0,0,0,0,0,0
80303,0,1,1986,0,0,0,0,23,0,0,0,7,21
80303,1,1,1986,0,0,0,0,0,0,0,0,0,0
80304,0,1,1986,24,24,24,24,24,24,24,24,24,24
80304,1,1,1986,0,0,0,0,0,0,0,0,0,0
80305,1,1,1986,0,0,0,0,0,0,0,0,0,0
80306,1,1,1986,24,24,24,24,24,24,24,24,24,24
80307,1,1,1986,19,19,19,19,19,19,19,19,19,19
80308,1,1,1986,0,0,0,0,0,0,0,0,0,0
80309,1,1,1986,0,0,0,0,0,0,0,0,0,0
80310,1,1,1986,43,43,43,43,43,43,43,43,43,43
80310,2,1,1986,0,0,0,0,0,0,0,0,0,0
80311,1,1,1986,19,21,15,0,0,5,13,0,0,18
80312,1,1,1986,0,0,0,0,0,0,0,0,0,0
80312,2,1,1986,0,0,0,0,0,0,0,0,0,0
80313,1,1,1986,23,23,23,23,23,23,23,23,23,23
80314,1,1,1986,17,17,17,17,17,17,17,17,17,17
80315,1,1,1986,13,13,13,13,13,13,13,13,13,13
80315,2,1,1986,0,0,0,0,0,0,0,0,0,0
80316,0,1,1986,0,9,3,0,0,0,18,0,0,22
80316,1,1,1986,0,0,0,0,0,0,0,0,0,0
80317,1,1,1986,0,0,0,0,0,0,0,0,0,0
80317,2,1,1986,0,0,0,0,0,0,0,0,0,0
80318,1,1,1986,0,0,0,0,0,0,0,0,0,0
80318,2,1,1986,0,0,0,0,0,0,0,0,0,0
80319,1,1,1986,0,0,0,0,0,0,0,0,0,0
80319,2,1,1986,0,0,0,0,0,0,0,0,0,0
80320,1,1,1986,12,12,12,12,12,12,12,12,12,12
80321,1,1,1986,0,0,0,0,0,0,0,0,0,0
80322,1,1,1986,0,0,0,0,0,0,0,0,0,0
80322,2,1,1986,0,0,0,0,0,0,0,0,6,0
80323,0,1,1986,0,0,0,0,0,0,0,0,0,0
80323,1,1,1986,0,0,0,6,0,0,0,0,0,0
80324,0,1,1986,0,0,0,0,0,0,0,0,0,0
80324,1,1,1986,0,0,0,0,0,0,0,0,0,0
80325,0,1,1986,0,0,0,0,0,0,0,0,0,0
80325,1,1,1986,0,0,0,0,0,0,0,0,0,0
80326,1,1,1986,0,0,0,0,0,0,0,0,0,0
80326,2,1,1986,0,0,0,0,0,0,0,0,0,0
80327,1,1,1986,19,19,19,19,19,19,19,19,19,19
80328,1,1,1986,22,22,22,22,22,22,22,22,22,22
80329,1,1,1986,0,0,0,0,0,0,0,0,0,0
80329,2,1,1986,0,0,0,0,0,0,13,0,0,0
80329,3,1,1986,0,0,0,0,0,0,0,0,0,0
80330,1,1,1986,0,14,0,0,0,14,30,12,0,0
80331,1,1,1986,27,27,27,27,27,27,27,27,27,27
80332,1,1,1986,11,18,0,7,31,0,17,5,13,19
80333,1,1,1986,1,1,1,1,1,1,1,1,1,1
80333,2,1,1986,0,0,0,0,0,0,0,0,0,0
80334,1,1,1986,0,0,0,0,0,0,0,0,0,0
80334,2,1,1986,0,0,0,0,0,0,0,0,0,0
80334,3,1,1986,11,0,0,0,0,0,0,0,0,0
80335,1,1,1986,2,2,2,2,2,2,2,2,2,2
80335,2,1,1986,0,0,0,0,0,0,0,0,0,0
80336,1,1,1986,11,11,11,11,11,11,11,11,11,11
80337,1,1,1986,20,20,20,20,20,20,20,20,20,20
80338,1,1,1986,8,18,0,0,14,0,14,0,14,19
80338,2,1,1986,0,0,0,0,0,0,0,0,0,0
80338,3,1,1986,0,0,0,0,0,0,0,0,0,0
80339,1,1,1986,22,22,22,22,22,22,22,22,22,22
80339,2,1,1986,0,0,0,0,0,0,0,0,0,0
80340,0,1,1986,29,25,13,30,32,24,24,22,18,40
80340,1,1,1986,0,25,0,0,0,0,0,0,10,17
80341,1,1,1986,0,0,0,0,0,0,0,0,0,0
80341,2,1,1986,0,0,0,0,0,0,0,0,0,0
80342,0,1,1986,20,20,20,20,20,20,20,20,20,20
80342,1,1,1986,0,0,14,29,0,6,0,21,18,0
80343,1,1,1986,0,0,0,0,0,0,0,0,0,0
80344,1,1,1986,10,10,10,10,10,10,10,10,10,10
80345,1,1,1986,4,4,4,4,4,4,4,4,4,4
80346,1,1,1986,14,14,14,14,14,14,14,14,14,14
80346,2,1,1986,16,0,0,0,0,0,0,0,0,0
80347,1,1,1986,7,7,7,7,7,7,7,7,7,7
80348,1,1,1986,13,13,13,13,13,13,13,13,13,13
80348,2,1,1986,5,5,5,5,5,5,5,5,5,5
80349,1,1,1986,0,0,0,0,0,0,0,0,0,0
80350,1,1,1986,0,0,0,0,0,0,0,0,0,0
80350,2,1,1986,0,0,0,0,0,0,0,0,0,0
80351,1,1,1986,13,13,13,13,13,13,13,13,13,13
80352,1,1,1986,13,13,13,13,13,13,13,13,13,13
80353,1,1,1986,0,0,8,23,0,27,16,0,0,0
80354,1,1,1986,0,0,0,0,0,0,0,0,0,0
80355,0,1,1986,0,0,0,0,0,0,0,0,0,0
80355,1,1,1986,0,0,0,0,0,0,0,0,0,11
80356,1,1,1986,0,0,0,0,0,0,19,0,0,0
80357,1,1,1986,23,23,23,23,23,23,23,23,23,23
80358,1,1,1986,0,0,0,0,0,0,0,0,0,0
80358,2,1,1986,0,0,0,0,0,0,0,0,0,0
80359,1,1,1986,0,0,0,0,0,0,0,0,0,0
80360,1,1,1986,12,12,12,12,12,12,12,12,12,12
80361,1,1,1986,22,22,22,22,22,22,22,22,22,22
80362,1,1,1986,0,0,0,0,0,0,0,0,0,0
80363,1,1,1986,0,0,0,0,0,0,0,0,0,0
80364,1,1,1986,17,17,17,17,17,17,17,17,17,17
80365,1,1,1986,13,13,13,13,13,13,13,13,13,13
80366,1,1,1986,9,9,9,9,9,9,9,9,9,9
80367,1,1,1986,13,13,13,13,13,13,13,13,13,13
80367,2,1,1986,0,0,0,0,0,0,0,0,0,0
80368,1,1,1986,0,0,0,0,0,0,0,0,0,0
80368,2,1,1986,0,0,0,0,0,0,0,0,0,0
80369,1,1,1986,0,0,0,0,0,0,0,0,0,0
80370,1,1,1986,0,0,0,0,8,0,0,0,0,0
80370,2,1,1986,0,0,0,0,0,0,0,0,0,0
80371,1,1,1986,21,21,21,21,21,21,21,21,21,21
80372,1,1,1986,0,3,0,0,0,0,0,0,0,0
80373,1,1,1986,0,0,0,0,0,0,0,0,0,0
80374,1,1,1986,0,0,0,0,0,0,0,0,0,0
80375,1,1,1986,0,0,0,0,0,0,0,0,0,0
80375,2,1,1986,0,0,0,0,0,0,0,0,0,0
80376,1,1,1986,22,22,22,22,22,22,22,22,22,22
80377,1,1,1986,14,14,14,14,14,14,14,14,14,14
80378,1,1,1986,29,29,29,29,29,29,29,29,29,29
80378,2,1,1986,0,0,0,0,0,8,0,0,0,0
80379,1,1,1986,14,14,14,14,14,14,14,14,14,14
80379,2,1,1986,0,0,0,0,0,0,0,0,0,0
80380,1,1,1986,15,15,15,15,15,15,15,15,15,15
80380,2,1,1986,9,9,9,9,9,9,9,9,9,9
80381,1,1,1986,0,0,0,0,0,0,0,0,0,0
80382,1,1,1986,0,0,0,0,0,0,0,0,0,0
80382,2,1,1986,0,0,0,0,0,0,0,0,0,0
80382,3,1,1986,0,0,0,0,0,0,0,0,0,0
80383,1,1,1986,24,24,24,24,24,24,24,24,24,24
80384,1,1,1986,5,5,5,5,5,5,5,5,5,5
80385,1,1,1986,0,0,0,0,0,0,0,0,0,0
80386,1,1,1986,17,17,17,17,17,17,17,17,17,17
80387,1,1,1986,0,0,0,0,0,0,0,0,0,0
80387,2,1,1986,0,0,0,0,0,0,0,0,0,0
80388,1,1,1986,0,0,0,0,0,0,0,0,0,0
80389,1,1,1986,5,5,5,5,5,5,5,5,5,5
80390,0,1,1986,40,40,40,40,40,40,40,40,40,40
80390,1,1,1986,5,16,12,19,19,17,0,16,4,11
80391,1,1,1986,9,9,9,9,9,9,9,9,9,9
80391,2,1,1986,0,0,0,0,0,0,0,0,0,0
80392,1,1,1986,31,31,31,31,31,31,31,31,31,31
80392,2,1,1986,0,0,0,0,0,0,0,0,0,0
80392,3,1,1986,0,12,0,10,0,0,0,0,0,0
80393,0,1,1986,0,0,0,0,0,0,0,0,0,0
80393,1,1,1986,4,0,0,0,0,0,6,0,0,0
80394,0,1,1986,0,0,0,0,0,0,0,0,0,0
80394,1,1,1986,0,0,0,0,0,0,0,20,0,0
80395,0,1,1986,16,0,0,0,0,37,18,16,0,16
80395,1,1,1986,0,0,0,0,0,0,0,0,0,0
80396,0,1,1986,1,16,11,11,16,12,13,25,6,15
80396,1,1,1986,0,14,0,0,0,0,2,0,0,3
80397,1,1,1986,0,0,0,0,0,0,0,0,0,0
80397,2,1,1986,0,0,0,0,0,0,0,0,0,0
80398,1,1,1986,0,0,0,0,0,0,0,0,0,0
80398,2,1,1986,0,0,0,0,0,0,0,0,0,0
80399,1,1,1986,22,22,22,22,22,22,22,22,22,22
80399,2,1,1986,16,0,16,23,18,10,9,19,15,12
80400,1,1,1986,25,25,25,25,25,25,25,25,25,25
80401,1,1,1986,2,2,2,2,2,2,2,2,2,2
80401,2,1,1986,0,6,0,0,0,0,28,11,0,4
80402,1,1,1986,0,0,0,0,0,0,0,0,0,0
80403,1,1,1986,0,0,0,0,0,0,0,0,0,0
80404,1,1,1986,4,21,6,12,10,23,12,16,21,14
80405,1,1,1986,0,0,10,0,0,12,0,0,18,0
80406,1,1,1986,0,0,0,0,0,0,0,0,0,0
80406,2,1,1986,0,0,0,0,0,0,0,0,0,0
80407,1,1,1986,0,0,0,0,0,0,0,0,0,0
80408,1,1,1986,0,0,0,0,0,0,0,0,0,0
80409,1,1,1986,22,22,22,22,22,22,22,22,22,22
80410,1,1,1986,0,0,0,0,0,0,0,0,0,0
80411,1,1,1986,0,0,0,15,0,0,0,0,0,0
80412,0,1,1986,1,1,1,1,1,1,1,1,1,1
80412,1,1,1986,0,0,0,0,0,0,0,0,0,0
80413,1,1,1986,28,28,28,28,28,28,28,28,28,28
80413,2,1,1986,0,12,3,0,0,0,0,13,0,0
80414,1,1,1986,20,20,20,20,20,20,20,20,20,20
80415,1,1,1986,0,0,0,0,0,0,0,0,0,0
80416,1,1,1986,13,13,13,13,13,13,13,13,13,13
80416,2,1,1986,41,41,41,41,41,41,41,41,41,41
80417,1,1,1986,0,0,0,0,0,0,0,0,0,0
80418,1,1,1986,0,0,0,0,0,0,0,0,0,0
80418,2,1,1986,0,0,10,0,7,0,15,0,0,15
80418,3,1,1986,0,0,0,0,0,0,0,0,0,0