ST_CASE,VEH_NO,PER_NO,YEAR,P1,P2,P3,P4,P5,P6,P7,P8,P9,P10
90197,1,1,1986,0,0,0,0,0,0,0,0,0,0
90197,2,1,1986,10,10,10,10,10,10,10,10,10,10
90198,1,1,1986,0,0,0,0,0,0,0,0,0,0
90198,2,1,1986,0,0,0,0,0,0,0,0,0,0
90199,1,1,1986,17,13,10,17,7,0,16,0,7,9
90200,1,1,1986,0,0,0,2,11,16,0,29,0,0
90200,2,1,1986,10,10,10,10,10,10,10,10,10,10
90201,1,1,1986,12,20,24,22,12,18,13,5,10,27
90201,2,1,1986,0,16,0,0,0,0,0,0,0,0
90201,3,1,1986,3,3,3,3,3,3,3,3,3,3
90202,0,1,1986,0,0,0,0,0,0,0,0,0,0
90202,0,2,1986,0,0,0,0,0,0,0,0,0,0
90202,1,1,1986,16,16,16,16,16,16,16,16,16,16
90203,1,1,1986,0,0,0,0,0,0,0,0,0,0
90204,1,1,1986,0,0,0,0,0,0,0,0,0,0
90205,1,1,1986,0,0,0,0,0,0,0,0,0,0
90205,2,1,1986,0,0,0,0,0,0,0,0,0,0
90206,1,1,1986,12,19,15,9,17,25,11,20,17,24
90207,1,1,1986,29,29,29,29,29,29,29,29,29,29
90208,1,1,1986,11,11,11,11,11,11,11,11,11,11
90209,0,1,1986,0,0,0,0,0,0,0,0,0,0
90209,1,1,1986,14,19,9,16,0,0,27,6,0,0
90210,1,1,1986,0,0,0,0,0,0,0,0,0,0
90210,2,1,1986,0,0,0,0,0,0,0,0,0,0
90210,3,1,1986,0,0,0,0,0,0,0,0,0,0
90211,1,1,1986,12,11,19,13,20,20,4,0,28,12
90212,1,1,1986,0,0,0,0,0,0,0,16,0,18
90213,1,1,1986,5,5,5,5,5,5,5,5,5,5
90213,2,1,1986,14,14,14,14,14,14,14,14,14,14
90214,1,1,1986,11,11,11,11,11,11,11,11,11,11
90215,1,1,1986,22,22,22,22,22,22,22,22,22,22
90215,2,1,1986,0,0,0,0,0,0,0,0,0,0
90216,1,1,1986,0,0,0,0,0,0,0,0,0,0
90216,2,1,1986,20,20,20,20,20,20,20,20,20,20
90217,1,1,1986,2,2,2,2,2,2,2,2,2,2
90217,2,1,1986,0,0,0,0,0,4,0,0,0,19
90218,1,1,1986,0,0,0,0,0,0,0,0,0,0
90218,2,1,1986,0,0,0,0,0,0,0,0,0,0
90219,0,1,1986,0,0,0,0,0,0,0,0,0,0
90219,1,1,1986,12,0,11,11,19,15,11,0,11,39
90220,1,1,1986,16,16,16,16,16,16,16,16,16,16
90220,2,1,1986,25,25,25,25,25,25,25,25,25,25
90221,1,1,1986,0,0,0,0,0,0,0,0,0,0
90221,2,1,1986,0,3,0,0,0,0,0,0,0,0
90222,1,1,1986,14,14,14,14,14,14,14,14,14,14
90222,2,1,1986,0,0,0,0,3,7,0,0,0,0
90222,3,1,1986,0,13,0,0,0,13,0,0,0,16
90223,1,1,1986,16,16,16,16,16,16,16,16,16,16
90223,2,1,1986,0,29,0,12,19,0,0,0,0,0
90224,1,1,1986,20,20,20,20,20,20,20,20,20,20
90225,1,1,1986,0,0,0,0,0,0,0,0,0,0
90225,2,1,1986,0,28,0,0,0,0,0,16,0,22
90226,1,1,1986,21,21,21,21,21,21,21,21,21,21
90227,1,1,1986,38,38,38,38,38,38,38,38,38,38
90228,1,1,1986,21,21,21,21,21,21,21,21,21,21
90229,1,1,1986,14,4,12,18,7,8,17,17,18,4
90230,0,1,1986,0,0,0,0,0,0,0,0,0,0
90230,1,1,1986,0,0,0,0,0,0,6,0,0,0
90231,1,1,1986,11,11,11,11,11,11,11,11,11,11
90232,1,1,1986,0,18,0,0,7,9,0,0,0,0
90232,2,1,1986,16,19,0,18,17,0,0,26,0,5
90233,0,1,1986,16,16,16,16,16,16,16,16,16,16
90233,1,1,1986,0,0,0,0,0,21,0,0,0,0
90234,1,1,1986,23,23,23,23,23,23,23,23,23,23
90234,2,1,1986,0,0,0,0,0,0,0,0,0,0
90235,1,1,1986,0,0,0,0,0,0,0,0,0,0
90235,2,1,1986,0,0,0,0,0,0,0,0,0,0
90237,1,1,1986,0,0,0,0,0,0,0,0,0,0
90238,1,1,1986,0,0,0,0,0,0,0,0,0,0
90238,2,1,1986,17,17,17,17,17,17,17,17,17,17
90239,0,1,1986,0,0,0,0,0,0,0,0,0,0
90239,0,2,1986,0,0,0,0,0,0,0,0,0,0
90239,1,1,1986,0,0,0,0,0,0,0,0,0,0
90240,1,1,1986,17,17,17,17,17,17,17,17,17,17
90240,2,1,1986,0,0,0,0,0,0,0,0,0,0
90241,1,1,1986,0,14,0,0,0,0,0,10,0,0
90242,1,1,1986,0,0,21,0,0,0,0,0,0,0
90242,2,1,1986,18,18,18,18,18,18,18,18,18,18
90243,1,1,1986,29,29,29,29,29,29,29,29,29,29
90244,1,1,1986,7,7,7,7,7,7,7,7,7,7
90245,1,1,1986,10,10,10,10,10,10,10,10,10,10
90245,2,1,1986,0,8,19,0,0,0,0,0,0,0
90246,1,1,1986,0,9,0,0,0,0,0,0,0,0
90246,2,1,1986,18,15,4,8,26,11,17,18,9,26
90247,0,1,1986,0,0,0,0,0,0,20,31,0,0
90247,1,1,1986,0,0,0,11,0,8,0,0,0,4
90248,1,1,1986,25,25,25,25,25,25,25,25,25,25
90249,1,1,1986,0,0,0,0,0,0,0,0,0,0
90250,1,1,1986,18,18,18,18,18,18,18,18,18,18
90251,1,1,1986,15,15,15,15,15,15,15,15,15,15
90251,2,1,1986,0,0,0,0,0,0,0,0,0,0
90252,1,1,1986,0,0,0,0,0,0,0,0,0,0
90253,0,1,1986,0,0,0,0,0,0,0,0,0,0
90253,1,1,1986,17,17,17,17,17,17,17,17,17,17
90253,2,1,1986,0,2,0,0,0,0,0,0,0,0
90254,0,1,1986,0,0,0,0,0,0,0,0,0,0
90254,2,1,1986,0,0,0,0,0,0,0,0,0,0
90255,0,1,1986,0,0,16,0,0,0,0,0,0,0
90255,1,1,1986,0,0,0,0,0,0,0,0,0,0
90256,1,1,1986,29,0,26,16,4,0,0,0,14,12
90257,1,1,1986,24,24,24,24,24,24,24,24,24,24
90258,0,1,1986,0,0,0,0,0,0,0,0,0,0
90258,1,1,1986,0,0,0,0,0,0,0,0,0,0
90259,0,1,1986,10,10,10,10,10,10,10,10,10,10
90259,1,1,1986,0,0,16,0,0,12,0,0,0,0
90260,0,1,1986,0,0,0,0,0,0,0,0,0,0
90260,1,1,1986,0,0,0,0,0,15,0,0,0,0
90261,1,1,1986,10,10,10,10,10,10,10,10,10,10
90262,0,1,1986,0,0,0,0,0,0,0,0,0,0
90262,1,1,1986,6,6,6,6,6,6,6,6,6,6
90263,1,1,1986,22,22,22,22,22,22,22,22,22,22
90264,1,1,1986,6,18,9,20,13,0,20,13,4,20
90265,1,1,1986,0,0,0,0,0,0,0,0,0,0
90265,2,1,1986,0,0,0,0,0,0,5,0,0,0
90266,1,1,1986,17,17,17,17,17,17,17,17,17,17
90267,1,1,1986,0,0,0,0,0,0,0,0,0,0
90267,2,1,1986,0,0,0,11,19,0,0,0,0,0
90267,3,1,1986,0,0,0,0,0,20,0,0,0,0
90267,4,1,1986,0,0,0,0,0,0,0,0,0,0
90268,1,1,1986,5,5,5,5,5,5,5,5,5,5
90268,2,1,1986,23,23,23,23,23,23,23,23,23,23
90269,0,1,1986,0,0,0,0,0,0,0,0,0,0
90269,0,2,1986,0,0,0,0,0,0,0,0,0,0
90269,1,1,1986,0,0,0,0,0,0,0,0,0,0
90270,1,1,1986,19,19,19,19,19,19,19,19,19,19
90271,1,1,1986,8,8,8,8,8,8,8,8,8,8
90272,0,1,1986,37,37,37,37,37,37,37,37,37,37
90272,1,1,1986,0,0,0,0,0,0,0,0,0,14
90272,2,1,1986,6,0,0,0,0,6,0,0,0,0
90273,1,1,1986,7,7,7,7,7,7,7,7,7,7
90273,2,1,1986,0,0,0,0,0,0,0,0,0,2
90274,1,1,1986,20,20,20,20,20,20,20,20,20,20
90275,1,1,1986,0,0,0,0,0,0,0,0,0,0
90275,2,1,1986,0,0,0,0,0,0,0,0,0,0
90276,1,1,1986,0,0,0,0,0,0,0,0,11,0
90277,1,1,1986,0,0,0,0,0,0,11,0,0,0
90277,2,1,1986,0,0,0,0,0,0,0,0,0,0
90277,3,1,1986,0,0,0,0,0,0,0,0,0,0
90278,1,1,1986,30,30,30,30,30,30,30,30,30,30
90279,1,1,1986,24,24,24,24,24,24,24,24,24,24
90280,1,1,1986,29,29,29,29,29,29,29,29,29,29
90281,1,1,1986,18,15,18,11,26,0,13,14,27,6
90282,1,1,1986,24,24,24,24,24,24,24,24,24,24
90283,1,1,1986,14,0,5,16,17,16,8,18,21,17
90283,2,1,1986,0,0,0,0,0,0,0,0,0,0
90284,1,1,1986,22,22,22,22,22,22,22,22,22,22
90285,0,1,1986,0,0,0,0,0,0,0,0,0,0
90285,1,1,1986,0,0,0,0,0,0,0,0,0,0
90286,1,1,1986,22,22,22,22,22,22,22,22,22,22
90287,1,1,1986,20,20,20,20,20,20,20,20,20,20
90288,1,1,1986,0,0,0,0,0,0,0,0,0,0
90289,1,1,1986,17,21,17,20,12,19,35,9,6,0
90290,1,1,1986,13,13,13,13,13,13,13,13,13,13
90291,1,1,1986,22,22,22,22,22,22,22,22,22,22
90292,1,1,1986,0,0,0,0,0,0,0,0,0,0
90292,2,1,1986,4,4,4,4,4,4,4,4,4,4
90293,1,1,1986,0,0,0,0,0,0,0,0,0,0
90293,2,1,1986,0,0,0,0,0,0,0,0,0,0
90293,3,1,1986,0,0,9,0,0,0,0,0,0,0
90294,1,1,1986,0,0,0,0,0,0,0,0,0,0
90294,2,1,1986,0,0,0,0,0,0,0,0,0,0
90294,3,1,1986,0,0,0,0,7,0,0,0,0,0
90295,1,1,1986,0,0,0,0,12,6,0,0,0,0
90296,1,1,1986,0,0,0,0,0,0,0,0,0,0
90296,2,1,1986,0,0,0,0,0,0,0,0,0,0
90297,1,1,1986,27,27,27,27,27,27,27,27,27,27
90298,0,1,1986,0,0,0,0,0,0,0,0,0,0
90298,1,1,1986,0,0,0,0,0,0,0,0,0,0
90299,1,1,1986,0,0,0,0,0,0,0,0,0,0
90300,0,1,1986,7,7,7,7,7,7,7,7,7,7
90300,1,1,1986,0,0,0,0,0,0,0,0,0,0
90301,1,1,1986,0,0,0,0,0,0,0,0,0,0
90302,1,1,1986,0,0,0,0,0,0,0,0,0,0
90302,2,1,1986,0,0,0,0,0,0,0,0,0,0
90303,1,1,1986,26,26,26,26,26,26,26,26,26,26
90304,1,1,1986,15,15,15,15,15,15,15,15,15,15
90305,1,1,1986,1,1,1,1,1,1,1,1,1,1
90305,2,1,1986,6,6,6,6,6,6,6,6,6,6
90306,0,1,1986,0,0,0,0,0,0,0,0,0,0
90306,1,1,1986,7,6,0,0,12,0,0,0,0,0
90307,1,1,1986,6,0,11,0,0,24,6,0,0,0
90307,2,1,1986,17,25,28,4,0,0,15,21,25,6
90308,1,1,1986,10,10,10,10,10,10,10,10,10,10
90308,2,1,1986,9,9,9,9,9,9,9,9,9,9
90309,1,1,1986,0,0,0,19,0,0,0,6,0,0
90310,0,1,1986,0,0,0,0,0,0,0,0,0,0
90310,1,1,1986,0,0,0,0,0,0,0,0,0,0
90311,0,1,1986,0,0,0,0,0,0,0,0,0,0
90311,0,2,1986,0,0,0,0,0,0,0,0,0,0
90311,1,1,1986,16,0,8,0,0,0,0,0,0,0
90312,1,1,1986,24,0,11,18,32,13,0,13,0,0
90312,2,1,1986,0,0,0,0,0,0,0,0,0,0
90313,1,1,1986,8,8,8,8,8,8,8,8,8,8
90314,0,1,1986,0,0,0,0,0,0,0,0,0,0
90314,0,2,1986,22,0,0,0,8,0,0,0,0,8
90314,1,1,1986,14,14,14,14,14,14,14,14,14,14
90315,1,1,1986,0,0,0,0,0,0,0,0,0,0
90316,1,1,1986,22,22,22,22,22,22,22,22,22,22
90317,0,1,1986,0,0,0,0,0,0,0,0,0,0
90317,1,1,1986,0,21,0,22,27,0,17,0,0,0
90318,1,1,1986,0,0,0,0,0,0,0,0,0,0
90318,2,1,1986,0,0,0,0,0,0,0,0,0,0
90319,1,1,1986,20,14,17,18,0,16,17,15,14,17
90320,1,1,1986,3,3,3,3,3,3,3,3,3,3
90321,1,1,1986,0,15,24,19,18,22,0,0,0,0
90322,1,1,1986,22,22,22,22,22,22,22,22,22,22
90322,2,1,1986,7,0,0,0,0,14,0,0,0,0
90323,1,1,1986,9,9,9,9,9,9,9,9,9,9
90323,2,1,1986,0,21,0,0,0,0,17,0,11,0
90324,0,1,1986,0,0,0,0,0,0,4,0,10,27
90324,1,1,1986,0,0,0,0,0,0,0,0,0,0
90325,1,1,1986,0,0,0,0,0,0,0,0,0,0
90326,1,1,1986,0,0,0,0,0,0,0,0,0,0
90327,1,1,1986,2,2,2,2,2,2,2,2,2,2
90327,2,1,1986,0,0,0,0,0,0,0,0,0,0
90327,3,1,1986,0,18,6,0,0,0,0,0,16,0
90328,0,1,1986,0,6,0,0,0,0,0,0,0,0
90328,1,1,1986,0,0,0,0,0,0,0,0,0,13
90329,1,1,1986,23,0,0,0,0,15,33,23,21,0
90330,1,1,1986,28,28,28,28,28,28,28,28,28,28
90330,2,1,1986,0,0,0,0,0,0,0,0,0,0
90331,1,1,1986,0,0,0,0,0,0,0,0,0,0
90332,1,1,1986,0,0,0,0,0,0,0,0,0,0
90332,2,1,1986,0,0,0,0,8,0,3,0,9,0
90333,1,1,1986,7,7,7,7,7,7,7,7,7,7
90334,1,1,1986,0,0,0,0,0,0,0,0,0,0
90335,1,1,1986,0,0,0,0,0,0,0,0,0,0
90335,2,1,1986,0,0,0,0,0,0,0,0,0,0
90336,1,1,1986,12,12,12,12,12,12,12,12,12,12
90337,1,1,1986,13,13,13,13,13,13,13,13,13,13
90337,2,1,1986,0,0,0,0,16,0,0,0,0,0
90338,1,1,1986,0,0,0,0,0,0,0,0,0,0
90338,2,1,1986,13,13,13,13,13,13,13,13,13,13
90339,1,1,1986,0,0,0,0,0,0,0,0,8,0
90339,2,1,1986,0,0,0,0,0,0,0,0,0,0
90340,0,1,1986,0,0,0,0,0,0,0,21,0,0
90340,1,1,1986,0,0,0,0,4,0,9,0,0,0
90341,1,1,1986,11,11,11,11,11,11,11,11,11,11
90341,2,1,1986,2,0,9,5,37,8,13,20,18,19
90342,1,1,1986,0,0,0,0,0,0,0,0,0,0
90343,1,1,1986,0,0,0,0,0,0,0,0,0,0
90343,2,1,1986,0,0,0,0,0,0,0,0,0,0
90344,1,1,1986,16,16,16,16,16,16,16,16,16,16
90344,2,1,1986,12,10,12,0,0,0,14,0,27,0
90345,1,1,1986,0,0,0,0,0,0,0,0,0,0
90345,2,1,1986,0,0,0,0,0,0,0,18,0,0
90346,0,1,1986,0,0,0,0,0,0,0,0,0,0
90346,1,1,1986,0,0,0,0,0,0,0,0,0,0
90347,1,1,1986,0,11,0,29,8,24,0,12,0,9
90347,2,1,1986,17,17,17,17,17,17,17,17,17,17
90348,1,1,1986,18,18,18,18,18,18,18,18,18,18
90349,1,1,1986,8,8,8,8,8,8,8,8,8,8
90350,1,1,1986,0,0,0,0,0,0,0,0,0,0
90350,2,1,1986,0,0,0,0,0,0,0,0,0,0
90351,1,1,1986,14,9,13,29,2,13,0,22,3,13
90352,1,1,1986,0,0,0,0,0,0,0,0,0,0
90352,2,1,1986,18,18,18,18,18,18,18,18,18,18
90353,1,1,1986,0,0,0,0,0,0,0,0,0,0
90354,1,1,1986,0,0,0,0,0,0,0,0,0,0
90354,2,1,1986,6,6,6,6,6,6,6,6,6,6
90355,1,1,1986,0,0,0,0,0,0,0,0,0,0
90356,1,1,1986,0,0,0,0,0,0,0,0,0,0
90356,2,1,1986,0,0,0,0,0,0,0,0,0,0
90357,1,1,1986,0,0,0,15,0,0,0,0,0,0
90357,2,1,1986,0,0,0,0,0,0,0,0,0,0
90358,0,1,1986,12,12,12,12,12,12,12,12,12,12
90358,1,1,1986,0,0,0,0,0,0,0,0,0,0
90359,0,1,1986,0,0,0,0,0,0,0,0,0,0
90359,1,1,1986,0,0,0,0,0,0,0,0,17,0
90359,2,1,1986,0,0,0,0,0,6,0,0,0,0
90360,0,1,1986,27,27,27,27,27,27,27,27,27,27
90360,1,1,1986,12,12,12,12,12,12,12,12,12,12
90361,1,1,1986,0,0,0,10,0,0,0,0,13,0
90361,2,1,1986,0,0,0,0,0,0,0,0,0,0
90361,3,1,1986,0,0,0,0,0,0,0,0,0,0
90362,1,1,1986,0,0,0,0,0,0,0,0,14,0
90362,2,1,1986,0,0,0,0,0,0,0,0,0,0
90363,1,1,1986,18,18,18,18,18,18,18,18,18,18
90363,2,1,1986,0,0,0,0,0,0,0,0,0,0
90364,1,1,1986,0,0,0,0,0,0,0,0,0,0
90365,1,1,1986,0,0,0,0,0,0,0,0,0,0
90365,2,1,1986,16,22,25,22,5,9,18,9,24,0
90366,1,1,1986,21,11,0,14,16,6,10,13,10,30
90366,2,1,1986,0,0,0,0,0,0,0,0,0,0
90367,1,1,1986,14,14,14,14,14,14,14,14,14,14
90368,1,1,1986,0,0,0,0,0,0,0,0,0,0
90368,2,1,1986,0,0,0,0,0,0,0,0,0,0
90369,0,1,1986,17,17,17,17,17,17,17,17,17,17
90369,1,1,1986,0,0,11,0,0,14,0,0,0,0
90370,1,1,1986,23,23,23,23,23,23,23,23,23,23
90371,1,1,1986,19,19,19,19,19,19,19,19,19,19
90372,1,1,1986,17,0,36,0,0,11,0,0,0,0
90372,2,1,1986,0,0,0,0,0,0,0,0,0,0
90373,1,1,1986,0,0,0,0,0,0,0,0,0,0
90373,2,1,1986,0,0,0,0,0,0,0,0,15,0
90374,1,1,1986,17,17,17,17,17,17,17,17,17,17
90375,1,1,1986,2,19,19,11,34,12,18,11,18,14
90376,0,1,1986,0,0,0,11,0,0,0,0,0,22
90376,1,1,1986,0,0,0,0,0,0,4,0,0,0
90376,2,1,1986,0,0,0,0,0,7,0,15,0,0
90377,0,1,1986,7,7,7,7,7,7,7,7,7,7
90377,1,1,1986,0,0,0,0,0,18,0,0,0,0
90378,0,1,1986,19,19,19,19,19,19,19,19,19,19
90378,1,1,1986,22,22,22,22,22,22,22,22,22,22
90379,1,1,1986,22,22,22,22,22,22,22,22,22,22
90380,1,1,1986,5,12,0,15,0,0,0,0,17,0
90380,2,1,1986,0,0,0,0,0,0,0,0,0,0
90381,1,1,1986,0,0,18,0,9,9,0,19,0,0
90382,1,1,1986,0,0,0,0,0,0,0,0,0,0
90382,2,1,1986,0,0,0,0,0,0,0,0,0,0
90383,1,1,1986,0,0,0,0,0,0,0,0,0,0
90384,1,1,1986,0,0,0,0,0,0,0,0,0,0
90385,1,1,1986,6,19,9,22,0,12,0,8,14,9
90385,2,1,1986,0,0,0,0,0,0,0,0,0,0
90386,1,1,1986,0,0,0,0,0,0,0,0,0,0
90387,1,1,1986,0,0,0,0,0,0,0,0,0,0
90387,2,1,1986,0,0,0,0,0,0,0,0,0,0
90389,1,1,1986,0,0,19,0,0,0,31,7,0,28
90390,1,1,1986,9,9,9,9,9,9,9,9,9,9
90392,1,1,1986,0,0,0,0,0,0,0,0,0,0
90392,2,1,1986,0,0,0,0,0,0,0,0,0,0
90392,3,1,1986,0,0,0,0,0,0,0,0,0,18
90393,1,1,1986,0,0,0,0,0,0,0,0,0,0
90393,2,1,1986,0,0,0,0,0,0,0,0,0,0
90394,0,1,1986,0,0,0,0,0,0,0,0,0,0
90394,1,1,1986,20,20,20,20,20,20,20,20,20,20
90395,1,1,1986,13,13,13,13,13,13,13,13,13,13
90397,1,1,1986,16,13,11,9,4,11,7,8,10,16
90398,1,1,1986,0,0,0,0,2,0,0,0,0,0
90399,1,1,1986,24,24,24,24,24,24,24,24,24,24
90400,1,1,1986,8,0,21,0,9,38,0,0,0,12
90401,0,1,1986,0,0,0,0,0,0,0,0,0,0
90401,1,1,1986,3,3,3,3,3,3,3,3,3,3
90402,1,1,1986,0,0,0,0,0,0,0,0,0,0
90403,0,1,1986,19,19,19,19,19,19,19,19,19,19
90403,1,1,1986,0,0,0,18,5,0,24,0,0,0
90404,1,1,1986,13,13,13,13,13,13,13,13,13,13
90405,1,1,1986,0,0,0,0,0,0,0,0,0,0
90405,2,1,1986,0,0,0,0,0,0,0,0,0,0
90406,1,1,1986,0,0,0,0,0,0,0,0,0,0
90407,1,1,1986,7,7,7,7,7,7,7,7,7,7
90408,1,1,1986,0,0,0,0,0,0,0,0,0,0
90408,2,1,1986,0,0,0,0,0,0,0,0,0,0
90409,0,1,1986,0,0,0,0,0,0,0,0,0,0
90409,1,1,1986,9,0,0,0,0,0,14,0,0,0
90410,0,1,1986,0,16,0,15,0,0,0,0,0,0
90410,0,2,1986,30,0,0,0,0,0,0,0,0,0
90410,1,1,1986,0,5,21,19,0,0,0,18,0,0
90410,2,1,1986,0,5,8,12,24,0,0,0,0,6
90411,1,1,1986,22,22,22,22,22,22,22,22,22,22
90412,1,1,1986,0,0,0,0,0,0,0,0,0,0
90413,1,1,1986,7,19,0,22,0,8,30,0,0,0
90413,2,1,1986,0,0,0,0,18,0,10,0,0,0
90414,1,1,1986,20,20,20,20,20,20,20,20,20,20
90415,0,1,1986,15,15,15,15,15,15,15,15,15,15
90415,1,1,1986,0,0,0,0,0,0,0,0,0,0
90416,1,1,1986,0,0,0,0,0,0,0,0,0,0
90417,1,1,1986,7,7,7,7,7,7,7,7,7,7
90417,2,1,1986,10,10,10,10,10,10,10,10,10,10
90418,0,1,1986,0,0,0,0,0,0,0,0,0,0
90418,1,1,1986,10,10,10,10,10,10,10,10,10,10
90419,1,1,1986,0,0,0,0,0,0,0,0,0,0
90420,0,1,1986,0,0,0,0,0,0,0,0,0,0
90420,2,1,1986,0,0,0,0,0,0,0,0,0,0
90421,1,1,1986,19,19,19,19,19,19,19,19,19,19
90422,1,1,1986,0,0,0,12,12,15,0,12,3,29
90423,1,1,1986,0,0,0,0,0,15,0,0,0,0
90424,1,1,1986,0,0,0,0,0,0,0,0,0,0
90425,0,1,1986,2,2,2,2,2,2,2,2,2,2
90425,1,1,1986,2,2,2,2,2,2,2,2,2,2
90426,1,1,1986,0,0,0,0,0,0,0,0,0,0
90426,2,1,1986,0,0,0,0,0,0,0,0,0,0
90427,0,1,1986,0,0,0,0,0,0,0,0,0,11
90427,1,1,1986,0,0,0,0,0,0,0,0,0,27
90428,0,1,1986,0,0,0,0,0,0,0,0,0,0
90428,1,1,1986,0,11,16,26,22,12,21,10,8,4
90429,1,1,1986,25,25,25,25,25,25,25,25,25,25
90429,2,1,1986,0,0,0,0,0,0,0,0,0,0
90430,0,1,1986,0,0,0,0,0,0,0,0,0,0
90430,1,1,1986,0,0,0,0,0,0,0,0,0,0
90430,2,1,1986,0,0,10,0,0,0,23,0,0,0
90431,1,1,1986,6,6,6,6,6,6,6,6,6,6
90432,1,1,1986,16,4,8,7,39,20,19,0,24,3
90433,0,1,1986,0,0,0,0,0,0,0,0,0,0
90433,1,1,1986,0,0,7,0,0,0,0,0,0,0
90434,0,1,1986,0,32,29,17,17,0,47,24,20,0
90434,1,1,1986,17,0,0,0,0,15,0,0,0,0
90436,1,1,1986,0,0,0,0,0,0,0,0,0,0
90436,2,1,1986,0,0,0,0,0,0,0,0,0,0
90437,1,1,1986,14,14,14,14,14,14,14,14,14,14
100002,1,1,1986,22,22,22,22,22,22,22,22,22,22
100003,1,1,1986,0,0,0,0,0,0,0,0,0,0
100003,2,1,1986,0,0,0,0,0,0,0,0,0,0
100005,1,1,1986,15,15,15,15,15,15,15,15,15,15
100006,1,1,1986,34,34,34,34,34,34,34,34,34,34
100007,1,1,1986,0,0,0,0,0,0,0,0,0,0
100007,2,1,1986,0,0,0,0,0,0,0,0,0,0
100008,1,1,1986,0,0,0,0,0,0,0,0,0,0
100008,2,1,1986,0,0,0,0,0,0,0,3,0,0
100008,3,1,1986,0,0,0,0,0,0,0,0,0,0
100008,4,1,1986,16,16,16,16,16,16,16,16,16,16
100009,1,1,1986,0,0,0,0,0,0,0,0,0,0
100010,1,1,1986,0,0,0,0,0,0,0,0,0,0
100010,2,1,1986,0,0,0,0,0,0,0,0,0,0
100011,1,1,1986,6,6,6,6,6,6,6,6,6,6
100012,1,1,1986,0,0,0,0,0,0,0,0,0,0
100013,0,1,1986,31,31,31,31,31,31,31,31,31,31
100013,1,1,1986,0,0,0,0,0,0,0,0,0,0
100014,1,1,1986,0,0,0,0,0,0,0,0,0,0
100015,1,1,1986,0,0,0,0,0,0,0,0,0,0
100015,2,1,1986,0,0,0,0,0,0,0,0,0,0
100016,1,1,1986,26,26,26,26,26,26,26,26,26,26
100016,2,1,1986,0,0,0,0,0,0,0,0,0,0
100017,1,1,1986,0,0,0,0,0,0,0,0,0,0
100017,2,1,1986,0,0,0,0,0,0,0,0,0,0
100018,1,1,1986,0,0,0,0,0,0,0,0,0,0
100018,2,1,1986,0,0,0,0,0,0,0,0,0,0
100019,1,1,1986,14,14,14,14,14,14,14,14,14,14
100019,2,1,1986,21,21,21,21,21,21,21,21,21,21
100020,1,1,1986,4,4,4,4,4,4,4,4,4,4
100020,2,1,1986,23,23,23,23,23,23,23,23,23,23
100021,1,1,1986,30,30,30,30,30,30,30,30,30,30
100022,1,1,1986,18,18,18,18,18,18,18,18,18,18
100024,0,1,1986,0,0,0,0,0,0,0,0,0,0
100024,1,1,1986,0,0,0,0,0,0,0,0,0,0
100025,1,1,1986,21,21,21,21,21,21,21,21,21,21
100027,0,1,1986,0,0,0,0,0,0,0,0,0,0
100027,1,1,1986,0,0,0,0,0,0,0,0,0,0
100028,1,1,1986,0,0,0,0,0,0,0,0,0,0
100029,1,1,1986,36,36,36,36,36,36,36,36,36,36
100030,1,1,1986,0,0,0,0,0,0,0,0,0,0
100030,2,1,1986,0,0,0,0,0,0,0,0,0,0
100030,3,1,1986,0,0,0,0,0,0,0,0,0,0
100031,1,1,1986,1,1,1,1,1,1,1,1,1,1
100031,2,1,1986,0,0,0,0,0,0,0,0,0,0
100032,1,1,1986,17,17,17,17,17,17,17,17,17,17
100033,1,1,1986,0,0,0,0,0,0,0,0,0,0
100034,1,1,1986,0,0,0,0,0,0,0,0,0,0
100035,1,1,1986,20,20,20,20,20,20,20,20,20,20
100035,2,1,1986,23,23,23,23,23,23,23,23,23,23
100036,1,1,1986,0,0,0,0,0,4,14,0,0,0
100036,2,1,1986,0,0,0,0,0,0,0,0,0,0
100037,1,1,1986,22,22,22,22,22,22,22,22,22,22
100037,2,1,1986,0,0,0,0,0,0,0,0,0,0
100038,0,1,1986,0,0,0,0,0,0,0,0,0,0
100038,1,1,1986,0,0,0,0,0,0,0,0,0,0
100038,2,1,1986,15,15,15,15,15,15,15,15,15,15
100039,0,1,1986,29,29,29,29,29,29,29,29,29,29
100039,1,1,1986,0,0,0,0,0,0,0,0,0,0
100040,1,1,1986,2,2,2,2,2,2,2,2,2,2
100041,1,1,1986,0,0,0,0,0,0,0,0,0,0
100042,1,1,1986,0,0,0,0,0,0,0,0,0,0
100042,2,1,1986,25,25,25,25,25,25,25,25,25,25
100043,1,1,1986,7,7,7,7,7,7,7,7,7,7
100044,1,1,1986,0,0,0,0,0,0,0,0,0,0
100044,2,1,1986,23,23,23,23,23,23,23,23,23,23
100045,0,1,1986,0,0,0,0,0,0,0,0,0,0
100045,1,1,1986,0,0,0,0,0,0,0,0,0,0
100046,1,1,1986,0,0,0,0,0,0,0,0,0,0
100047,1,1,1986,2,2,2,2,2,2,2,2,2,2
100047,2,1,1986,20,20,20,20,20,20,20,20,20,20
100047,3,1,1986,0,0,0,0,0,0,0,0,0,0
100048,0,1,1986,0,0,0,0,0,0,0,0,0,0
100048,1,1,1986,0,0,0,0,0,0,0,0,0,0
100049,1,1,1986,21,21,21,21,21,21,21,21,21,21
100050,1,1,1986,22,22,22,22,22,22,22,22,22,22