ST_CASE,VEH_NO,PER_NO,YEAR,P1,P2,P3,P4,P5,P6,P7,P8,P9,P10
100051,1,1,1986,0,0,0,0,0,0,0,0,0,0
100051,2,1,1986,0,0,0,0,0,0,0,0,0,0
100052,1,1,1986,0,0,0,0,0,0,0,0,0,0
100052,2,1,1986,0,0,0,0,0,0,0,0,0,0
100053,1,1,1986,5,5,5,5,5,5,5,5,5,5
100054,0,1,1986,0,0,0,0,0,0,0,0,0,0
100054,1,1,1986,0,0,0,0,0,0,0,0,0,0
100055,1,1,1986,20,20,20,20,20,20,20,20,20,20
100056,1,1,1986,0,0,0,0,0,0,0,0,0,0
100057,0,1,1986,18,18,18,18,18,18,18,18,18,18
100057,1,1,1986,0,0,0,0,0,0,0,0,0,0
100057,2,1,1986,0,0,0,0,0,0,0,0,0,0
100058,1,1,1986,0,0,0,0,0,0,0,0,0,0
100059,1,1,1986,0,0,0,0,0,0,0,0,0,0
100059,2,1,1986,0,0,0,0,0,0,0,0,0,0
100060,1,1,1986,15,15,15,15,15,15,15,15,15,15
100061,1,1,1986,0,0,0,0,0,0,0,0,0,0
100061,2,1,1986,0,0,0,0,0,0,0,0,0,0
100062,1,1,1986,12,12,12,12,12,12,12,12,12,12
100063,1,1,1986,38,38,38,38,38,38,38,38,38,38
100064,1,1,1986,16,16,16,16,16,16,16,16,16,16
100065,1,1,1986,0,0,0,0,0,0,0,0,0,0
100066,1,1,1986,13,13,13,13,13,13,13,13,13,13
100068,1,1,1986,17,17,17,17,17,17,17,17,17,17
100068,2,1,1986,0,0,0,0,0,0,0,0,0,0
100069,1,1,1986,12,12,12,12,12,12,12,12,12,12
100070,1,1,1986,7,7,7,7,7,7,7,7,7,7
100071,1,1,1986,0,0,0,0,0,0,0,0,0,0
100072,1,1,1986,12,12,12,12,12,12,12,12,12,12
100073,1,1,1986,0,0,0,0,0,0,0,0,0,0
100073,2,1,1986,0,0,0,0,0,0,0,0,0,0
100074,0,1,1986,16,16,16,16,16,16,16,16,16,16
100074,1,1,1986,0,0,0,0,0,0,0,0,0,0
100075,0,1,1986,0,0,0,0,0,7,0,0,0,0
100075,1,1,1986,14,14,14,14,14,14,14,14,14,14
100076,0,1,1986,20,20,20,20,20,20,20,20,20,20
100076,1,1,1986,0,0,0,0,0,0,0,0,0,0
100076,2,1,1986,0,0,0,0,0,4,0,0,0,0
100076,3,1,1986,0,0,0,0,0,0,0,0,0,0
100076,4,1,1986,5,9,0,11,12,20,12,0,4,9
100077,1,1,1986,22,22,22,22,22,22,22,22,22,22
100078,1,1,1986,17,17,17,17,17,17,17,17,17,17
100078,2,1,1986,0,0,0,0,0,0,0,0,0,0
100079,0,1,1986,0,0,0,20,0,0,0,0,0,0
100079,1,1,1986,0,0,0,0,0,0,0,0,0,0
100080,1,1,1986,17,17,17,17,17,17,17,17,17,17
100081,1,1,1986,8,8,8,8,8,8,8,8,8,8
100082,1,1,1986,21,21,21,21,21,21,21,21,21,21
100083,1,1,1986,0,0,0,0,0,0,0,0,0,0
100084,1,1,1986,26,26,26,26,26,26,26,26,26,26
100085,1,1,1986,18,18,18,18,18,18,18,18,18,18
100086,1,1,1986,6,6,6,6,6,6,6,6,6,6
100087,1,1,1986,0,0,0,0,0,0,0,0,0,0
100087,2,1,1986,0,0,0,0,0,0,0,0,0,0
100088,1,1,1986,9,0,0,0,0,0,0,0,0,0
100088,2,1,1986,0,0,0,0,0,0,0,0,0,0
100088,3,1,1986,0,0,0,0,0,0,0,0,0,0
100088,4,1,1986,0,0,0,0,0,0,0,0,0,0
100089,1,1,1986,11,11,11,11,11,11,11,11,11,11
100089,2,1,1986,5,5,5,5,5,5,5,5,5,5
100090,1,1,1986,22,22,22,22,22,22,22,22,22,22
100091,1,1,1986,0,0,0,12,0,0,0,0,0,0
100091,2,1,1986,0,0,0,0,0,0,0,0,0,0
100091,3,1,1986,0,0,0,0,0,0,0,0,0,0
100092,1,1,1986,23,23,23,23,23,23,23,23,23,23
100093,0,1,1986,9,9,9,9,9,9,9,9,9,9
100093,1,1,1986,0,0,0,0,0,0,0,0,0,0
100094,1,1,1986,23,23,23,23,23,23,23,23,23,23
100095,0,1,1986,0,0,0,0,0,0,0,0,0,0
100095,1,1,1986,0,0,0,0,0,0,0,0,0,0
100096,1,1,1986,0,0,0,0,0,0,0,0,0,0
100096,2,1,1986,0,0,0,0,0,0,0,0,0,0
100097,0,1,1986,26,26,26,26,26,26,26,26,26,26
100097,1,1,1986,0,0,0,0,0,0,0,0,0,0
100098,1,1,1986,18,18,18,18,18,18,18,18,18,18
100099,1,1,1986,0,0,0,0,0,0,0,0,0,0
100099,2,1,1986,0,0,0,0,0,0,0,0,0,0
100100,1,1,1986,0,0,0,0,0,0,0,0,0,0
100100,2,1,1986,0,0,0,0,0,0,0,0,0,0
100101,1,1,1986,0,0,0,0,0,0,0,0,0,0
100101,2,1,1986,0,0,0,0,0,0,0,0,0,0
100102,1,1,1986,19,19,19,19,19,19,19,19,19,19
100102,2,1,1986,13,13,13,13,13,13,13,13,13,13
100103,1,1,1986,5,5,5,5,5,5,5,5,5,5
100103,2,1,1986,3,3,3,3,3,3,3,3,3,3
100104,0,1,1986,0,0,0,0,0,0,0,0,0,0
100104,1,1,1986,0,0,0,0,0,0,0,0,0,0
100105,0,1,1986,0,0,0,0,0,0,0,0,0,0
100105,1,1,1986,0,0,0,0,0,0,0,0,0,0
100106,1,1,1986,22,22,22,22,22,22,22,22,22,22
100107,1,1,1986,0,0,0,0,0,0,0,0,0,0
100107,2,1,1986,0,0,0,0,0,0,0,0,0,0
100108,1,1,1986,0,0,0,0,0,0,0,0,0,0
100108,2,1,1986,0,0,0,0,0,0,0,0,0,0
100109,1,1,1986,0,0,0,0,0,0,0,0,0,0
100109,2,1,1986,0,0,0,0,0,0,0,0,0,0
100110,1,1,1986,0,0,0,0,0,0,0,0,0,0
100110,2,1,1986,0,0,0,0,0,0,0,0,0,0
100111,1,1,1986,20,20,20,20,20,20,20,20,20,20
100111,2,1,1986,0,0,0,0,0,0,0,0,0,0
100112,1,1,1986,9,9,9,9,9,9,9,9,9,9
100113,1,1,1986,19,19,19,19,19,19,19,19,19,19
100114,1,1,1986,0,0,0,0,0,0,0,0,0,0
100115,1,1,1986,14,14,14,14,14,14,14,14,14,14
100116,1,1,1986,0,0,0,0,0,0,0,0,0,0
100116,2,1,1986,0,0,0,0,0,0,0,0,0,0
100116,3,1,1986,0,0,0,0,0,0,0,0,0,0
100116,4,1,1986,0,0,0,0,0,0,0,0,0,0
100117,1,1,1986,22,22,22,22,22,22,22,22,22,22
100118,1,1,1986,0,0,0,0,0,0,0,0,0,0
100119,1,1,1986,0,0,0,0,0,0,0,0,0,0
100119,2,1,1986,0,0,0,0,0,0,0,0,0,0
100120,1,1,1986,0,0,0,0,0,0,0,0,0,0
100120,2,1,1986,0,0,0,0,0,0,0,0,0,0
100121,0,1,1986,0,0,0,0,0,0,0,0,0,0
100121,1,1,1986,0,0,0,0,0,0,0,0,0,0
100122,1,1,1986,14,14,14,14,14,14,14,14,14,14
100122,2,1,1986,22,22,22,22,22,22,22,22,22,22
100123,0,1,1986,0,0,0,0,0,0,0,0,0,0
100123,1,1,1986,0,0,0,0,0,0,0,0,0,0
100124,1,1,1986,20,20,20,20,20,20,20,20,20,20
100124,2,1,1986,0,0,0,0,0,0,0,0,0,0
110001,0,1,1986,0,0,0,0,0,0,0,0,0,0
110001,1,1,1986,0,0,0,0,0,0,0,0,0,0
110002,0,1,1986,0,0,0,0,0,0,0,0,0,0
110002,1,1,1986,0,0,0,0,0,0,0,0,0,0
110002,2,1,1986,0,0,0,0,0,0,0,0,0,0
110003,1,1,1986,0,0,0,0,0,0,0,0,0,0
110004,1,1,1986,0,0,0,0,0,0,0,0,0,0
110004,2,1,1986,0,0,0,0,0,0,0,0,0,0
110006,1,1,1986,22,22,22,22,22,22,22,22,22,22
110006,2,1,1986,0,0,0,0,0,0,0,0,0,0
110007,0,1,1986,0,0,0,0,0,0,0,0,0,0
110007,1,1,1986,0,0,0,0,0,0,0,0,0,0
110009,1,1,1986,0,0,0,0,0,0,0,0,0,0
110010,0,1,1986,0,0,0,0,0,0,0,0,0,0
110010,1,1,1986,0,0,0,0,0,0,0,0,0,0
110011,1,1,1986,8,8,8,8,8,8,8,8,8,8
110012,1,1,1986,0,0,0,0,0,0,0,0,0,0
110012,2,1,1986,0,0,0,0,0,0,14,0,0,17
110013,0,1,1986,0,0,0,0,0,0,0,0,0,0
110013,1,1,1986,1,1,1,1,1,1,1,1,1,1
110014,1,1,1986,0,0,0,0,0,0,0,0,0,0
110014,2,1,1986,0,0,0,0,0,0,0,0,0,0
110015,1,1,1986,0,0,0,0,0,0,0,0,0,0
110015,2,1,1986,0,0,0,0,0,0,0,0,0,0
110016,0,1,1986,0,0,0,0,0,0,0,0,0,0
110016,1,1,1986,0,0,0,0,0,0,0,0,0,0
110017,1,2,1986,0,0,0,0,0,0,0,0,0,0
110018,1,1,1986,0,0,0,0,0,0,0,0,0,0
110018,2,1,1986,0,0,0,0,0,0,0,0,0,0
110018,3,1,1986,0,0,12,0,0,0,0,0,0,0
110020,0,1,1986,0,0,0,0,0,0,0,0,0,0
110020,1,1,1986,0,0,0,0,0,0,0,0,0,0
110021,1,1,1986,20,20,20,20,20,20,20,20,20,20
110021,2,1,1986,0,0,0,0,0,0,0,0,0,0
110022,1,1,1986,0,0,0,0,0,0,0,0,0,0
110024,0,1,1986,0,0,0,0,0,0,0,0,0,0
110024,1,1,1986,0,0,0,0,0,0,0,0,0,0
110025,0,1,1986,3,3,3,3,3,3,3,3,3,3
110025,1,1,1986,0,0,0,0,0,0,0,0,0,0
110026,0,1,1986,0,0,0,0,0,0,0,0,0,0
110026,1,1,1986,0,0,0,0,0,0,0,0,0,0
110027,0,1,1986,0,0,0,0,0,0,0,0,0,0
110027,1,1,1986,0,0,0,0,0,0,0,0,0,0
110028,1,1,1986,0,0,17,0,0,0,14,6,0,0
110028,2,1,1986,4,0,20,5,5,0,20,0,21,18
110029,1,1,1986,0,0,0,0,0,0,0,0,0,0
110030,0,1,1986,3,3,3,3,3,3,3,3,3,3
110030,1,1,1986,21,21,21,21,21,21,21,21,21,21
110031,1,1,1986,17,17,17,17,17,17,17,17,17,17
110031,2,1,1986,0,0,0,0,0,0,0,0,0,0
110031,3,1,1986,0,2,0,0,0,0,0,16,0,0
110032,1,1,1986,8,8,8,8,8,8,8,8,8,8
110033,0,1,1986,12,0,0,0,20,10,3,0,26,19
110033,1,1,1986,17,17,17,17,17,17,17,17,17,17
110034,1,1,1986,17,0,12,30,12,26,20,7,0,12
110035,1,1,1986,0,0,0,0,0,0,0,0,0,0
110035,2,1,1986,0,0,0,0,0,0,0,0,0,0
110036,1,1,1986,0,0,0,0,0,0,0,0,0,0
110037,1,1,1986,0,0,0,0,0,0,0,0,0,0
110037,2,1,1986,0,0,0,0,0,0,0,0,0,0
110038,1,1,1986,0,0,0,0,0,0,0,0,0,0
110039,1,1,1986,0,0,0,0,0,0,0,0,0,0
110039,2,1,1986,0,0,0,0,0,0,0,0,0,0
110040,1,1,1986,0,22,15,0,18,0,13,17,23,18
110040,2,1,1986,0,0,17,0,0,0,0,0,7,0
110041,0,1,1986,0,0,0,0,0,0,0,0,0,0
110041,1,1,1986,0,0,0,0,0,19,0,0,0,0
110042,0,1,1986,0,0,0,0,0,0,0,0,0,0
110042,0,2,1986,17,15,11,14,0,0,0,0,15,16
110042,1,1,1986,10,10,10,10,10,10,10,10,10,10
110043,1,1,1986,6,0,15,0,0,0,0,0,0,0
110043,3,1,1986,0,0,0,0,0,0,0,0,0,22
110044,1,1,1986,0,0,0,0,0,0,0,0,0,0
110044,2,1,1986,0,0,0,0,0,0,0,0,0,0
110044,3,1,1986,0,0,0,0,0,0,0,0,0,0
110044,4,1,1986,0,0,0,0,0,0,0,0,0,0
110045,1,1,1986,22,0,0,0,0,16,0,0,0,0
110045,2,1,1986,0,0,0,0,0,0,10,9,0,4
110046,1,1,1986,20,20,20,20,20,20,20,20,20,20
110047,1,1,1986,9,19,13,0,0,17,9,0,31,37
110048,0,1,1986,0,0,13,0,0,0,8,0,19,0
120001,1,1,1986,18,18,18,18,18,18,18,18,18,18
120001,2,1,1986,23,23,23,23,23,23,23,23,23,23
120002,1,1,1986,6,6,6,6,6,6,6,6,6,6
120003,1,1,1986,0,0,0,0,0,0,0,0,0,0
120003,2,1,1986,0,0,0,0,0,0,0,0,0,0
120004,1,1,1986,11,19,15,9,0,18,15,0,0,21
120005,1,1,1986,24,24,24,24,24,24,24,24,24,24
120006,0,1,1986,20,20,20,20,20,20,20,20,20,20
120006,1,1,1986,0,0,0,0,17,0,11,0,0,0
120007,1,1,1986,32,32,32,32,32,32,32,32,32,32
120008,0,1,1986,35,35,35,35,35,35,35,35,35,35
120008,1,1,1986,0,0,0,0,0,0,0,0,0,0
120009,1,1,1986,22,22,22,22,22,22,22,22,22,22
120010,1,1,1986,8,8,8,8,8,8,8,8,8,8
120010,2,1,1986,0,0,0,0,0,0,0,0,0,0
120011,1,1,1986,15,15,15,15,15,15,15,15,15,15
120012,0,1,1986,0,0,0,0,0,0,0,0,0,0
120012,1,1,1986,0,0,0,0,0,0,0,0,0,0
120013,1,1,1986,0,0,0,0,0,0,0,0,0,0
120013,2,1,1986,0,0,0,0,0,0,0,0,0,0
120014,1,1,1986,11,11,11,11,11,11,11,11,11,11
120015,1,1,1986,0,0,0,0,0,0,0,0,0,0
120015,2,1,1986,0,0,0,0,0,0,0,0,0,0
120016,1,1,1986,0,0,0,0,0,0,0,0,0,0
120016,2,1,1986,0,0,0,0,0,0,0,0,0,0
120017,1,1,1986,0,0,0,0,0,0,0,0,0,0
120017,2,1,1986,0,0,0,0,0,0,0,0,0,0
120018,1,1,1986,0,0,0,4,12,15,12,16,10,8
120018,2,1,1986,0,15,0,14,8,14,28,17,10,14
120019,1,1,1986,0,0,0,0,0,0,0,0,0,0
120020,1,1,1986,0,0,0,0,0,0,0,0,0,0
120020,2,1,1986,16,16,16,16,16,16,16,16,16,16
120021,1,1,1986,0,0,0,0,0,0,0,0,0,0
120021,2,1,1986,0,0,0,0,0,0,0,0,0,0
120022,0,1,1986,0,0,13,0,0,0,0,0,0,0
120022,1,1,1986,0,0,0,0,0,0,0,0,0,0
120023,1,1,1986,18,18,18,18,18,18,18,18,18,18
120024,1,1,1986,22,22,22,22,22,22,22,22,22,22
120025,1,1,1986,16,16,16,16,16,16,16,16,16,16
120026,0,1,1986,0,0,0,0,0,0,0,0,0,0
120026,1,1,1986,19,37,0,16,11,0,0,21,29,0
120027,1,1,1986,23,23,23,23,23,23,23,23,23,23
120028,1,1,1986,5,5,5,5,5,5,5,5,5,5
120028,2,1,1986,0,0,0,0,0,0,0,0,0,0
120029,1,1,1986,0,0,0,9,0,0,0,17,0,17
120029,2,1,1986,0,4,13,0,0,0,0,0,0,0
120030,0,1,1986,16,16,16,16,16,16,16,16,16,16
120030,1,1,1986,19,19,19,19,19,19,19,19,19,19
120031,1,1,1986,10,12,25,16,30,0,6,11,33,11
120031,2,1,1986,0,0,0,0,0,0,0,0,0,0
120031,3,1,1986,0,0,0,0,0,0,0,0,0,0
120032,1,1,1986,19,12,10,23,22,8,15,5,21,20
120032,2,1,1986,0,0,0,0,0,0,0,0,0,0
120034,1,1,1986,0,0,0,0,0,0,0,0,0,0
120034,2,1,1986,0,0,0,0,0,0,0,0,0,0
120035,0,1,1986,0,0,0,0,0,0,0,0,0,0
120035,1,1,1986,0,0,0,0,0,0,0,0,0,0
120035,2,1,1986,20,9,0,26,5,21,25,0,21,2
120035,3,1,1986,7,0,0,17,26,5,0,12,11,8
120035,4,1,1986,0,0,0,0,10,0,0,2,0,0
120036,0,1,1986,0,0,0,0,0,0,0,0,0,0
120036,1,1,1986,0,0,0,0,0,0,0,0,0,0
120037,1,1,1986,0,0,0,0,0,0,0,0,0,0
120037,2,1,1986,0,0,0,0,0,0,0,0,0,0
120038,0,1,1986,32,32,32,32,32,32,32,32,32,32
120038,0,2,1986,33,33,33,33,33,33,33,33,33,33
120038,1,1,1986,0,0,3,0,0,20,0,0,11,0
120039,1,1,1986,0,0,0,0,0,0,0,0,0,0
120040,1,1,1986,28,28,28,28,28,28,28,28,28,28
120040,2,1,1986,3,3,3,3,3,3,3,3,3,3
120041,1,1,1986,0,0,0,0,0,0,0,0,0,0
120041,2,1,1986,0,0,0,0,0,0,0,0,0,0
120042,0,1,1986,0,0,0,0,0,0,0,0,0,0
120042,1,1,1986,0,0,0,0,0,0,0,0,0,0
120043,0,1,1986,0,0,0,0,0,0,0,0,0,0
120043,1,1,1986,0,0,0,32,0,0,0,0,0,0
120043,2,1,1986,11,21,20,0,0,18,19,11,0,5
120043,3,1,1986,0,0,0,0,0,0,0,0,0,7
120044,1,1,1986,28,28,28,28,28,28,28,28,28,28
120045,0,1,1986,0,0,0,0,0,0,0,0,0,0
120045,0,2,1986,0,0,0,0,0,0,0,0,0,11
120045,0,3,1986,0,0,0,0,0,0,0,0,0,0
120045,1,1,1986,0,0,0,0,0,0,0,0,0,0
120046,1,1,1986,18,18,18,18,18,18,18,18,18,18
120047,1,1,1986,29,29,29,29,29,29,29,29,29,29
120047,2,1,1986,0,0,0,0,0,0,0,0,0,0
120048,0,1,1986,0,0,0,0,0,0,0,0,0,0
120048,1,1,1986,0,0,0,0,0,0,0,0,0,0
120050,1,1,1986,23,23,23,23,23,23,23,23,23,23
120051,0,1,1986,28,22,46,6,10,45,34,10,29,21
120051,1,1,1986,0,0,0,0,0,0,0,0,0,0
120052,1,1,1986,26,26,26,26,26,26,26,26,26,26
120052,2,1,1986,29,29,29,29,29,29,29,29,29,29
120052,3,1,1986,0,0,12,0,0,0,7,0,0,0
120053,1,1,1986,20,20,20,20,20,20,20,20,20,20
120053,2,1,1986,8,8,8,8,8,8,8,8,8,8
120053,3,1,1986,12,0,0,0,0,15,0,0,0,0
120054,1,1,1986,20,20,20,20,20,20,20,20,20,20
120055,1,1,1986,33,25,8,23,15,13,0,23,6,13
120056,1,1,1986,28,28,28,28,28,28,28,28,28,28
120056,2,1,1986,0,0,0,0,0,0,0,0,0,0
120057,1,1,1986,0,0,0,0,0,0,0,0,0,0
120057,2,1,1986,0,0,0,0,0,0,0,0,0,0
120057,3,1,1986,0,0,4,0,0,0,0,0,0,0
120058,1,1,1986,17,17,17,17,17,17,17,17,17,17
120058,2,1,1986,0,0,17,0,0,24,6,0,0,9
120059,0,1,1986,17,17,17,17,17,17,17,17,17,17
120059,1,1,1986,0,9,0,0,0,0,0,8,0,0
120060,0,1,1986,24,24,24,24,24,24,24,24,24,24
120060,1,1,1986,0,0,18,17,23,13,13,0,6,40
120061,1,1,1986,17,17,17,17,17,17,17,17,17,17
120061,2,1,1986,11,11,11,11,11,11,11,11,11,11
120062,0,1,1986,0,0,0,0,0,0,0,0,0,0
120062,1,1,1986,0,0,0,0,0,0,0,8,0,0
120063,1,1,1986,0,0,0,0,0,0,0,0,0,0
120063,2,1,1986,0,0,18,0,0,0,0,0,0,0
120063,3,1,1986,0,0,0,0,19,0,0,0,0,0
120064,1,1,1986,23,23,23,23,23,23,23,23,23,23
120064,2,1,1986,4,4,4,4,4,4,4,4,4,4
120065,1,1,1986,37,17,0,21,13,13,20,27,12,20
120066,1,1,1986,15,15,15,15,15,15,15,15,15,15
120067,1,1,1986,0,0,0,0,0,0,0,0,0,0
120067,2,1,1986,0,0,0,0,0,0,0,0,0,0
120068,1,1,1986,11,11,11,11,11,11,11,11,11,11
120068,2,1,1986,15,15,15,15,15,15,15,15,15,15
120069,1,1,1986,0,0,0,0,0,0,0,0,0,0
120070,1,1,1986,0,4,0,0,0,0,0,0,0,0
120070,2,1,1986,0,0,0,0,0,0,0,0,0,0
120071,0,1,1986,0,18,0,0,3,0,0,0,0,0
120071,1,1,1986,0,0,0,0,0,0,0,0,0,0
120072,1,1,1986,0,0,0,0,0,0,0,0,0,0
120072,2,1,1986,0,0,0,0,0,0,0,0,0,0
120073,1,1,1986,28,28,28,28,28,28,28,28,28,28
120074,0,1,1986,32,32,32,32,32,32,32,32,32,32
120074,1,1,1986,0,0,18,0,0,17,13,0,0,0
120076,1,1,1986,29,29,29,29,29,29,29,29,29,29
120076,2,1,1986,0,0,0,0,0,0,0,0,0,0
120077,1,1,1986,0,0,0,0,0,0,0,0,0,0
120077,2,1,1986,0,0,0,0,0,0,0,0,0,0
120078,1,1,1986,0,0,6,0,0,23,15,0,0,15
120078,2,1,1986,18,15,0,13,29,16,16,33,8,0
120078,3,1,1986,0,0,0,0,0,0,0,0,0,0
120079,1,1,1986,9,22,14,8,31,18,18,15,6,26
120080,1,1,1986,0,0,0,0,0,0,0,0,0,0
120080,2,1,1986,0,0,0,0,0,0,0,0,0,0
120081,1,1,1986,18,11,0,37,20,6,16,0,0,0
120081,2,1,1986,0,0,0,0,0,0,0,0,0,0
120082,1,1,1986,0,0,0,0,0,0,0,0,0,0
120083,1,1,1986,0,0,0,0,0,0,0,0,0,0
120083,2,1,1986,19,25,0,7,5,26,19,0,17,0
120084,1,1,1986,24,24,24,24,24,24,24,24,24,24
120085,1,1,1986,20,20,20,20,20,20,20,20,20,20
120086,1,1,1986,0,0,0,0,0,0,0,0,0,0
120086,2,1,1986,0,0,0,0,0,0,0,0,0,0
120086,3,1,1986,0,0,0,0,8,0,0,0,0,0
120087,1,1,1986,26,26,26,26,26,26,26,26,26,26
120087,2,1,1986,0,0,17,0,0,0,0,0,0,0
120088,1,1,1986,25,25,25,25,25,25,25,25,25,25
120088,2,1,1986,0,0,0,0,0,0,0,0,0,0
120089,1,1,1986,0,0,0,0,0,0,0,0,0,0
120089,2,1,1986,0,0,0,0,0,0,0,0,0,0
120090,0,1,1986,0,0,0,27,0,0,0,0,0,0
120090,1,1,1986,0,0,0,0,0,0,0,0,0,0
120091,1,1,1986,0,0,0,0,0,0,0,0,0,0
120091,2,1,1986,0,0,0,0,0,0,0,0,0,0
120092,1,1,1986,10,10,10,10,10,10,10,10,10,10
120092,2,1,1986,0,0,0,0,0,0,0,0,0,0
120093,0,1,1986,24,24,24,24,24,24,24,24,24,24
120093,1,1,1986,13,0,0,18,6,0,6,1,4,14
120093,2,1,1986,0,0,0,0,0,17,0,0,0,0
120094,1,1,1986,0,0,0,0,0,0,0,8,0,0
120095,0,1,1986,0,0,0,0,0,0,0,0,0,0
120095,1,1,1986,0,0,23,0,27,10,11,0,16,0
120096,1,1,1986,0,0,15,13,19,0,7,13,16,0
120097,0,1,1986,0,0,0,0,0,0,0,0,0,0
120097,1,1,1986,0,0,0,0,0,0,0,0,0,0
120098,0,1,1986,13,0,0,0,0,0,25,0,0,0
120098,1,1,1986,0,0,0,0,0,18,0,0,5,0
120099,0,1,1986,0,0,0,0,0,0,0,0,0,0
120099,1,1,1986,6,0,0,0,4,3,0,8,0,0
120100,0,1,1986,0,0,0,0,0,0,0,0,0,0
120100,1,1,1986,10,0,0,0,0,0,0,0,0,0
120101,1,1,1986,4,4,4,4,4,4,4,4,4,4
120102,1,1,1986,16,16,16,16,16,16,16,16,16,16
120103,0,1,1986,0,0,0,0,0,0,0,0,0,0
120103,1,1,1986,0,0,0,0,0,0,7,0,0,0
120104,1,1,1986,20,20,20,20,20,20,20,20,20,20
120104,2,1,1986,0,0,0,0,0,0,0,0,0,0
120105,1,1,1986,0,0,0,0,0,0,4,0,0,0
120106,0,1,1986,33,0,9,0,0,0,0,15,0,0
120106,1,1,1986,0,0,0,0,0,0,0,0,0,0
120106,2,1,1986,24,5,0,17,21,16,20,24,7,29
120106,3,1,1986,0,0,0,0,18,11,0,0,5,0
120107,1,1,1986,0,0,0,0,0,0,0,0,0,0
120107,2,1,1986,0,0,0,0,0,0,0,0,0,0
120108,1,1,1986,0,0,0,0,0,0,0,0,0,0
120108,2,1,1986,0,15,0,0,11,0,9,0,0,12
120109,0,1,1986,27,27,27,27,27,27,27,27,27,27
120109,1,1,1986,0,0,0,0,0,0,0,0,0,0
120110,1,1,1986,0,0,0,0,0,0,0,0,0,0
120110,2,1,1986,0,0,0,7,0,0,0,0,0,0
120111,1,1,1986,10,10,10,10,10,10,10,10,10,10
120111,2,1,1986,7,7,7,7,7,7,7,7,7,7
120112,1,1,1986,0,0,0,0,0,0,0,0,0,0
120113,1,1,1986,13,13,13,13,13,13,13,13,13,13
120114,0,1,1986,13,13,13,13,13,13,13,13,13,13
120114,1,1,1986,12,0,28,14,19,20,16,20,14,10
120115,1,1,1986,18,18,18,18,18,18,18,18,18,18
120115,2,1,1986,0,0,0,0,0,0,0,0,0,0
120116,0,1,1986,0,0,0,0,0,0,0,0,0,0
120116,1,1,1986,0,0,0,0,0,0,0,0,0,0
120117,1,1,1986,0,0,0,0,0,0,0,0,0,0
120118,1,1,1986,12,12,12,12,12,12,12,12,12,12
120118,2,1,1986,3,3,3,3,3,3,3,3,3,3
120119,1,1,1986,8,0,0,0,0,0,0,21,0,0
120121,1,1,1986,0,9,0,0,4,0,3,0,0,0
120121,2,1,1986,0,0,0,0,0,0,0,0,0,0
120122,1,1,1986,18,18,18,18,18,18,18,18,18,18
120123,1,1,1986,0,20,0,3,0,0,33,50,7,24
120124,1,1,1986,14,14,14,14,14,14,14,14,14,14
120124,2,1,1986,7,7,7,7,7,7,7,7,7,7
120125,0,1,1986,2,2,2,2,2,2,2,2,2,2
120125,1,1,1986,8,8,8,8,8,8,8,8,8,8
120126,1,1,1986,10,13,21,15,15,21,15,17,11,16
120126,2,1,1986,14,22,38,21,12,15,0,32,9,0
120127,1,1,1986,0,0,0,0,0,0,0,0,0,0
120127,2,1,1986,0,0,0,0,0,14,0,0,0,0
120128,1,1,1986,0,0,0,0,0,0,0,0,10,0
120128,2,1,1986,0,0,0,0,0,0,0,0,0,0
120129,1,1,1986,0,0,0,0,0,0,0,0,0,0
120129,2,1,1986,17,17,17,17,17,17,17,17,17,17
120130,1,1,1986,1,1,1,1,1,1,1,1,1,1
120131,1,1,1986,0,0,13,0,0,0,5,0,11,0
120131,2,1,1986,0,0,0,0,0,0,0,0,0,0
120132,1,1,1986,0,0,0,7,0,0,0,0,0,0
120132,2,1,1986,0,0,0,0,0,0,0,0,24,0
120133,0,1,1986,0,0,0,24,0,0,0,0,12,0
120133,1,1,1986,24,24,24,24,24,24,24,24,24,24
120134,1,1,1986,11,11,11,11,11,11,11,11,11,11
120134,2,1,1986,0,0,0,0,4,0,0,0,0,0
120135,1,1,1986,0,0,0,0,0,0,0,0,0,0
120135,2,1,1986,0,0,0,0,0,0,0,0,0,0
120136,1,1,1986,13,8,13,4,31,0,25,25,21,13
120137,0,1,1986,0,0,0,0,0,0,0,0,0,0
120137,1,1,1986,0,0,0,0,0,0,0,0,0,0
120138,1,1,1986,0,0,0,0,3,0,0,0,0,13
120138,2,1,1986,0,0,0,0,15,0,0,0,0,0
120139,1,1,1986,0,0,0,0,0,0,0,0,0,0
120140,1,1,1986,13,24,29,16,9,11,19,11,19,24
120141,1,1,1986,0,0,0,0,0,0,0,11,0,0
120142,0,1,1986,0,23,21,11,0,0,0,0,0,0
120142,1,1,1986,16,16,16,16,16,16,16,16,16,16
120143,1,1,1986,0,0,0,0,0,0,0,0,0,0
120144,0,1,1986,14,19,34,24,31,19,22,44,19,23
120144,1,1,1986,0,0,0,0,5,0,0,0,0,0
120145,1,1,1986,3,3,3,3,3,3,3,3,3,3