ST_CASE,VEH_NO,PER_NO,YEAR,P1,P2,P3,P4,P5,P6,P7,P8,P9,P10
120145,2,1,1986,0,0,0,0,0,0,0,0,0,0
120146,0,1,1986,1,1,1,1,1,1,1,1,1,1
120146,1,1,1986,0,0,0,0,0,0,0,0,0,0
120147,0,1,1986,0,0,0,0,0,0,0,0,0,0
120147,1,1,1986,0,0,0,0,0,0,0,0,0,0
120148,1,1,1986,24,14,10,17,33,32,16,7,24,14
120149,1,1,1986,14,10,19,21,29,5,19,16,18,16
120150,0,1,1986,0,0,0,0,0,0,0,0,0,0
120150,1,1,1986,25,0,0,20,0,7,0,15,14,0
120151,1,1,1986,26,26,26,26,26,26,26,26,26,26
120151,2,1,1986,4,4,4,4,4,4,4,4,4,4
120152,1,1,1986,24,24,24,24,24,24,24,24,24,24
120153,1,1,1986,0,0,0,0,0,0,0,0,0,0
120154,1,1,1986,10,10,10,10,10,10,10,10,10,10
120154,2,1,1986,0,0,0,0,0,0,0,0,0,0
120155,1,1,1986,22,0,13,13,28,26,18,16,12,8
120156,1,1,1986,24,24,24,24,24,24,24,24,24,24
120157,1,1,1986,17,17,17,17,17,17,17,17,17,17
120158,1,1,1986,16,16,16,16,16,16,16,16,16,16
120158,2,1,1986,0,0,0,0,0,0,0,0,0,0
120159,1,1,1986,0,0,0,0,9,0,0,0,0,0
120160,1,1,1986,0,0,6,18,0,19,0,0,12,0
120161,1,1,1986,0,0,0,0,0,0,0,0,0,5
120161,2,1,1986,11,23,0,8,0,0,0,11,0,0
120162,1,1,1986,0,0,0,0,0,0,0,0,0,0
120162,2,1,1986,0,0,0,0,0,0,0,0,0,0
120162,3,1,1986,0,0,0,0,0,0,0,0,0,0
120163,0,1,1986,47,47,47,47,47,47,47,47,47,47
120163,1,1,1986,0,0,0,0,0,0,0,0,0,0
120164,0,1,1986,25,25,25,25,25,25,25,25,25,25
120164,1,1,1986,21,21,21,21,21,21,21,21,21,21
120164,2,1,1986,0,0,7,16,0,0,0,0,0,0
120165,1,1,1986,0,0,0,0,0,0,0,0,0,0
120165,2,1,1986,0,0,0,0,0,0,0,0,0,8
120166,1,1,1986,0,0,17,0,7,0,0,9,32,0
120167,1,1,1986,24,24,24,24,24,24,24,24,24,24
120168,1,1,1986,18,18,18,18,18,18,18,18,18,18
120169,1,1,1986,0,0,0,0,0,0,0,0,0,0
120169,2,1,1986,0,0,0,0,0,0,0,0,0,0
120170,0,1,1986,0,0,0,0,0,0,0,0,0,0
120170,1,1,1986,0,0,0,0,0,0,0,0,0,0
120171,1,1,1986,0,0,0,0,0,0,0,0,0,26
120171,2,1,1986,14,0,13,0,30,6,0,24,2,9
120172,1,1,1986,0,0,0,0,0,0,0,0,0,0
120172,2,1,1986,0,0,0,0,0,0,0,0,0,0
120173,1,1,1986,26,26,26,26,26,26,26,26,26,26
120174,1,1,1986,0,0,0,0,0,0,0,0,0,0
120174,2,1,1986,0,0,0,0,0,0,0,0,0,0
120175,1,1,1986,0,0,0,0,0,0,0,0,0,0
120175,2,1,1986,0,0,0,0,0,0,0,0,0,0
120176,0,1,1986,0,0,0,0,0,0,0,0,0,0
120176,1,1,1986,2,11,6,0,15,10,0,2,4,5
120177,0,1,1986,39,39,39,39,39,39,39,39,39,39
120177,1,1,1986,0,0,0,0,0,0,25,0,0,0
120178,1,1,1986,0,0,0,0,1,0,0,9,23,0
120179,0,1,1986,14,14,14,14,14,14,14,14,14,14
120179,1,1,1986,0,0,0,0,0,0,0,0,0,0
120180,0,1,1986,0,0,0,0,0,0,0,0,0,0
120180,1,1,1986,0,0,0,0,0,0,0,0,0,0
120181,0,1,1986,8,8,8,8,8,8,8,8,8,8
120181,1,1,1986,16,10,13,25,12,16,18,18,6,0
120182,0,1,1986,19,19,19,19,19,19,19,19,19,19
120182,1,1,1986,11,0,16,0,0,0,0,0,10,0
120183,1,1,1986,15,15,15,15,15,15,15,15,15,15
120184,0,1,1986,0,0,0,0,0,0,0,0,0,0
120184,1,1,1986,0,0,0,0,0,0,0,0,0,0
120185,1,1,1986,14,0,0,0,0,0,0,0,0,0
120186,0,1,1986,0,0,0,0,0,0,0,0,0,0
120186,1,1,1986,0,0,0,0,0,0,0,0,0,0
120187,0,1,1986,0,0,0,0,0,0,0,0,0,0
120187,1,1,1986,0,0,0,0,0,0,0,0,0,0
120188,1,1,1986,11,2,0,19,14,3,8,0,11,2
120188,2,1,1986,15,15,15,15,15,15,15,15,15,15
120189,1,1,1986,22,22,22,22,22,22,22,22,22,22
120190,0,1,1986,30,30,30,30,30,30,30,30,30,30
120190,1,1,1986,0,0,0,0,0,0,0,0,0,0
120191,0,1,1986,0,0,0,0,0,0,0,0,0,0
120191,1,1,1986,0,0,0,0,0,0,0,0,0,0
120192,1,1,1986,0,0,0,0,0,0,0,0,0,0
120192,2,1,1986,0,0,0,0,0,0,0,0,0,0
120192,3,1,1986,0,0,0,0,0,0,0,0,0,0
120192,4,1,1986,0,0,0,0,0,0,0,0,0,0
120193,0,1,1986,15,15,15,15,15,15,15,15,15,15
120193,1,1,1986,0,0,0,0,0,0,0,0,0,0
120194,0,1,1986,36,29,28,0,30,0,0,0,37,0
120194,1,1,1986,12,14,0,0,0,0,0,0,18,0
120195,1,1,1986,18,18,18,18,18,18,18,18,18,18
120196,1,1,1986,25,25,25,25,25,25,25,25,25,25
120197,0,1,1986,0,0,0,0,0,0,0,0,0,0
120197,1,1,1986,0,0,0,0,0,0,0,0,0,0
120198,1,1,1986,22,22,22,22,22,22,22,22,22,22
120199,1,1,1986,0,0,0,0,0,0,0,0,0,0
120199,2,1,1986,0,0,0,0,0,0,0,0,0,0
120199,3,1,1986,0,0,0,0,0,0,0,0,0,0
120200,1,1,1986,13,13,13,13,13,13,13,13,13,13
120200,2,1,1986,18,0,17,0,0,0,0,0,0,0
120201,0,1,1986,6,6,6,6,6,6,6,6,6,6
120201,0,2,1986,19,19,19,19,19,19,19,19,19,19
120201,1,1,1986,19,19,19,19,19,19,19,19,19,19
120201,2,1,1986,16,16,16,16,16,16,16,16,16,16
120202,1,1,1986,0,0,0,0,0,0,0,0,0,0
120202,2,1,1986,0,0,0,0,0,0,0,0,0,0
120203,1,1,1986,0,0,0,0,0,0,0,0,0,0
120203,2,1,1986,0,0,0,0,0,0,0,0,0,0
120204,1,1,1986,13,13,13,13,13,13,13,13,13,13
120204,2,1,1986,0,0,0,0,0,0,0,0,0,0
120205,1,1,1986,20,20,20,20,20,20,20,20,20,20
120206,1,1,1986,0,0,0,0,0,0,0,0,0,0
120206,2,1,1986,0,0,0,0,0,3,0,0,0,0
120206,3,1,1986,0,0,0,0,0,0,0,5,0,0
120206,4,1,1986,0,0,0,0,0,0,0,0,0,0
120206,5,1,1986,0,0,0,0,0,0,0,0,0,0
120206,6,1,1986,0,9,0,0,0,0,0,0,0,0
120206,7,1,1986,0,0,0,10,0,0,0,0,0,0
120206,8,1,1986,0,0,0,0,0,0,0,0,0,0
120207,1,1,1986,10,11,0,10,16,18,9,19,29,10
120207,2,1,1986,0,0,0,0,0,0,0,0,0,0
120208,1,1,1986,26,26,26,26,26,26,26,26,26,26
120209,1,1,1986,16,16,16,16,16,16,16,16,16,16
120210,0,1,1986,18,0,0,0,18,10,0,0,0,0
120210,1,1,1986,0,0,0,0,0,0,0,0,0,0
120211,0,1,1986,0,10,0,0,0,21,22,0,10,25
120211,1,1,1986,0,20,0,4,13,22,0,0,0,18
120212,0,1,1986,18,25,0,27,19,34,27,6,8,17
120212,1,1,1986,0,0,0,0,0,0,0,0,0,0
120212,2,1,1986,0,0,0,12,0,0,0,0,0,0
120213,1,1,1986,0,0,0,0,0,0,0,0,0,0
120213,2,1,1986,8,8,8,8,8,8,8,8,8,8
120214,1,1,1986,0,0,0,0,0,0,0,0,0,0
120215,1,1,1986,15,0,0,0,0,0,0,0,0,0
120215,2,1,1986,0,6,0,0,0,0,0,0,0,0
120216,0,1,1986,0,0,0,0,0,0,0,0,0,0
120216,1,1,1986,0,0,0,0,0,0,0,0,0,0
120217,1,1,1986,0,0,20,0,0,0,0,0,0,18
120218,1,1,1986,0,0,0,0,0,0,0,0,0,0
120219,0,1,1986,24,24,24,24,24,24,24,24,24,24
120219,1,1,1986,0,0,0,5,0,0,0,6,22,0
120220,1,1,1986,15,15,15,15,15,15,15,15,15,15
120221,1,1,1986,0,0,9,0,0,0,0,0,0,0
120221,2,1,1986,0,0,0,0,0,0,0,0,0,0
120222,1,1,1986,22,22,22,22,22,22,22,22,22,22
120223,0,1,1986,0,0,0,0,0,0,0,0,0,0
120223,1,1,1986,0,0,0,0,0,0,0,0,0,0
120224,1,1,1986,11,11,11,11,11,11,11,11,11,11
120224,2,1,1986,0,0,0,0,0,0,0,0,0,17
120224,3,1,1986,0,0,0,0,0,11,0,0,0,0
120225,1,1,1986,5,0,18,12,10,9,29,23,9,15
120226,1,1,1986,26,22,0,0,8,16,0,0,0,0
120227,1,1,1986,0,0,0,0,0,0,0,0,0,0
120227,2,1,1986,0,0,0,0,0,0,0,0,0,0
120227,3,1,1986,0,0,0,0,0,0,0,0,0,0
120228,0,1,1986,23,23,23,23,23,23,23,23,23,23
120228,1,1,1986,0,0,0,0,0,0,0,0,0,0
120229,0,1,1986,43,43,43,43,43,43,43,43,43,43
120229,1,1,1986,0,0,0,0,0,0,8,0,0,0
120230,0,1,1986,21,21,21,21,21,21,21,21,21,21
120230,1,1,1986,21,21,21,21,21,21,21,21,21,21
120231,1,1,1986,13,13,13,13,13,13,13,13,13,13
120232,1,1,1986,0,0,0,0,0,0,0,0,0,0
120232,2,1,1986,5,5,5,5,5,5,5,5,5,5
120233,1,1,1986,0,0,0,0,0,0,0,0,0,0
120234,1,1,1986,24,24,24,24,24,24,24,24,24,24
120235,1,1,1986,0,0,0,0,0,0,0,0,0,0
120235,2,1,1986,0,0,0,0,0,0,0,0,0,0
120235,3,1,1986,14,0,0,0,0,16,0,0,0,0
120236,1,1,1986,0,0,0,0,0,0,0,0,0,0
120236,2,1,1986,0,0,0,0,0,0,0,0,0,0
120237,1,1,1986,0,0,0,0,0,0,0,0,0,0
120238,2,1,1986,0,0,0,0,0,0,0,0,0,0
120239,1,1,1986,14,0,0,0,0,0,0,0,0,0
120239,2,1,1986,0,0,0,0,9,0,0,0,0,0
120240,1,1,1986,13,13,13,13,13,13,13,13,13,13
120240,2,1,1986,0,0,0,0,0,0,0,0,0,0
120241,1,1,1986,0,0,0,0,0,0,0,0,0,0
120241,2,1,1986,0,0,0,0,0,0,0,0,0,0
120242,1,1,1986,13,13,13,13,13,13,13,13,13,13
120243,1,1,1986,0,0,11,0,7,0,0,0,0,0
120243,2,1,1986,14,14,14,14,14,14,14,14,14,14
120244,1,1,1986,27,27,27,27,27,27,27,27,27,27
120244,2,1,1986,0,0,0,0,0,0,0,0,0,0
120246,1,1,1986,0,0,0,0,0,0,0,0,0,0
120246,2,1,1986,0,0,0,0,0,0,0,0,0,0
120247,1,1,1986,7,0,28,14,0,10,0,11,0,47
120247,2,1,1986,18,18,18,18,18,18,18,18,18,18
120248,1,1,1986,13,21,6,14,10,17,21,11,0,8
120248,2,1,1986,0,9,0,0,0,0,20,0,0,17
120249,1,1,1986,0,0,0,0,0,0,0,0,0,0
120249,2,1,1986,0,0,0,0,0,0,0,0,0,0
120250,1,1,1986,20,20,20,20,20,20,20,20,20,20
120251,1,1,1986,0,0,0,0,0,0,0,0,0,0
120251,2,1,1986,0,0,0,0,0,0,0,0,0,0
120252,1,1,1986,0,0,0,0,0,0,0,0,0,0
120252,2,1,1986,0,0,0,0,0,0,0,0,0,0
120252,3,1,1986,0,0,0,0,0,0,0,15,0,0
120252,4,1,1986,0,0,0,0,0,0,0,0,0,0
120252,5,1,1986,0,0,0,0,0,0,0,0,0,0
120252,6,1,1986,0,0,0,0,0,8,0,0,0,0
120252,7,1,1986,0,0,0,0,0,0,0,0,0,0
120253,1,1,1986,0,0,0,0,0,0,0,0,0,0
120254,1,1,1986,0,0,0,0,0,0,9,0,0,0
120254,2,1,1986,0,0,0,0,0,0,0,0,0,0
120255,0,1,1986,0,0,0,0,0,0,0,0,0,0
120255,1,1,1986,0,0,0,0,0,0,0,0,0,0
120256,1,1,1986,12,26,12,10,2,0,16,26,6,21
120257,1,1,1986,0,0,0,0,0,0,0,0,0,0
120257,2,1,1986,0,0,0,0,0,0,0,0,0,0
120258,1,1,1986,0,0,0,0,0,0,0,0,0,0
120258,2,1,1986,0,0,0,0,0,0,0,0,0,0
120259,1,1,1986,23,7,0,7,14,16,13,0,3,16
120259,2,1,1986,22,12,0,0,0,14,0,0,10,0
120260,1,1,1986,0,0,0,0,0,0,0,0,0,0
120261,1,1,1986,0,0,0,0,0,0,0,0,0,0
120261,2,1,1986,0,0,0,0,0,0,0,20,0,0
120262,1,1,1986,0,36,0,0,0,0,0,0,0,11
120264,0,1,1986,46,23,27,19,37,23,21,13,8,18
120264,1,1,1986,8,15,0,10,6,15,0,9,10,31
120265,1,1,1986,14,14,14,14,14,14,14,14,14,14
120266,1,1,1986,0,0,0,0,0,0,0,0,0,0
120266,2,1,1986,25,7,19,16,7,0,0,10,15,14
120267,1,1,1986,0,0,0,0,0,0,0,0,0,0
120268,1,1,1986,10,10,10,10,10,10,10,10,10,10
120268,2,1,1986,0,0,0,8,0,0,0,5,0,0
120269,1,1,1986,18,18,18,18,18,18,18,18,18,18
120269,2,1,1986,27,27,27,27,27,27,27,27,27,27
120270,1,1,1986,20,20,20,20,20,20,20,20,20,20
120271,1,1,1986,15,15,15,15,15,15,15,15,15,15
120271,2,1,1986,0,0,0,0,0,9,0,0,0,0
120272,1,1,1986,0,0,0,0,0,0,0,17,7,18
120272,2,1,1986,0,0,0,0,0,0,0,0,0,0
120273,0,1,1986,0,27,0,0,13,0,0,0,0,0
120273,1,1,1986,0,0,0,0,0,0,0,0,0,0
120274,1,1,1986,0,0,0,0,0,0,0,0,0,0
120275,1,1,1986,0,16,0,6,0,0,0,22,0,0
120276,1,1,1986,0,0,0,0,0,0,0,0,0,0
120276,2,1,1986,17,17,17,17,17,17,17,17,17,17
120277,1,1,1986,15,15,15,15,15,15,15,15,15,15
120278,1,1,1986,27,27,27,27,27,27,27,27,27,27
120279,1,1,1986,8,0,0,0,0,0,0,0,0,0
120279,2,1,1986,0,14,0,0,0,0,0,0,0,0
120280,0,1,1986,0,0,0,0,0,0,0,0,0,0
120280,1,1,1986,0,0,0,0,0,0,0,0,0,0
120282,0,1,1986,0,0,0,0,0,0,0,0,0,0
120282,1,1,1986,0,0,0,0,0,0,0,0,0,0
120282,2,1,1986,9,9,9,9,9,9,9,9,9,9
120283,1,1,1986,0,0,0,0,0,0,0,0,8,0
120283,2,1,1986,0,0,0,0,0,0,0,0,0,0
120284,1,1,1986,0,0,0,0,0,0,0,0,0,0
120284,2,1,1986,0,0,0,0,0,0,0,0,0,0
120285,1,1,1986,0,0,0,0,0,0,0,0,0,0
120285,2,1,1986,0,0,0,0,0,0,0,0,0,0
120286,1,1,1986,11,11,11,11,11,11,11,11,11,11
120286,2,1,1986,17,0,0,0,0,8,0,0,0,0
120286,3,1,1986,0,0,0,0,0,0,0,0,0,0
120287,1,1,1986,0,0,22,0,0,0,0,0,0,0
120287,2,1,1986,0,0,0,0,0,0,0,0,0,0
120288,1,1,1986,0,0,0,0,0,0,0,0,0,0
120288,2,1,1986,0,0,0,0,0,0,0,0,0,0
120289,0,1,1986,21,21,21,21,21,21,21,21,21,21
120289,1,1,1986,11,0,0,0,6,0,14,19,13,0
120290,0,1,1986,32,32,32,32,32,32,32,32,32,32
120290,1,1,1986,0,0,0,0,0,0,0,0,0,0
120291,1,1,1986,0,0,4,0,0,0,0,13,0,0
120291,2,1,1986,19,19,19,19,19,19,19,19,19,19
120292,0,1,1986,13,0,0,0,0,28,0,0,17,0
120292,1,1,1986,0,0,0,0,0,0,0,0,0,0
120293,0,1,1986,0,0,0,0,0,0,0,0,0,0
120293,1,1,1986,4,0,8,0,0,0,0,0,27,0
120294,1,1,1986,26,26,26,26,26,26,26,26,26,26
120294,2,1,1986,0,0,0,0,0,0,9,0,0,9
120295,0,1,1986,0,0,0,0,0,0,0,0,0,0
120295,1,1,1986,19,19,19,19,19,19,19,19,19,19
120296,0,1,1986,26,26,26,26,26,26,26,26,26,26
120296,1,1,1986,9,11,7,3,12,13,8,27,25,6
120297,0,1,1986,0,0,0,0,0,0,0,0,0,0
120297,1,1,1986,0,0,0,0,0,0,0,0,0,0
120298,1,1,1986,19,19,19,19,19,19,19,19,19,19
120298,2,1,1986,0,0,0,0,0,0,0,0,0,0
120299,0,1,1986,0,0,0,0,0,0,0,0,0,0
120299,1,1,1986,10,10,10,10,10,10,10,10,10,10
120300,1,1,1986,11,0,0,0,0,0,0,0,0,0
120300,2,1,1986,0,0,0,0,0,0,0,0,0,0
120301,1,1,1986,21,24,3,7,7,7,8,14,0,0
120301,2,1,1986,3,8,0,20,19,0,11,22,16,23
120302,1,1,1986,6,6,6,6,6,6,6,6,6,6
120302,2,1,1986,0,0,0,0,0,0,0,0,0,0
120303,1,1,1986,0,0,0,0,0,0,0,10,0,0
120303,2,1,1986,0,0,0,0,0,0,0,0,0,0
120304,0,1,1986,0,0,0,0,0,0,0,0,0,0
120304,1,1,1986,0,0,0,0,0,8,0,0,0,0
120304,2,1,1986,0,0,0,0,0,0,0,0,0,0
120305,1,1,1986,17,17,17,17,17,17,17,17,17,17
120306,1,1,1986,0,0,0,0,0,0,0,0,0,0
120307,0,1,1986,0,10,0,18,0,0,0,0,0,24
120307,1,1,1986,0,0,0,0,0,0,0,0,0,0
120308,1,1,1986,5,18,21,17,4,10,17,6,0,15
120309,1,1,1986,0,0,0,0,0,0,0,0,0,0
120309,2,1,1986,5,11,7,7,14,5,9,11,7,20
120310,1,1,1986,0,0,0,0,0,0,0,0,0,0
120310,2,1,1986,0,0,0,0,0,0,0,0,0,0
120311,0,1,1986,6,19,23,16,0,7,0,0,8,0
120311,1,1,1986,0,0,15,22,12,25,0,0,0,40
120312,1,1,1986,10,3,14,0,5,0,20,13,6,19
120312,2,1,1986,13,0,20,15,4,6,8,9,0,2
120313,1,1,1986,0,0,0,0,0,0,0,0,0,0
120313,2,1,1986,10,0,0,0,3,0,0,0,0,0
120314,1,1,1986,0,0,0,0,10,0,0,4,0,0
120314,2,1,1986,15,13,6,0,21,25,0,11,4,0
120315,1,1,1986,16,16,16,16,16,16,16,16,16,16
120316,0,1,1986,0,0,0,0,0,0,0,0,0,0
120316,1,1,1986,0,0,0,0,0,0,0,0,0,0
120317,0,1,1986,18,18,18,18,18,18,18,18,18,18
120317,1,1,1986,0,0,0,0,0,0,0,0,0,0
120318,1,1,1986,12,15,11,12,9,0,0,16,7,13
120318,2,1,1986,0,0,0,0,0,0,0,14,0,0
120319,0,1,1986,0,0,0,0,0,0,0,0,0,0
120319,1,1,1986,0,0,0,0,0,0,0,0,0,0
120319,2,1,1986,0,0,0,0,0,0,0,0,0,0
120319,3,1,1986,0,0,0,0,0,0,0,0,0,0
120320,1,1,1986,0,0,0,0,0,0,0,0,0,0
120321,1,1,1986,12,0,0,0,0,0,0,0,0,0
120321,2,1,1986,0,0,0,0,0,0,0,0,0,0
120321,3,1,1986,0,0,0,0,0,0,0,0,0,0
120322,0,1,1986,30,30,30,30,30,30,30,30,30,30
120322,1,1,1986,0,0,0,0,6,0,0,0,0,0
120323,1,1,1986,0,0,0,0,0,0,0,0,0,0
120324,1,1,1986,0,0,0,9,0,18,0,0,0,0
120325,1,1,1986,20,20,20,20,20,20,20,20,20,20
120325,2,1,1986,0,14,0,0,0,2,0,0,9,0
120326,1,1,1986,0,0,0,0,0,0,0,0,0,0
120327,1,1,1986,0,0,0,0,0,0,0,0,0,0
120327,2,1,1986,0,0,0,0,0,0,0,0,0,6
120328,1,1,1986,9,0,0,0,0,0,14,0,0,0
120328,2,1,1986,0,0,0,0,0,0,0,0,0,0
120329,1,1,1986,0,0,0,0,0,0,0,0,0,0
120329,2,1,1986,0,0,19,0,0,0,0,0,0,0
120330,0,1,1986,0,0,0,0,0,0,0,0,0,17
120330,1,1,1986,0,0,0,0,0,0,0,0,0,0
120331,1,1,1986,13,13,13,13,13,13,13,13,13,13
120332,1,1,1986,0,0,0,0,0,0,0,0,0,0
120332,2,1,1986,0,0,0,0,0,0,0,0,0,0
120332,3,1,1986,0,0,0,0,0,0,0,0,0,0
120333,1,1,1986,0,0,0,0,0,0,0,0,0,0
120333,2,1,1986,0,0,0,0,0,0,0,0,0,0
120333,3,1,1986,0,0,0,0,0,0,0,0,0,0
120334,1,1,1986,0,0,0,0,0,0,0,0,0,0
120335,0,1,1986,24,24,24,24,24,24,24,24,24,24
120335,1,1,1986,0,0,0,0,12,0,0,0,0,0
120336,1,1,1986,12,0,11,0,18,0,0,0,24,0
120337,1,1,1986,0,0,0,0,0,0,0,0,0,0
120337,2,1,1986,0,0,0,0,0,0,0,0,0,0
120338,1,1,1986,0,0,0,0,0,0,0,0,0,0
120338,2,1,1986,0,0,0,0,0,0,0,0,0,0
120339,1,1,1986,21,21,21,21,21,21,21,21,21,21
120340,0,1,1986,0,0,0,0,0,0,0,0,0,0
120340,1,1,1986,0,0,0,0,0,0,0,0,0,0
120341,1,1,1986,16,16,16,16,16,16,16,16,16,16
120342,1,1,1986,0,0,0,0,0,0,0,0,0,0
120342,2,1,1986,0,0,0,0,0,0,0,0,0,0
120343,1,1,1986,22,20,20,23,19,11,5,14,10,0
120344,0,1,1986,5,5,5,5,5,5,5,5,5,5
120344,1,1,1986,0,0,0,0,0,0,0,0,0,0
120345,1,1,1986,0,0,0,0,0,0,0,0,0,0
120345,2,1,1986,0,0,0,0,0,0,0,0,0,0
120345,3,1,1986,0,0,0,0,0,0,0,0,0,0
120346,1,1,1986,0,0,0,0,0,0,0,0,0,0
120347,1,1,1986,0,0,0,0,0,0,0,0,0,0
120347,2,1,1986,16,0,0,0,0,0,0,0,0,0
120348,1,1,1986,1,1,1,1,1,1,1,1,1,1
120348,2,1,1986,0,0,0,0,0,0,0,0,0,0
120349,1,1,1986,0,0,0,0,0,0,0,0,0,0
120349,2,1,1986,0,0,0,0,0,0,0,0,0,0
120350,1,1,1986,11,11,11,11,11,11,11,11,11,11
120351,1,1,1986,0,0,0,0,0,0,0,0,0,0
120351,2,1,1986,0,0,0,0,0,0,0,0,0,0
120352,1,1,1986,0,0,0,0,0,0,0,0,0,0
120352,2,1,1986,0,0,0,0,0,0,0,0,0,0
120352,3,1,1986,0,0,0,0,0,0,0,0,0,20
120353,1,1,1986,12,12,12,12,12,12,12,12,12,12
120353,2,1,1986,0,0,0,0,0,0,0,0,0,0
120353,3,1,1986,0,0,0,0,0,0,0,0,0,0
120354,1,1,1986,0,0,0,0,0,0,0,0,0,0
120354,2,1,1986,1,1,1,1,1,1,1,1,1,1
120355,1,1,1986,0,0,0,16,0,0,0,0,18,0
120355,2,1,1986,14,11,0,8,7,17,17,2,10,10
120356,1,1,1986,0,0,0,0,0,0,0,0,0,0
120356,2,1,1986,0,0,0,0,0,0,0,0,0,0
120357,1,1,1986,0,0,0,0,0,0,0,0,0,0
120357,2,1,1986,20,5,0,0,0,0,0,0,0,0
120358,1,1,1986,0,0,0,0,0,28,0,0,0,0
120359,1,1,1986,19,19,19,19,19,19,19,19,19,19
120360,1,1,1986,0,0,0,0,0,0,0,0,0,0
120360,2,1,1986,29,0,0,9,14,11,0,8,0,5
120360,3,1,1986,0,0,0,0,0,0,0,0,0,0
120361,1,1,1986,16,16,16,16,16,16,16,16,16,16
120361,2,1,1986,0,7,9,0,7,0,0,0,0,0
120362,0,1,1986,1,1,1,1,1,1,1,1,1,1
120362,1,1,1986,0,0,0,0,0,0,0,0,0,0
120363,1,1,1986,18,18,18,18,18,18,18,18,18,18
120364,0,1,1986,11,11,11,11,11,11,11,11,11,11
120364,1,1,1986,13,11,0,0,20,19,21,9,14,21
120365,1,1,1986,0,17,0,0,0,0,0,0,0,0
120365,2,1,1986,0,22,0,0,0,0,0,0,0,0
120366,0,1,1986,0,0,0,0,0,0,0,0,0,0
120366,1,1,1986,14,7,20,35,4,5,0,22,20,0
120367,1,1,1986,15,21,6,42,18,43,6,0,17,30
120368,1,1,1986,15,15,20,0,23,0,13,7,6,11
120368,2,1,1986,0,0,0,0,0,14,0,0,4,0
120370,0,1,1986,0,7,0,16,5,21,0,20,0,7
120370,0,2,1986,0,0,0,0,0,0,0,0,0,0
120371,1,1,1986,0,0,0,0,0,0,0,0,0,0
120372,1,1,1986,0,3,0,0,0,0,3,0,0,10
120372,2,1,1986,0,0,0,0,0,0,0,0,0,0
120373,1,1,1986,9,9,9,9,9,9,9,9,9,9
120374,1,1,1986,16,16,16,16,16,16,16,16,16,16
120374,2,1,1986,0,0,0,0,0,0,0,0,0,0
120375,1,1,1986,0,0,0,0,0,0,0,0,0,0
120376,1,1,1986,0,0,0,0,0,0,0,0,0,0
120376,2,1,1986,0,0,0,0,0,0,0,0,0,4
120377,1,1,1986,0,0,0,0,0,8,0,0,0,6
120377,2,1,1986,0,0,0,0,0,0,0,0,0,0
120378,1,1,1986,0,10,0,9,4,4,19,17,13,24
120378,2,1,1986,0,6,7,16,11,4,11,8,0,0
120379,0,1,1986,9,15,17,0,12,9,4,19,11,17
120379,1,1,1986,0,0,0,0,0,0,0,0,0,0
120379,2,1,1986,0,0,0,0,0,0,0,0,0,13
120380,0,1,1986,0,0,0,0,0,0,0,0,0,0
120380,1,1,1986,0,0,0,0,0,0,3,0,0,0
120381,1,1,1986,10,10,10,10,10,10,10,10,10,10
120382,1,1,1986,0,0,0,0,0,0,0,0,0,0
120383,1,1,1986,21,21,21,21,21,21,21,21,21,21
120383,2,1,1986,0,0,0,0,0,0,0,0,0,0
120384,1,1,1986,0,0,0,0,0,0,0,0,0,0
120384,2,1,1986,0,5,0,0,0,0,0,0,0,0
120385,1,1,1986,17,17,17,17,17,17,17,17,17,17
120386,1,1,1986,13,13,13,13,13,13,13,13,13,13
120386,2,1,1986,2,2,2,2,2,2,2,2,2,2
120387,1,1,1986,24,21,13,13,21,20,18,30,24,12
120387,2,1,1986,0,0,0,0,0,16,0,0,0,0
120388,1,1,1986,0,0,0,0,0,0,0,0,0,0
120388,2,1,1986,33,0,0,0,0,0,0,0,0,0
120388,3,1,1986,21,0,0,0,0,0,0,0,0,0
120389,1,1,1986,38,38,38,38,38,38,38,38,38,38
120390,1,1,1986,0,0,0,0,0,0,0,0,0,0
120390,2,1,1986,0,0,0,0,17,0,0,0,0,0
120391,0,1,1986,0,0,0,0,0,0,0,0,0,0
120391,1,1,1986,2,17,13,4,12,14,17,15,13,13
120392,1,1,1986,0,0,0,0,0,0,0,0,0,0
120392,2,1,1986,19,19,19,19,19,19,19,19,19,19
120392,3,1,1986,0,0,0,0,15,0,0,0,6,0
120393,1,1,1986,0,0,0,0,0,0,0,0,0,0
120394,0,1,1986,7,7,7,7,7,7,7,7,7,7
120394,1,1,1986,8,8,8,8,8,8,8,8,8,8
120396,0,1,1986,0,0,0,0,0,0,0,0,0,0
120396,1,1,1986,0,0,0,0,0,0,0,0,0,0
120397,1,1,1986,0,0,0,0,0,0,0,0,0,0
120397,2,1,1986,0,0,13,0,0,0,0,0,0,0
120397,3,1,1986,0,0,0,0,0,0,0,0,0,0
120398,1,1,1986,0,0,0,0,0,0,0,0,0,0
120398,2,1,1986,0,0,0,0,0,0,0,0,0,0
120399,1,1,1986,22,22,22,22,22,22,22,22,22,22
120400,1,1,1986,0,0,0,0,0,12,0,0,0,0