ST_CASE,VEH_NO,PER_NO,YEAR,P1,P2,P3,P4,P5,P6,P7,P8,P9,P10
122246,1,1,1986,0,0,0,0,11,0,0,0,0,0
122247,1,1,1986,0,0,0,0,0,0,0,0,0,0
122247,2,1,1986,5,5,5,5,5,5,5,5,5,5
122248,1,1,1986,16,16,16,16,16,16,16,16,16,16
122249,1,1,1986,23,23,23,23,23,23,23,23,23,23
122249,2,1,1986,0,0,0,0,0,0,0,0,0,0
122250,1,1,1986,22,22,22,22,22,22,22,22,22,22
122250,2,1,1986,0,0,0,0,0,0,0,0,6,0
122251,1,1,1986,15,15,15,15,15,15,15,15,15,15
122252,0,1,1986,11,11,11,11,11,11,11,11,11,11
122252,1,1,1986,8,8,8,8,8,8,8,8,8,8
122253,0,1,1986,0,0,0,0,0,0,0,0,0,0
122253,1,1,1986,0,0,0,0,0,18,0,0,0,0
122254,0,1,1986,43,0,0,0,7,0,0,13,0,0
122254,1,1,1986,3,9,12,26,0,24,9,18,0,28
122255,1,1,1986,20,20,20,20,20,20,20,20,20,20
122256,1,1,1986,18,18,18,18,18,18,18,18,18,18
122257,1,1,1986,24,24,24,24,24,24,24,24,24,24
122258,1,1,1986,18,18,18,18,18,18,18,18,18,18
122259,1,1,1986,0,0,0,0,0,0,0,0,0,0
122259,2,1,1986,20,0,0,10,0,0,0,0,0,0
122260,0,1,1986,0,0,0,0,0,0,0,0,0,0
122260,0,2,1986,0,0,0,0,0,0,0,0,0,0
122260,1,1,1986,0,0,0,0,7,0,0,0,0,0
122261,1,1,1986,0,5,0,0,0,0,0,0,0,0
122261,2,1,1986,0,0,0,0,0,0,0,0,0,0
122262,1,1,1986,0,0,0,14,0,9,4,0,0,0
122262,2,1,1986,19,2,9,20,14,22,8,21,18,0
122263,1,1,1986,9,9,9,9,9,9,9,9,9,9
122264,1,1,1986,10,10,10,10,10,10,10,10,10,10
122265,1,1,1986,25,25,25,25,25,25,25,25,25,25
122266,1,1,1986,9,0,0,24,14,0,0,12,18,12
122267,0,1,1986,0,0,0,0,0,17,0,0,0,0
122267,1,1,1986,0,0,0,0,0,0,0,0,0,0
122268,1,1,1986,25,25,25,25,25,25,25,25,25,25
122268,2,1,1986,0,0,0,0,0,0,0,14,0,0
122269,1,1,1986,0,0,19,24,0,0,0,0,0,0
122269,2,1,1986,10,10,10,10,10,10,10,10,10,10
122270,1,1,1986,12,12,12,12,12,12,12,12,12,12
122271,1,1,1986,14,19,14,0,0,31,13,0,0,22
122271,2,1,1986,0,0,0,0,0,0,0,0,0,0
122272,1,1,1986,0,16,8,19,0,20,12,21,13,14
122273,1,1,1986,0,0,0,0,0,0,0,0,0,0
122273,2,1,1986,0,0,0,0,0,0,0,0,0,0
122273,3,1,1986,0,0,0,0,0,0,0,0,0,0
122274,0,1,1986,8,13,35,16,0,20,29,21,27,31
122274,1,1,1986,17,0,10,7,28,0,0,0,13,12
122275,0,1,1986,0,0,0,0,0,0,0,0,0,0
122275,1,1,1986,0,0,0,0,0,0,0,0,0,0
122276,1,1,1986,0,0,0,0,0,0,0,0,0,0
122276,2,1,1986,0,11,0,0,0,0,0,0,0,0
122277,1,1,1986,19,0,14,6,16,20,34,6,22,0
122277,2,1,1986,23,26,0,7,22,19,23,11,7,19
122278,1,1,1986,22,22,22,22,22,22,22,22,22,22
122278,2,1,1986,0,0,0,0,0,0,20,0,0,0
122279,1,1,1986,25,25,25,25,25,25,25,25,25,25
122280,0,1,1986,0,0,0,0,0,0,0,0,0,0
122280,1,1,1986,0,0,8,13,0,0,0,0,0,0
122281,0,1,1986,0,0,0,0,0,0,0,0,0,0
122281,1,1,1986,0,16,17,0,0,18,3,0,0,0
122282,1,1,1986,24,24,24,24,24,24,24,24,24,24
122282,2,1,1986,0,0,0,0,0,0,0,0,0,0
122283,1,1,1986,16,16,16,16,16,16,16,16,16,16
122284,1,1,1986,0,0,0,0,0,0,0,0,7,0
122285,1,1,1986,14,0,25,0,5,0,22,0,22,0
122286,1,1,1986,0,0,0,0,0,0,0,0,0,0
122286,2,1,1986,0,0,0,0,0,0,0,0,0,0
122287,1,1,1986,0,2,0,0,0,0,0,0,26,0
122287,2,1,1986,0,0,0,0,0,0,0,0,0,0
122288,0,1,1986,0,0,0,0,0,0,0,0,0,0
122288,1,1,1986,0,0,0,0,0,0,0,0,0,0
122289,1,1,1986,3,3,3,3,3,3,3,3,3,3
122289,2,1,1986,23,23,23,23,23,23,23,23,23,23
122290,1,1,1986,0,0,0,0,0,0,0,0,0,0
122290,2,1,1986,0,0,0,0,0,0,0,0,0,0
122291,1,1,1986,14,14,14,14,14,14,14,14,14,14
122292,1,1,1986,25,25,25,25,25,25,25,25,25,25
122293,1,1,1986,19,19,19,19,19,19,19,19,19,19
122293,2,1,1986,4,4,4,4,4,4,4,4,4,4
122294,1,1,1986,0,0,11,0,0,0,0,0,0,0
122295,0,1,1986,0,0,20,0,0,0,0,0,11,0
122295,1,1,1986,15,15,15,15,15,15,15,15,15,15
122296,1,1,1986,13,9,0,0,0,20,0,7,0,11
122297,1,1,1986,0,0,0,0,0,0,0,0,0,0
122297,2,1,1986,0,0,0,0,0,0,0,3,0,0
122297,3,1,1986,0,0,0,0,0,0,0,0,0,0
122298,1,1,1986,0,14,0,0,0,0,0,0,0,0
122298,2,1,1986,0,0,0,0,0,0,0,0,0,0
122298,3,1,1986,0,0,0,0,0,0,0,0,0,0
122299,1,1,1986,25,25,25,25,25,25,25,25,25,25
122300,1,1,1986,0,0,0,0,0,0,0,0,0,0
122300,2,1,1986,0,0,0,0,0,0,0,0,0,0
122300,3,1,1986,0,0,0,0,0,0,0,0,0,0
122301,1,1,1986,15,15,15,15,15,15,15,15,15,15
122302,1,1,1986,0,0,0,0,0,0,0,0,0,0
122302,2,1,1986,0,0,0,0,0,0,0,0,0,0
122303,1,1,1986,0,0,0,0,0,0,0,0,0,0
122303,2,1,1986,0,0,0,0,0,23,0,0,0,0
122304,0,1,1986,0,0,0,0,0,0,0,0,0,0
122304,1,1,1986,5,0,0,0,0,0,0,0,0,0
122305,1,1,1986,0,0,0,0,0,0,10,0,0,0
122305,2,1,1986,12,12,12,12,12,12,12,12,12,12
122306,1,1,1986,0,0,0,0,0,0,0,0,0,0
122306,2,1,1986,0,0,0,19,19,4,0,0,0,0
122307,1,1,1986,0,0,0,0,0,0,0,0,0,0
122307,2,1,1986,16,0,0,0,2,0,0,0,13,9
122308,1,1,1986,19,19,19,19,19,19,19,19,19,19
122308,2,1,1986,0,0,0,0,0,0,0,0,0,0
122309,1,1,1986,0,0,0,0,0,0,0,0,0,0
122309,2,1,1986,8,8,8,8,8,8,8,8,8,8
122310,0,1,1986,14,14,14,14,14,14,14,14,14,14
122310,1,1,1986,24,0,9,0,13,0,10,19,24,0
122311,1,1,1986,12,12,12,12,12,12,12,12,12,12
122312,0,1,1986,0,0,0,0,0,0,0,0,0,0
122312,1,1,1986,0,0,0,8,0,0,0,0,0,0
122313,1,1,1986,13,18,6,15,20,18,7,17,11,12
122313,2,1,1986,0,0,0,0,9,0,5,0,0,0
122315,0,1,1986,0,0,0,0,0,0,0,0,0,0
122315,1,1,1986,0,0,0,0,0,0,0,0,0,0
122316,1,1,1986,0,0,0,0,0,0,0,0,0,0
122316,2,1,1986,0,0,0,0,0,0,0,21,0,0
122316,3,1,1986,21,6,0,19,8,7,13,8,12,14
122317,1,1,1986,9,9,9,9,9,9,9,9,9,9
122318,0,1,1986,0,0,0,10,0,0,22,0,0,0
122318,1,1,1986,12,12,12,12,12,12,12,12,12,12
122319,0,1,1986,0,0,0,0,0,0,0,0,0,0
122319,1,1,1986,0,0,0,0,0,0,0,0,0,0
122320,1,1,1986,0,0,0,0,0,0,0,0,0,0
122320,2,1,1986,0,0,0,0,0,0,0,0,0,0
122321,0,1,1986,14,14,14,14,14,14,14,14,14,14
122321,1,1,1986,0,0,0,0,0,0,0,0,0,0
122322,1,1,1986,7,7,7,7,7,7,7,7,7,7
122322,2,1,1986,0,0,0,0,0,0,0,0,0,0
122323,1,1,1986,18,18,18,18,18,18,18,18,18,18
122323,2,1,1986,0,0,0,0,21,0,0,0,0,0
122324,1,1,1986,1,1,1,1,1,1,1,1,1,1
122325,1,1,1986,0,0,0,0,0,0,0,0,0,0
122325,2,1,1986,0,0,0,0,0,0,0,0,0,0
122326,1,1,1986,26,11,14,24,16,22,14,15,4,28
122327,1,1,1986,0,0,0,0,0,0,0,0,0,0
122328,1,1,1986,11,11,11,11,11,11,11,11,11,11
122328,2,1,1986,0,0,0,0,12,0,30,6,0,0
122329,1,1,1986,19,13,0,0,8,0,0,0,0,0
122330,1,1,1986,19,19,19,19,19,19,19,19,19,19
122330,2,1,1986,4,4,4,4,4,4,4,4,4,4
122331,1,1,1986,0,0,0,0,0,0,0,0,19,0
122331,2,1,1986,0,33,0,14,0,0,8,0,0,0
122332,0,1,1986,23,23,23,23,23,23,23,23,23,23
122332,1,1,1986,24,0,0,7,15,0,24,15,38,19
122333,1,1,1986,0,0,0,0,0,0,0,0,0,0
122333,2,1,1986,0,0,0,0,0,0,0,0,0,0
122334,0,1,1986,13,13,13,13,13,13,13,13,13,13
122334,1,1,1986,0,0,0,0,0,0,0,0,11,0
122335,1,1,1986,17,14,12,22,10,24,20,19,10,8
122336,1,1,1986,41,41,41,41,41,41,41,41,41,41
122337,1,1,1986,3,3,3,3,3,3,3,3,3,3
122337,2,1,1986,0,0,0,0,0,0,0,0,0,0
122338,1,1,1986,0,0,0,5,0,0,0,0,0,0
122339,1,1,1986,0,0,0,0,0,0,0,0,0,0
122339,2,1,1986,0,0,0,0,0,0,0,0,0,0
122340,1,1,1986,0,0,0,0,25,0,0,0,0,0
122341,0,1,1986,22,22,22,22,22,22,22,22,22,22
122341,1,1,1986,0,11,0,0,13,8,11,29,0,0
122343,1,1,1986,0,0,0,0,0,0,0,0,0,0
122343,2,1,1986,0,0,0,0,0,0,0,0,0,0
122344,1,1,1986,0,0,0,0,0,0,0,0,0,0
122345,1,1,1986,20,20,20,20,20,20,20,20,20,20
122345,2,1,1986,29,29,29,29,29,29,29,29,29,29
122346,0,1,1986,17,17,17,17,17,17,17,17,17,17
122346,1,1,1986,16,0,0,0,0,0,0,0,0,0
122347,0,1,1986,16,16,16,16,16,16,16,16,16,16
122347,1,1,1986,0,0,0,0,0,0,0,0,0,14
122347,2,1,1986,7,26,30,0,18,16,0,18,17,14
122348,0,1,1986,30,30,30,30,30,30,30,30,30,30
122348,1,1,1986,0,10,0,0,0,0,0,14,0,0
122349,0,1,1986,0,0,0,0,0,0,0,6,0,0
122349,1,1,1986,0,0,0,0,0,0,0,0,0,0
122350,0,1,1986,0,0,18,9,0,24,23,30,27,15
122350,1,1,1986,0,0,0,0,15,0,0,0,0,0
122352,1,1,1986,22,0,0,0,0,0,0,0,0,19
122352,2,1,1986,0,0,0,0,0,0,0,0,0,0
122353,1,1,1986,0,0,0,0,0,0,0,0,0,0
122353,2,1,1986,0,0,0,0,0,0,0,0,0,0
122354,1,1,1986,0,0,0,0,0,0,0,0,0,0
122355,0,1,1986,0,0,0,0,0,0,6,0,0,0
122355,1,1,1986,0,0,0,0,0,0,0,0,0,0
122356,1,1,1986,8,8,8,8,8,8,8,8,8,8
122356,2,1,1986,0,0,0,0,0,0,0,0,0,0
122357,1,1,1986,9,9,9,9,9,9,9,9,9,9
122358,1,1,1986,4,4,4,4,4,4,4,4,4,4
122359,1,1,1986,0,0,0,0,0,0,0,11,0,0
122359,2,1,1986,0,0,0,0,0,0,0,0,0,0
122360,0,1,1986,0,0,0,26,0,0,0,27,0,23
122360,1,1,1986,0,0,0,0,0,0,0,0,0,0
122362,1,1,1986,0,10,0,25,0,15,0,6,0,11
122363,1,1,1986,10,10,10,10,10,10,10,10,10,10
122363,2,1,1986,0,44,22,19,42,15,0,12,0,33
122364,0,1,1986,11,11,11,11,11,11,11,11,11,11
122364,1,1,1986,0,0,0,0,0,0,0,0,0,0
122365,1,1,1986,22,9,34,19,17,8,21,20,26,21
122365,2,1,1986,0,0,0,0,0,0,0,0,0,0
122366,1,1,1986,0,0,0,0,0,0,0,0,0,0
122367,0,1,1986,17,0,16,0,0,0,16,33,0,0
122367,1,1,1986,0,0,0,29,15,5,0,8,13,0
122368,1,1,1986,5,7,14,25,21,17,8,11,18,20
122369,1,1,1986,10,8,18,9,11,7,21,17,10,0
122370,0,1,1986,33,33,33,33,33,33,33,33,33,33
122370,1,1,1986,15,15,15,15,15,15,15,15,15,15
122371,0,1,1986,0,0,0,0,0,0,0,0,0,0
122371,1,1,1986,0,0,0,0,0,0,0,0,0,0
122372,1,1,1986,12,12,12,12,12,12,12,12,12,12
122373,1,1,1986,20,20,20,20,20,20,20,20,20,20
122373,2,1,1986,2,2,2,2,2,2,2,2,2,2
122374,0,1,1986,7,7,7,7,7,7,7,7,7,7
122374,1,1,1986,0,0,0,0,0,0,0,0,0,0
122375,0,1,1986,0,0,0,0,0,0,0,0,0,0
122375,1,1,1986,0,0,0,0,0,0,11,0,0,0
122376,0,1,1986,0,0,0,0,0,0,0,0,0,0
122376,1,1,1986,0,0,0,0,0,0,0,0,0,0
122377,1,1,1986,0,0,0,0,0,0,0,0,0,0
122377,2,1,1986,0,0,0,0,0,0,0,0,0,0
122378,0,1,1986,19,19,19,19,19,19,19,19,19,19
122378,1,1,1986,13,13,13,13,13,13,13,13,13,13
122379,0,1,1986,31,31,36,25,17,13,22,19,17,23
122379,1,1,1986,6,16,11,17,26,14,13,18,0,0
122380,1,1,1986,0,0,0,0,0,0,0,0,0,0
122380,2,1,1986,0,0,0,0,0,0,0,0,0,0
122380,3,1,1986,0,0,0,0,0,0,0,0,0,0
122381,0,1,1986,17,26,17,22,19,11,23,24,28,24
122381,1,1,1986,0,0,0,0,0,0,0,0,0,0
122382,0,1,1986,0,0,0,0,0,0,0,0,0,0
122382,1,1,1986,0,0,0,0,0,0,0,0,0,0
122383,1,1,1986,9,20,16,0,6,18,25,24,16,22
122384,0,1,1986,0,0,0,0,0,0,0,0,0,0
122384,1,1,1986,0,0,0,0,0,0,0,0,0,0
122385,0,1,1986,0,0,0,0,0,0,0,0,0,0
122386,1,1,1986,0,0,0,0,0,0,0,0,0,0
122387,0,1,1986,13,13,13,13,13,13,13,13,13,13
122387,1,1,1986,0,31,0,25,29,18,8,11,8,21
122388,1,1,1986,0,0,0,0,0,0,0,0,0,0
122388,2,1,1986,0,0,0,0,0,0,0,0,0,0
122389,0,1,1986,21,21,21,21,21,21,21,21,21,21
122389,1,1,1986,11,11,11,11,11,11,11,11,11,11
122390,0,1,1986,15,13,28,9,13,27,24,12,12,41
122390,1,1,1986,0,0,0,0,0,0,0,0,0,0
122391,1,1,1986,0,5,0,0,0,0,0,0,0,0
122391,2,1,1986,0,0,0,0,0,0,0,0,0,0
122392,1,1,1986,0,0,0,0,0,0,0,0,0,0
122392,2,1,1986,0,0,0,0,0,0,0,0,0,0
122393,1,1,1986,7,0,0,0,0,0,15,0,0,0
122395,1,1,1986,0,0,0,0,0,0,0,0,0,0
122395,2,1,1986,0,0,0,0,24,0,0,15,0,0
122397,1,1,1986,0,0,0,0,0,0,0,0,0,0
122397,2,1,1986,0,0,13,10,16,11,12,0,14,20
122398,1,1,1986,18,0,0,0,0,0,0,0,0,0
122398,2,1,1986,0,0,0,0,0,0,0,0,0,0
122399,1,1,1986,0,0,0,0,0,0,0,0,0,0
122399,2,1,1986,0,0,0,0,0,0,0,0,0,0
122399,3,1,1986,0,0,0,0,0,0,0,0,0,0
122399,4,1,1986,0,0,0,0,0,0,0,0,0,0
122400,1,1,1986,0,0,0,0,19,0,0,0,0,0
122400,2,1,1986,0,0,0,0,0,0,0,0,0,0
122401,0,1,1986,18,18,18,18,18,18,18,18,18,18
122401,1,1,1986,25,19,14,34,21,0,0,0,37,19
122402,1,1,1986,19,19,19,19,19,19,19,19,19,19
122403,1,1,1986,0,0,0,0,0,0,7,0,0,0
122404,0,1,1986,0,0,24,0,16,0,21,0,0,0
122404,1,1,1986,20,19,27,22,5,0,16,17,17,28
122405,1,1,1986,0,0,0,0,0,0,0,0,0,0
122406,1,1,1986,20,20,20,20,20,20,20,20,20,20
122406,2,1,1986,0,0,0,0,0,0,0,0,0,0
122407,1,1,1986,30,0,6,0,0,0,0,0,0,0
122407,2,1,1986,0,0,0,0,0,0,0,0,0,6
122408,0,1,1986,0,0,0,5,0,0,0,25,0,11
122408,1,1,1986,0,0,0,0,0,0,0,0,0,0
122408,2,1,1986,0,0,0,0,0,0,0,0,0,0
122409,0,1,1986,28,22,15,17,18,47,24,24,26,13
122409,1,1,1986,0,0,0,0,0,0,0,0,0,0
122409,2,1,1986,17,18,0,11,16,15,0,0,14,0
122410,1,1,1986,7,7,7,7,7,7,7,7,7,7
122411,1,1,1986,0,0,0,0,0,0,0,0,0,0
122411,2,1,1986,0,0,0,0,0,0,0,0,0,0
122412,0,1,1986,0,0,0,0,0,0,0,0,0,0
122412,1,1,1986,0,0,0,0,0,6,0,0,0,0
122413,1,1,1986,5,5,5,5,5,5,5,5,5,5
122414,0,1,1986,26,26,26,26,26,26,26,26,26,26
122414,1,1,1986,0,0,0,0,0,0,0,0,0,0
122414,2,1,1986,24,0,13,13,12,35,0,18,11,18
122415,1,1,1986,0,0,0,0,0,0,0,0,0,0
122415,2,1,1986,19,5,0,0,0,0,0,0,24,0
122416,1,1,1986,0,0,0,0,0,0,0,0,0,0
122416,2,1,1986,0,0,0,0,0,0,0,0,0,0
122417,0,1,1986,21,21,21,21,21,21,21,21,21,21
122417,1,1,1986,0,0,0,0,0,0,0,0,0,0
122418,1,1,1986,0,0,0,0,0,0,0,0,0,0
122418,2,1,1986,0,0,0,0,0,0,0,0,0,0
122418,3,1,1986,0,0,0,0,0,0,0,0,0,0
122419,0,1,1986,0,0,0,0,0,0,0,0,0,0
122419,1,1,1986,0,0,0,0,0,0,0,0,0,0
122420,0,1,1986,0,0,0,0,0,0,0,0,0,0
122420,1,1,1986,0,0,0,0,0,0,0,0,0,0
122420,2,1,1986,0,0,0,0,0,0,0,0,0,0
122421,1,1,1986,0,0,0,0,0,0,0,0,0,0
122421,2,1,1986,0,0,0,0,0,0,0,0,0,0
122422,1,1,1986,0,0,0,0,0,0,0,0,0,0
122422,2,1,1986,0,0,0,0,0,0,0,0,0,5
122423,1,1,1986,17,17,17,17,17,17,17,17,17,17
122425,0,1,1986,19,19,19,19,19,19,19,19,19,19
122425,1,1,1986,6,6,6,6,6,6,6,6,6,6
122425,2,1,1986,0,0,0,0,0,0,0,0,0,19
122426,1,1,1986,18,18,18,18,18,18,18,18,18,18
122426,2,1,1986,0,0,0,0,0,0,0,0,0,0
122427,1,1,1986,1,1,1,1,1,1,1,1,1,1
122427,2,1,1986,0,0,0,0,0,0,0,0,0,0
122428,1,1,1986,0,0,0,0,0,0,0,0,5,0
122428,2,1,1986,0,0,0,0,0,0,0,0,0,0
122428,3,1,1986,0,0,0,0,0,0,0,0,0,0
122428,4,1,1986,0,9,0,0,0,0,0,0,0,0
122429,0,1,1986,0,0,0,0,0,0,0,0,0,0
122429,1,1,1986,0,0,0,0,0,0,15,0,0,0
122430,1,1,1986,13,13,13,21,18,15,26,9,0,12
122430,2,1,1986,14,11,20,9,4,3,15,7,5,13
122430,3,1,1986,5,5,5,5,5,5,5,5,5,5
122431,0,1,1986,10,10,10,10,10,10,10,10,10,10
122431,1,1,1986,0,0,0,0,0,0,0,0,0,0
122432,1,1,1986,0,0,0,0,0,0,0,0,0,0
122432,2,1,1986,0,0,0,0,0,0,0,0,0,0
122432,3,1,1986,0,0,0,0,0,0,0,0,0,0
122433,1,1,1986,27,26,10,17,24,11,7,23,13,24
122434,0,1,1986,0,13,0,25,31,19,0,0,34,32
122434,1,1,1986,4,0,0,3,0,0,0,0,0,14
122435,1,1,1986,0,0,0,0,0,0,0,0,0,0
122435,2,1,1986,0,0,17,0,0,0,5,0,0,0
122436,1,1,1986,29,29,29,29,29,29,29,29,29,29
122437,1,1,1986,0,0,0,0,0,0,0,0,0,0
122438,0,1,1986,26,26,26,26,26,26,26,26,26,26
122438,1,1,1986,0,0,0,0,0,0,0,0,0,0
122439,1,1,1986,7,7,7,7,7,7,7,7,7,7
122440,0,1,1986,0,0,0,0,0,0,0,0,0,0
122440,1,1,1986,0,0,0,0,0,0,0,0,0,0
122441,1,1,1986,0,0,0,0,0,29,0,0,0,16
122441,2,1,1986,0,0,0,0,0,0,0,0,0,0
122442,1,1,1986,0,23,24,17,0,20,20,0,18,0
122442,2,1,1986,8,17,0,12,22,20,34,11,18,10
122443,0,1,1986,0,0,0,0,0,0,0,0,0,0
122443,1,1,1986,0,0,0,0,0,0,0,0,18,0
122444,1,1,1986,20,20,20,20,20,20,20,20,20,20
122445,1,1,1986,14,32,10,7,11,17,22,19,21,15
122445,2,1,1986,0,0,6,8,8,29,0,0,0,20
122446,1,1,1986,13,13,13,13,13,13,13,13,13,13
122446,2,1,1986,0,0,0,0,0,0,0,0,0,0
122446,3,1,1986,0,0,0,0,0,0,0,0,0,0
122447,1,1,1986,0,0,0,0,0,0,0,0,0,0
122448,1,1,1986,27,19,17,13,27,22,15,6,25,17
122449,1,1,1986,16,16,16,16,16,16,16,16,16,16
122449,2,1,1986,0,0,0,0,0,0,0,0,0,0
122449,3,1,1986,0,0,0,0,0,0,0,0,0,0
122449,4,1,1986,0,0,0,0,0,0,0,0,0,0
122450,1,1,1986,9,9,9,9,9,9,9,9,9,9
122450,2,1,1986,0,0,0,0,0,0,0,0,0,0
122451,1,1,1986,19,19,19,19,19,19,19,19,19,19
122452,1,1,1986,31,33,29,17,0,20,8,20,8,18
122452,2,1,1986,0,0,0,0,0,0,0,0,0,0
122453,0,1,1986,0,21,0,0,0,0,0,0,11,0
122453,1,1,1986,0,0,0,0,0,0,0,0,0,0
122454,1,1,1986,0,0,0,0,0,0,0,0,0,0
122454,2,1,1986,0,0,0,0,0,0,0,0,0,0
122455,1,1,1986,19,19,19,19,19,19,19,19,19,19
122455,2,1,1986,0,0,0,0,0,0,0,0,0,0
122456,1,1,1986,0,0,0,0,0,0,0,0,0,0
122456,2,1,1986,0,0,0,0,0,0,0,0,0,0
122457,1,1,1986,18,18,18,18,18,18,18,18,18,18
122457,2,1,1986,0,0,4,9,3,0,14,13,0,0
122458,0,1,1986,17,17,17,17,17,17,17,17,17,17
122458,1,1,1986,0,0,0,9,4,0,0,0,0,0
122459,1,1,1986,0,0,0,0,5,0,0,0,0,0
122459,2,1,1986,0,0,0,0,0,0,0,0,0,0
122460,1,1,1986,0,0,0,0,0,0,0,0,0,0
122460,2,1,1986,0,0,0,0,0,0,0,0,0,0
122461,1,1,1986,17,0,0,0,34,0,0,0,0,0
122461,2,1,1986,0,9,0,0,0,0,0,0,0,0
122462,1,1,1986,14,14,14,14,14,14,14,14,14,14
122462,2,1,1986,3,3,3,3,3,3,3,3,3,3
122463,1,1,1986,0,0,0,0,0,0,0,0,0,0
122463,2,1,1986,6,6,6,6,6,6,6,6,6,6
122464,1,1,1986,0,0,0,0,0,0,0,0,0,0
122464,2,1,1986,0,0,0,0,0,0,0,0,0,0
122465,1,1,1986,12,12,12,12,12,12,12,12,12,12
122466,1,1,1986,15,15,15,15,15,15,15,15,15,15
122466,2,1,1986,0,0,0,0,0,0,0,0,0,0
122467,0,1,1986,0,0,0,0,0,0,0,0,0,0
122467,1,1,1986,0,0,0,0,0,0,0,0,0,0
122468,0,1,1986,17,17,17,17,17,17,17,17,17,17
122468,1,1,1986,0,0,0,0,0,0,0,0,0,0
122469,1,1,1986,0,8,9,10,7,11,6,0,0,22
122470,1,1,1986,20,19,14,19,16,26,0,14,8,0
122470,2,1,1986,13,11,0,0,11,17,0,10,6,10
122470,3,1,1986,5,6,10,3,21,7,14,11,14,12
122471,0,1,1986,0,0,0,0,0,0,0,0,0,0
122471,1,1,1986,0,0,0,0,0,0,0,0,0,0
122472,0,1,1986,0,0,0,0,0,0,0,0,0,0
122472,1,1,1986,0,0,0,0,0,0,0,0,0,0
122473,0,1,1986,0,0,0,0,28,0,0,0,0,0
122473,1,1,1986,11,11,11,11,11,11,11,11,11,11
122473,3,1,1986,0,0,0,5,0,0,0,0,0,0
122474,1,1,1986,0,0,0,0,0,0,0,0,0,0
122474,2,1,1986,10,0,0,0,0,0,0,15,0,0
122475,0,1,1986,38,0,23,16,9,8,0,30,18,0
122475,1,1,1986,0,0,0,0,0,7,0,0,0,0
122476,0,1,1986,0,0,0,0,0,0,0,0,0,0
122476,1,1,1986,0,0,0,0,0,0,0,0,0,0
122477,0,1,1986,0,0,0,0,27,27,11,0,0,36
122477,1,1,1986,0,0,0,0,0,0,0,0,0,16
122478,0,1,1986,0,0,0,0,0,0,0,0,0,0
122479,0,1,1986,0,0,0,0,0,0,0,0,0,0
122479,0,2,1986,0,0,0,0,0,0,0,0,0,0
122479,1,1,1986,0,0,0,0,3,0,0,0,0,0
122480,1,1,1986,0,17,16,0,0,0,0,8,0,5
122480,2,1,1986,0,0,0,0,12,0,0,0,0,0
122481,1,1,1986,0,0,0,0,0,0,0,0,0,0
122482,0,1,1986,0,0,0,0,0,0,0,0,0,0
122482,1,1,1986,0,0,0,0,0,0,0,0,0,0
122483,1,1,1986,0,0,0,0,0,0,0,0,0,0
122483,2,1,1986,0,0,0,0,0,0,0,0,0,0
122484,1,1,1986,0,0,0,0,0,0,0,0,0,0
122485,0,1,1986,0,0,0,43,0,9,0,17,0,0
122485,1,1,1986,0,0,0,0,0,0,0,0,0,0
122486,1,1,1986,0,0,0,0,0,0,0,0,0,0
122486,2,1,1986,0,3,0,0,0,0,0,0,0,0
122487,1,1,1986,0,0,0,0,0,0,0,0,0,0
122488,1,1,1986,0,0,0,0,0,0,0,0,0,0
122488,2,1,1986,0,0,0,0,0,0,0,0,0,0
122489,0,1,1986,0,0,0,0,0,0,0,0,0,0
122489,1,1,1986,0,0,0,0,0,0,0,0,0,0
122490,1,1,1986,0,30,0,0,17,24,0,0,22,8
122491,0,1,1986,0,0,0,0,0,0,0,12,0,0
122491,1,1,1986,0,0,0,0,0,0,0,0,0,0
122492,1,1,1986,0,0,0,0,0,0,0,0,0,0
122492,2,1,1986,0,0,0,0,0,0,0,0,0,0
122496,1,1,1986,19,19,0,18,0,0,11,0,7,0
122496,2,1,1986,0,0,0,0,0,0,0,0,0,0
122496,3,1,1986,0,0,0,0,0,0,0,0,0,0
122497,1,1,1986,0,0,14,6,0,7,6,14,0,10
122497,2,1,1986,0,0,0,8,0,0,0,0,0,0
122498,1,1,1986,25,25,25,25,25,25,25,25,25,25
122499,1,1,1986,0,0,0,0,0,0,7,0,0,2
122499,2,1,1986,0,0,0,0,0,0,0,0,0,0
122499,3,1,1986,0,0,0,0,0,0,0,0,0,0
122500,1,1,1986,16,16,16,16,16,16,16,16,16,16
122500,2,1,1986,0,0,0,0,0,0,0,0,0,0
122500,3,1,1986,13,12,0,0,0,0,0,0,0,0
122501,1,1,1986,0,0,17,0,0,0,0,0,0,0
122502,0,1,1986,0,0,0,0,0,0,0,0,0,3
122502,1,1,1986,0,0,0,0,0,0,0,0,0,0
122503,1,1,1986,0,0,0,0,0,0,0,0,0,0
122503,2,1,1986,0,0,0,0,0,0,0,0,0,0
122504,1,1,1986,24,24,24,24,24,24,24,24,24,24
122504,2,1,1986,0,0,0,0,0,0,0,0,0,0
122505,1,1,1986,0,0,0,0,0,0,0,0,0,0
122506,1,1,1986,0,0,0,0,0,0,0,0,0,0
122506,2,1,1986,0,0,0,0,0,0,0,0,0,0