ST_CASE,VEH_NO,PER_NO,YEAR,P1,P2,P3,P4,P5,P6,P7,P8,P9,P10
130130,1,1,1986,0,0,0,0,0,0,0,0,0,0
130131,0,1,1986,0,0,0,0,0,0,0,0,0,0
130131,1,1,1986,0,0,0,0,0,0,0,0,0,0
130132,1,1,1986,17,17,17,17,17,17,17,17,17,17
130133,1,1,1986,0,9,0,0,0,0,0,0,0,0
130134,1,1,1986,23,23,23,23,23,23,23,23,23,23
130135,1,1,1986,0,0,0,0,0,0,0,0,0,0
130135,2,1,1986,0,0,0,0,0,0,0,0,0,0
130136,1,1,1986,0,0,0,0,0,0,0,0,0,0
130137,1,1,1986,0,0,0,0,0,0,0,0,0,0
130137,2,1,1986,0,0,0,0,7,0,0,0,0,0
130138,1,1,1986,24,24,24,24,24,24,24,24,24,24
130139,1,1,1986,5,5,5,5,5,5,5,5,5,5
130139,2,1,1986,0,0,0,0,13,12,0,0,0,0
130140,1,1,1986,0,0,0,0,0,0,15,0,0,0
130141,1,1,1986,16,16,16,16,16,16,16,16,16,16
130142,0,1,1986,0,0,0,0,0,0,0,0,0,0
130142,1,1,1986,12,12,12,12,12,12,12,12,12,12
130143,1,1,1986,0,0,0,0,0,0,0,0,0,0
130143,2,1,1986,0,0,0,0,0,0,0,0,0,0
130144,1,1,1986,0,0,0,0,0,0,0,0,0,0
130144,2,1,1986,0,0,0,0,0,0,0,0,0,0
130145,1,1,1986,0,0,0,0,0,0,0,0,0,0
130145,2,1,1986,6,6,6,6,6,6,6,6,6,6
130145,3,1,1986,0,28,0,0,0,7,0,0,0,0
130146,1,1,1986,0,0,0,0,0,0,0,0,0,0
130147,1,1,1986,26,26,26,26,26,26,26,26,26,26
130147,2,1,1986,0,0,7,0,13,0,20,0,0,21
130148,1,1,1986,8,8,8,8,8,8,8,8,8,8
130149,1,1,1986,8,8,8,8,8,8,8,8,8,8
130150,1,1,1986,0,0,0,0,0,0,0,0,0,0
130152,1,1,1986,8,8,8,8,8,8,8,8,8,8
130152,2,1,1986,0,0,0,0,0,0,0,0,0,0
130153,0,1,1986,0,0,0,0,0,0,0,0,0,0
130153,1,1,1986,0,0,0,0,0,0,0,0,0,0
130153,2,1,1986,0,0,4,0,0,0,0,6,0,0
130154,1,1,1986,0,0,0,0,0,0,0,0,0,0
130154,2,1,1986,0,11,0,0,0,0,0,0,0,0
130155,0,1,1986,0,0,0,0,0,0,0,0,0,0
130155,1,1,1986,0,0,0,0,0,0,0,0,0,0
130156,1,1,1986,13,13,21,11,3,24,4,17,4,7
130157,1,1,1986,0,0,0,0,0,0,0,0,0,0
130158,1,1,1986,0,0,0,0,7,0,0,0,0,0
130158,2,1,1986,0,0,0,0,0,0,0,0,0,0
130159,1,1,1986,0,0,0,0,0,0,0,0,0,0
130159,2,1,1986,0,0,0,0,0,0,0,0,0,3
130160,0,1,1986,0,0,0,0,0,0,0,0,0,0
130160,1,1,1986,0,0,0,0,0,0,0,0,9,0
130161,1,1,1986,0,0,0,0,0,0,0,0,0,0
130161,2,1,1986,3,3,3,3,3,3,3,3,3,3
130162,1,1,1986,0,0,0,0,0,0,0,0,0,0
130162,2,1,1986,26,26,26,26,26,26,26,26,26,26
130163,1,1,1986,0,0,0,0,0,0,0,0,0,0
130163,2,1,1986,15,15,15,15,15,15,15,15,15,15
130164,1,1,1986,11,20,12,16,25,30,0,19,0,12
130165,1,1,1986,11,11,11,11,11,11,11,11,11,11
130165,2,1,1986,3,3,3,3,3,3,3,3,3,3
130166,1,1,1986,33,33,33,33,33,33,33,33,33,33
130167,1,1,1986,8,8,8,8,8,8,8,8,8,8
130168,1,1,1986,17,17,17,17,17,17,17,17,17,17
130169,1,1,1986,0,0,0,0,0,0,0,0,0,0
130170,1,1,1986,18,18,18,18,18,18,18,18,18,18
130171,1,1,1986,0,0,0,0,0,0,0,0,0,0
130171,2,1,1986,0,0,0,0,0,0,0,0,0,0
130172,1,1,1986,0,0,0,0,0,0,0,0,0,0
130173,1,1,1986,16,16,16,16,16,16,16,16,16,16
130173,2,1,1986,0,0,0,0,0,0,0,0,0,0
130174,1,1,1986,15,15,15,15,15,15,15,15,15,15
130175,1,1,1986,19,19,19,19,19,19,19,19,19,19
130176,0,1,1986,28,28,28,28,28,28,28,28,28,28
130176,1,1,1986,16,30,8,9,10,8,0,6,10,6
130177,1,1,1986,0,0,0,0,0,0,0,0,0,0
130178,0,1,1986,14,14,14,14,14,14,14,14,14,14
130178,1,1,1986,7,19,0,0,0,0,0,27,16,0
130179,1,1,1986,9,9,9,9,9,9,9,9,9,9
130180,1,1,1986,0,0,0,0,0,0,0,0,0,0
130180,2,1,1986,0,0,0,0,0,0,0,0,0,0
130181,1,1,1986,25,25,25,25,25,25,25,25,25,25
130182,1,1,1986,12,12,12,12,12,12,12,12,12,12
130182,2,1,1986,0,0,0,0,0,0,0,0,0,0
130183,1,1,1986,0,0,0,0,0,0,0,0,0,0
130183,2,1,1986,0,0,6,0,0,4,0,0,10,0
130184,1,1,1986,27,27,27,27,27,27,27,27,27,27
130185,1,1,1986,21,21,21,21,21,21,21,21,21,21
130186,1,1,1986,19,19,19,19,19,19,19,19,19,19
130187,1,1,1986,0,0,0,0,0,0,0,0,0,0
130187,2,1,1986,0,0,0,0,0,0,0,0,0,0
130188,1,1,1986,0,0,0,0,0,0,0,0,0,0
130189,0,1,1986,33,33,33,33,33,33,33,33,33,33
130189,1,1,1986,0,0,0,0,0,0,0,0,0,0
130190,0,1,1986,0,0,0,0,0,0,0,0,8,0
130190,1,1,1986,0,0,0,0,0,0,0,0,0,0
130191,1,1,1986,29,29,29,29,29,29,29,29,29,29
130192,1,1,1986,0,0,0,0,0,0,0,0,0,0
130193,1,1,1986,15,15,15,15,15,15,15,15,15,15
130194,1,1,1986,13,13,13,13,13,13,13,13,13,13
130195,1,1,1986,20,20,20,20,20,20,20,20,20,20
130196,1,1,1986,39,39,39,39,39,39,39,39,39,39
130197,1,1,1986,0,0,0,0,0,0,0,0,0,0
130197,2,1,1986,0,0,0,0,0,0,0,0,0,0
130198,0,1,1986,0,0,0,0,0,0,0,0,0,0
130198,1,1,1986,0,0,0,13,0,0,0,0,0,0
130199,1,1,1986,0,0,0,0,0,0,0,0,0,0
130199,2,1,1986,0,0,0,0,0,0,0,0,0,0
130200,1,1,1986,21,28,15,29,0,0,19,22,0,25
130201,1,1,1986,0,0,0,0,0,0,0,0,0,0
130202,1,1,1986,28,28,28,28,28,28,28,28,28,28
130203,1,1,1986,0,5,0,0,0,0,0,0,0,0
130203,2,1,1986,0,0,0,0,0,0,0,0,0,0
130204,0,1,1986,0,0,0,0,0,0,0,0,0,0
130204,1,1,1986,0,0,0,0,0,0,0,0,0,0
130205,0,1,1986,0,0,0,0,0,0,13,14,21,0
130205,1,1,1986,0,0,0,0,0,0,0,0,0,0
130206,1,1,1986,23,23,23,23,23,23,23,23,23,23
130207,1,1,1986,25,25,25,25,25,25,25,25,25,25
130208,1,1,1986,16,16,16,16,16,16,16,16,16,16
130209,1,1,1986,13,6,10,10,4,19,18,17,18,0
130210,1,1,1986,17,17,17,17,17,17,17,17,17,17
130211,1,1,1986,23,23,23,23,23,23,23,23,23,23
130212,1,1,1986,18,17,20,0,22,17,29,12,24,20
130213,0,1,1986,0,0,0,0,0,0,0,0,0,0
130213,1,1,1986,0,0,0,0,0,0,0,0,0,0
130214,0,1,1986,0,0,0,0,0,0,0,0,0,0
130214,1,1,1986,0,0,13,0,0,0,0,0,0,0
130215,1,1,1986,0,0,0,0,0,0,0,0,0,0
130215,2,1,1986,0,0,0,0,0,0,0,0,0,0
130216,1,1,1986,0,0,0,0,0,0,0,0,0,0
130216,2,1,1986,0,0,0,0,0,0,0,0,0,0
130216,3,1,1986,0,0,0,0,0,0,0,0,0,0
130217,1,1,1986,0,0,0,0,0,0,0,0,0,0
130217,2,1,1986,0,0,0,0,0,0,0,0,0,0
130218,1,1,1986,13,13,13,13,13,13,13,13,13,13
130219,1,1,1986,0,0,27,9,9,9,0,19,27,0
130220,1,1,1986,0,0,0,0,0,0,0,0,0,0
130220,2,1,1986,0,0,0,0,0,0,0,5,0,0
130221,1,1,1986,16,16,16,16,16,16,16,16,16,16
130221,2,1,1986,0,0,0,0,8,0,0,0,0,0
130222,1,1,1986,20,20,20,20,20,20,20,20,20,20
130223,1,1,1986,17,17,17,17,17,17,17,17,17,17
130224,1,1,1986,31,31,31,31,31,31,31,31,31,31
130225,1,1,1986,25,25,25,25,25,25,25,25,25,25
130226,0,1,1986,0,0,0,0,0,0,0,0,0,0
130226,1,1,1986,0,0,0,0,0,0,0,0,0,0
130227,1,1,1986,0,0,0,0,0,0,0,0,0,0
130227,2,1,1986,0,0,0,0,0,0,0,0,15,0
130228,0,1,1986,0,0,0,0,0,0,0,0,0,0
130228,1,1,1986,0,0,5,0,0,0,0,0,0,0
130229,1,1,1986,0,0,0,0,0,0,0,0,0,0
130229,2,1,1986,0,0,0,0,0,0,0,0,0,0
130230,1,1,1986,0,0,0,0,0,0,0,0,0,0
130230,2,1,1986,0,0,0,0,0,0,0,0,0,0
130231,1,1,1986,21,21,21,21,21,21,21,21,21,21
130232,1,1,1986,15,19,18,26,24,24,17,0,7,16
130233,1,1,1986,23,23,23,23,23,23,23,23,23,23
130234,1,1,1986,22,22,22,22,22,22,22,22,22,22
130234,2,1,1986,0,0,0,0,0,0,0,0,0,0
130235,1,1,1986,11,11,11,11,11,11,11,11,11,11
130236,1,1,1986,0,0,0,0,0,0,0,0,0,0
130236,2,1,1986,0,0,0,0,0,0,0,0,0,0
130237,1,1,1986,14,14,14,14,14,14,14,14,14,14
130238,1,1,1986,0,0,0,0,6,0,0,0,0,0
130238,2,1,1986,20,20,20,20,20,20,20,20,20,20
130238,3,1,1986,0,0,0,0,0,0,0,0,0,0
130239,1,1,1986,18,18,18,18,18,18,18,18,18,18
130240,1,1,1986,9,9,9,9,9,9,9,9,9,9
130241,1,1,1986,4,4,4,4,4,4,4,4,4,4
130242,1,1,1986,29,29,29,29,29,29,29,29,29,29
130243,1,1,1986,26,26,26,26,26,26,26,26,26,26
130244,1,1,1986,32,32,32,32,32,32,32,32,32,32
130245,1,1,1986,23,23,23,23,23,23,23,23,23,23
130246,1,1,1986,0,0,0,0,0,0,0,0,0,0
130246,2,1,1986,0,14,0,0,0,0,0,0,0,0
130247,1,1,1986,0,0,0,0,0,0,0,0,0,0
130247,2,1,1986,0,0,0,0,0,0,0,0,0,0
130248,1,1,1986,0,0,0,0,0,0,0,0,0,0
130248,2,1,1986,0,0,0,0,0,0,0,0,0,0
130249,1,1,1986,32,32,32,32,32,32,32,32,32,32
130250,0,1,1986,7,7,7,7,7,7,7,7,7,7
130250,1,1,1986,0,0,0,0,10,0,0,0,0,0
130251,1,1,1986,17,17,17,17,17,17,17,17,17,17
130252,1,1,1986,0,0,0,0,0,0,0,0,0,0
130252,2,1,1986,0,0,0,0,0,0,0,0,0,0
130254,1,1,1986,16,16,16,16,16,16,16,16,16,16
130255,1,1,1986,0,0,0,0,0,0,0,0,0,0
130255,2,1,1986,0,0,0,0,0,0,0,0,0,0
130256,1,1,1986,14,14,14,14,14,14,14,14,14,14
130256,2,1,1986,2,2,2,2,2,2,2,2,2,2
130257,1,1,1986,6,0,0,0,0,0,0,0,0,0
130257,3,1,1986,0,0,0,0,0,0,0,0,0,0
130258,0,1,1986,0,0,0,0,15,9,0,0,13,0
130258,1,1,1986,0,0,0,0,0,0,0,7,0,0
130259,1,1,1986,0,0,0,0,0,0,0,0,0,0
130260,0,1,1986,18,13,13,25,29,15,19,29,28,0
130260,1,1,1986,3,3,3,3,3,3,3,3,3,3
130261,1,1,1986,24,24,24,24,24,24,24,24,24,24
130261,2,1,1986,0,0,11,0,0,0,0,0,9,0
130262,1,1,1986,32,32,32,32,32,32,32,32,32,32
130263,1,1,1986,0,18,0,0,0,0,0,8,0,0
130263,2,1,1986,0,0,0,0,0,0,0,0,0,0
130264,1,1,1986,0,0,0,0,0,0,0,0,0,0
130265,0,1,1986,0,0,0,0,0,0,0,0,0,0
130265,1,1,1986,0,0,0,0,0,0,0,0,13,0
130266,1,1,1986,16,16,16,16,16,16,16,16,16,16
130266,2,1,1986,0,0,0,0,0,0,0,0,0,0
130268,0,1,1986,0,0,0,0,0,0,0,0,0,0
130268,1,1,1986,0,0,0,0,0,0,0,0,0,0
130269,1,1,1986,10,10,10,10,10,10,10,10,10,10
130270,1,1,1986,0,0,0,0,0,0,0,0,0,0
130270,2,1,1986,0,0,0,0,0,20,0,0,0,0
130271,1,1,1986,0,0,0,0,0,0,0,0,0,0
130272,1,1,1986,0,0,0,0,0,0,0,0,0,0
130273,0,1,1986,44,44,44,44,44,44,44,44,44,44
130273,1,1,1986,0,0,0,0,0,0,0,0,0,0
130274,0,1,1986,0,0,0,0,0,0,0,0,0,0
130274,1,1,1986,0,6,0,0,0,0,0,0,0,0
130275,1,1,1986,0,5,16,30,19,13,0,27,0,25
130276,1,1,1986,0,0,0,0,0,0,0,0,0,0
130276,2,1,1986,0,0,0,0,0,0,0,0,0,16
130277,1,1,1986,0,25,12,0,11,15,10,18,23,15
130278,1,1,1986,0,0,0,0,10,0,0,0,0,0
130279,1,1,1986,0,0,0,0,0,0,0,0,0,0
130280,0,1,1986,32,32,32,32,32,32,32,32,32,32
130280,1,1,1986,0,0,0,0,0,0,0,0,0,0
130281,1,1,1986,0,0,0,0,0,0,0,0,0,0
130281,2,1,1986,0,0,0,0,0,0,0,0,0,0
130282,1,1,1986,0,0,0,0,0,0,0,0,0,0
130282,2,1,1986,0,0,0,0,0,0,0,0,0,0
130282,3,1,1986,0,0,0,0,0,0,0,6,0,0
130283,1,1,1986,0,0,0,0,0,0,0,0,0,0
130283,2,1,1986,0,0,0,0,0,0,0,0,0,0
130284,1,1,1986,0,10,0,0,0,0,0,0,0,0
130284,2,1,1986,0,0,0,0,0,0,0,0,0,0
130284,3,1,1986,0,0,0,0,0,0,0,0,0,0
130285,1,1,1986,0,0,0,0,0,0,0,0,0,0
130285,2,1,1986,20,20,20,20,20,20,20,20,20,20
130286,1,1,1986,12,17,0,0,0,0,0,0,0,0
130286,2,1,1986,0,0,0,0,0,0,0,0,0,0
130287,1,1,1986,8,8,8,8,8,8,8,8,8,8
130288,1,1,1986,15,15,15,15,15,15,15,15,15,15
130289,1,1,1986,0,0,2,0,0,0,0,0,0,0
130290,1,1,1986,0,0,0,0,0,0,0,0,0,0
130290,2,1,1986,0,0,0,0,0,4,0,0,0,0
130291,1,1,1986,0,0,0,0,0,0,0,0,0,0
130292,1,1,1986,23,23,23,23,23,23,23,23,23,23
130293,1,1,1986,27,27,27,27,27,27,27,27,27,27
130294,1,1,1986,10,10,10,10,10,10,10,10,10,10
130294,2,1,1986,0,0,0,0,0,0,0,0,0,0
130295,1,1,1986,34,34,34,34,34,34,34,34,34,34
130296,0,1,1986,0,0,0,0,0,0,0,0,0,0
130296,1,1,1986,0,0,0,0,0,0,0,0,0,0
130297,1,1,1986,0,0,0,0,0,0,0,0,0,0
130298,0,1,1986,0,0,0,0,0,16,0,0,0,0
130299,1,1,1986,0,0,0,0,0,0,0,0,0,0
130300,1,1,1986,0,0,0,0,0,0,0,0,0,0
130300,2,1,1986,0,0,0,0,0,0,0,0,0,0
130301,0,1,1986,29,29,29,29,29,29,29,29,29,29
130301,1,1,1986,0,0,0,0,0,0,0,0,0,9
130302,1,1,1986,19,19,19,19,19,19,19,19,19,19
130302,2,1,1986,0,0,0,4,32,0,0,0,0,0
130303,1,1,1986,0,0,0,0,0,0,0,0,0,0
130303,2,1,1986,0,0,0,0,0,0,0,0,0,0
130304,1,1,1986,0,0,18,13,25,8,15,0,7,17
130305,1,1,1986,0,0,0,0,0,0,0,0,0,0
130305,2,1,1986,0,0,0,0,0,0,0,0,0,0
130306,1,1,1986,11,11,11,11,11,11,11,11,11,11
130306,2,1,1986,0,0,16,11,0,0,0,0,0,0
130307,1,1,1986,0,0,0,12,0,0,0,0,15,0
130307,2,1,1986,17,17,17,17,17,17,17,17,17,17
130308,1,1,1986,17,17,17,17,17,17,17,17,17,17
130308,2,1,1986,6,6,6,6,6,6,6,6,6,6
130309,1,1,1986,25,25,25,25,25,25,25,25,25,25
130310,1,1,1986,10,10,10,10,10,10,10,10,10,10
130311,1,1,1986,19,19,19,19,19,19,19,19,19,19
130311,2,1,1986,0,0,0,0,0,0,0,0,0,0
130312,1,1,1986,0,0,0,0,0,0,0,0,0,0
130312,2,1,1986,8,8,8,8,8,8,8,8,8,8
130313,1,1,1986,12,12,12,12,12,12,12,12,12,12
130314,1,1,1986,0,0,0,0,0,0,0,0,0,0
130314,2,1,1986,0,0,0,0,0,0,0,0,0,0
130315,0,1,1986,0,0,0,0,0,0,0,0,0,0
130315,1,1,1986,10,10,10,10,10,10,10,10,10,10
130316,1,1,1986,16,16,16,16,16,16,16,16,16,16
130319,1,1,1986,0,0,3,0,0,0,0,0,0,0
130320,1,1,1986,0,0,0,0,0,0,0,0,0,0
130321,1,1,1986,6,6,6,6,6,6,6,6,6,6
130321,2,1,1986,29,29,29,29,29,29,29,29,29,29
130322,1,1,1986,7,7,7,7,7,7,7,7,7,7
130323,1,1,1986,5,15,22,0,26,11,26,3,14,13
130324,1,1,1986,0,0,0,0,0,0,0,0,0,0
130325,1,1,1986,10,10,10,10,10,10,10,10,10,10
130326,1,1,1986,17,17,17,17,17,17,17,17,17,17
130326,2,1,1986,0,0,0,0,0,0,0,0,39,0
130327,0,1,1986,0,0,0,0,0,0,0,0,0,0
130327,1,1,1986,0,13,0,0,0,0,0,0,0,0
130328,1,1,1986,15,19,25,34,32,30,0,36,19,25
130329,0,1,1986,21,21,21,21,21,21,21,21,21,21
130329,1,1,1986,3,3,3,3,3,3,3,3,3,3
130330,1,1,1986,0,0,0,0,0,0,0,0,0,13
130331,1,1,1986,25,25,25,25,25,25,25,25,25,25
130331,2,1,1986,0,0,0,0,0,0,0,0,0,0
130332,1,1,1986,0,0,0,0,0,0,0,0,0,0
130333,1,1,1986,0,0,0,0,0,0,0,0,0,0
130333,2,1,1986,0,0,0,0,0,0,0,0,0,0
130333,3,1,1986,0,0,0,0,0,0,0,0,0,0
130335,0,1,1986,0,0,0,0,0,0,4,0,0,0
130335,0,2,1986,0,0,0,0,0,0,0,0,0,0
130335,0,3,1986,0,0,0,0,0,0,0,0,0,0
130335,1,1,1986,0,0,0,0,0,0,0,0,0,0
130336,1,1,1986,0,0,0,0,0,0,0,12,0,0
130336,2,1,1986,0,0,0,0,0,0,0,16,0,0
130337,1,1,1986,0,0,0,0,0,0,0,0,0,0
130337,2,1,1986,15,15,15,15,15,15,15,15,15,15
130338,0,1,1986,0,0,0,0,0,0,0,0,0,0
130338,1,1,1986,0,0,0,0,0,15,0,0,13,0
130339,1,1,1986,0,0,0,0,0,0,0,0,0,0
130339,2,1,1986,10,0,0,0,7,0,0,0,0,0
130340,1,1,1986,0,0,0,0,0,0,0,0,0,0
130341,1,1,1986,0,0,4,15,0,0,0,0,0,0
130342,1,1,1986,0,0,0,0,0,0,0,0,0,0
130343,0,1,1986,0,0,0,0,0,0,0,0,0,0
130343,1,1,1986,0,0,0,0,0,0,0,0,0,0
130344,1,1,1986,26,26,26,26,26,26,26,26,26,26
130345,1,1,1986,14,14,14,14,14,14,14,14,14,14
130346,1,1,1986,0,0,0,0,0,0,0,0,0,0
130346,2,1,1986,0,0,0,0,0,0,0,0,0,15
130347,1,1,1986,0,0,0,0,0,5,0,0,0,16
130347,2,1,1986,0,0,0,0,0,0,0,0,0,0
130348,1,1,1986,0,0,0,0,0,0,0,0,0,0
130348,2,1,1986,7,0,0,0,0,0,0,0,7,0
130349,0,1,1986,0,0,0,0,0,0,0,0,0,0
130349,1,1,1986,0,0,0,0,0,0,0,0,0,0
130350,1,1,1986,0,0,0,0,0,0,0,0,0,0
130350,2,1,1986,0,0,0,0,0,0,0,0,0,0
130351,1,1,1986,8,9,2,7,20,18,0,14,11,26
130351,2,1,1986,0,20,14,23,10,0,19,3,6,22
130352,1,1,1986,0,0,0,0,0,0,0,0,0,0
130352,2,1,1986,0,0,0,0,0,0,0,0,0,0
130353,0,1,1986,0,0,0,0,0,0,0,0,0,0
130353,1,1,1986,0,0,0,0,0,0,0,0,0,12
130354,1,1,1986,11,7,20,10,0,12,10,25,13,13
130354,2,1,1986,0,0,0,0,0,0,0,0,0,0
130355,0,1,1986,0,0,0,0,0,0,0,0,0,0
130355,1,1,1986,12,12,10,17,4,8,7,25,0,4
130356,1,1,1986,25,25,25,25,25,25,25,25,25,25
130357,1,1,1986,0,0,0,0,0,0,0,0,0,0
130357,2,1,1986,0,0,0,0,0,0,0,0,0,0
130358,1,1,1986,0,0,0,0,0,0,0,0,0,0
130358,2,1,1986,2,2,2,2,2,2,2,2,2,2
130359,1,1,1986,15,15,15,15,15,15,15,15,15,15
130359,2,1,1986,0,0,0,0,0,0,0,0,0,0
130360,1,1,1986,22,0,12,22,6,19,12,19,11,25
130361,1,1,1986,26,26,26,26,26,26,26,26,26,26
130362,1,1,1986,16,16,16,16,16,16,16,16,16,16
130363,1,1,1986,0,0,0,0,0,0,0,0,0,0
130363,2,1,1986,6,25,0,55,32,18,26,25,11,8
130364,1,1,1986,15,15,15,15,15,15,15,15,15,15
130364,2,1,1986,0,0,0,0,0,0,0,0,0,0
130366,1,1,1986,25,25,25,25,25,25,25,25,25,25
130367,1,1,1986,0,7,0,0,38,0,0,8,8,0
130368,1,1,1986,0,0,0,0,0,0,0,0,0,0
130368,2,1,1986,0,0,0,0,19,17,0,27,0,0
130369,1,1,1986,0,0,0,0,0,0,0,0,0,0
130369,2,1,1986,0,0,0,0,0,0,0,0,0,0
130370,1,1,1986,0,0,0,0,0,0,0,0,0,0
130370,2,1,1986,0,0,0,0,0,0,0,0,0,0
130371,0,1,1986,25,25,25,25,25,25,25,25,25,25
130371,1,1,1986,18,18,18,18,18,18,18,18,18,18
130372,1,1,1986,13,13,13,13,13,13,13,13,13,13
130373,1,1,1986,19,19,19,19,19,19,19,19,19,19
130374,1,1,1986,0,0,0,0,0,0,0,0,0,0
130374,2,1,1986,0,0,0,0,0,0,0,0,0,0
130375,1,1,1986,0,0,0,0,0,0,0,0,0,0
130375,2,1,1986,0,0,0,0,0,0,0,0,0,0
130376,1,1,1986,0,0,0,0,0,0,0,0,0,0
130377,1,1,1986,0,0,0,0,0,0,0,0,0,0
130377,2,1,1986,0,0,0,0,0,0,0,0,0,9
130378,1,1,1986,0,0,0,0,0,0,0,0,0,0
130379,1,1,1986,0,0,0,0,0,0,0,6,0,0
130379,2,1,1986,10,0,0,0,0,0,0,0,0,0
130380,1,1,1986,0,0,0,0,8,0,0,0,0,0
130380,2,1,1986,0,0,0,0,0,0,0,0,0,0
130381,1,1,1986,0,0,4,0,0,0,0,0,0,0
130382,1,1,1986,0,0,0,0,0,0,0,0,0,0
130382,2,1,1986,0,0,0,0,0,0,0,0,0,0
130383,1,1,1986,0,0,0,0,0,0,0,0,0,0
130383,2,1,1986,0,0,0,0,0,0,0,0,0,0
130383,3,1,1986,0,0,0,0,0,12,0,0,0,15
130384,1,1,1986,13,8,13,3,29,20,0,24,36,14
130385,1,1,1986,0,0,0,0,0,0,0,0,0,0
130386,1,1,1986,11,14,21,21,10,6,13,22,19,20
130387,1,1,1986,27,27,21,27,0,20,0,15,43,0
130388,1,1,1986,13,13,13,13,13,13,13,13,13,13
130389,1,1,1986,0,18,0,0,4,0,0,0,0,0
130389,2,1,1986,0,0,0,0,0,0,0,0,0,0
130390,0,1,1986,0,0,0,0,0,0,0,0,0,0
130390,1,1,1986,13,0,0,0,0,0,0,0,0,0
130391,1,1,1986,5,0,0,0,0,0,0,0,0,0
130391,2,1,1986,0,0,0,0,0,0,0,0,0,0
130392,1,1,1986,0,0,0,0,0,0,0,0,0,0
130392,2,1,1986,3,3,3,3,3,3,3,3,3,3
130393,1,1,1986,31,31,31,31,31,31,31,31,31,31
130393,2,1,1986,0,0,0,0,0,0,0,0,0,0
130394,0,1,1986,20,20,20,20,20,20,20,20,20,20
130394,1,1,1986,0,0,0,0,0,0,0,0,0,0
130394,2,1,1986,9,0,0,0,0,0,0,0,0,0
130395,1,1,1986,37,37,37,37,37,37,37,37,37,37
130395,2,1,1986,0,0,0,0,0,0,0,0,0,0
130396,1,1,1986,25,25,25,25,25,25,25,25,25,25
130397,0,1,1986,15,15,15,15,15,15,15,15,15,15
130397,1,1,1986,0,0,0,0,0,0,0,0,0,0
130398,0,1,1986,0,0,0,0,0,0,0,0,0,0
130398,1,1,1986,19,19,19,19,19,19,19,19,19,19
130399,1,1,1986,0,0,0,0,0,0,0,0,0,0
130399,2,1,1986,0,0,0,0,0,0,0,0,0,0
130400,1,1,1986,19,19,19,19,19,19,19,19,19,19
130400,2,1,1986,0,0,0,0,0,0,0,0,0,0
130400,3,1,1986,0,0,0,0,0,0,0,0,3,0
130401,0,1,1986,17,17,17,17,17,17,17,17,17,17
130401,1,1,1986,0,0,0,6,0,0,0,0,0,0
130402,1,1,1986,11,11,11,11,11,11,11,11,11,11
130402,2,1,1986,11,11,11,11,11,11,11,11,11,11
130403,1,1,1986,28,28,28,28,28,28,28,28,28,28
130404,0,1,1986,13,13,13,13,13,13,13,13,13,13
130404,1,1,1986,0,19,0,20,16,11,14,27,14,0
130405,1,1,1986,0,0,0,0,0,0,0,0,0,0
130405,2,1,1986,0,0,0,0,0,0,0,0,0,0
130406,1,1,1986,0,0,0,0,0,0,0,0,0,0
130407,1,1,1986,0,0,0,0,0,0,0,0,0,0
130407,2,1,1986,0,0,0,0,0,0,0,0,0,0
130408,0,1,1986,42,42,42,42,42,42,42,42,42,42
130408,1,1,1986,0,0,0,0,0,0,0,0,0,0
130409,1,1,1986,0,18,12,0,20,13,18,25,17,18
130410,1,1,1986,0,0,0,0,0,0,0,0,0,0
130410,2,1,1986,0,0,0,0,0,0,0,0,0,0
130411,1,1,1986,0,0,0,0,0,0,0,0,0,0
130411,2,1,1986,0,0,0,0,0,0,0,0,0,0
130412,1,1,1986,16,16,16,16,16,16,16,16,16,16
130412,2,1,1986,13,13,13,13,13,13,13,13,13,13
130414,1,1,1986,18,18,18,18,18,18,18,18,18,18
130414,2,1,1986,2,2,2,2,2,2,2,2,2,2
130415,1,1,1986,12,12,12,12,12,12,12,12,12,12
130416,1,1,1986,0,0,0,0,0,0,0,0,0,11
130416,2,1,1986,0,0,0,0,0,0,0,0,0,0
130416,3,1,1986,0,8,0,0,19,0,0,0,0,0
130418,0,1,1986,0,0,0,0,0,0,0,0,0,0
130418,1,1,1986,21,21,21,21,21,21,21,21,21,21
130419,0,1,1986,0,0,0,0,0,0,0,0,0,42
130419,1,1,1986,0,0,0,0,0,0,0,0,0,0
130420,1,1,1986,14,14,14,14,14,14,14,14,14,14
130422,1,1,1986,27,27,27,27,27,27,27,27,27,27
130422,2,1,1986,3,3,3,3,3,3,3,3,3,3
130423,1,1,1986,11,11,11,11,11,11,11,11,11,11
130424,1,1,1986,0,31,10,0,0,23,5,0,22,15
130425,0,1,1986,0,0,0,0,0,0,0,0,0,0
130425,1,1,1986,8,0,0,0,0,0,0,0,0,0
130426,0,1,1986,0,0,0,0,0,0,0,0,0,0