ST_CASE,VEH_NO,PER_NO,YEAR,P1,P2,P3,P4,P5,P6,P7,P8,P9,P10
130426,1,1,1986,0,0,0,0,0,0,0,0,0,0
130427,1,1,1986,19,0,0,5,0,0,0,5,0,7
130428,1,1,1986,0,0,0,0,0,0,0,0,0,0
130429,0,1,1986,0,0,0,0,0,0,0,0,0,0
130429,1,1,1986,5,5,5,5,5,5,5,5,5,5
130430,1,1,1986,0,0,0,0,0,0,0,0,0,0
130430,2,1,1986,7,7,7,7,7,7,7,7,7,7
130431,0,1,1986,0,0,0,0,0,0,0,0,0,0
130431,0,2,1986,0,0,0,0,0,0,0,0,0,0
130431,1,1,1986,0,0,0,0,0,0,0,0,0,0
130433,1,1,1986,6,0,0,0,0,0,8,0,0,0
130433,2,1,1986,18,18,18,18,18,18,18,18,18,18
130434,1,1,1986,12,12,12,12,12,12,12,12,12,12
130435,1,1,1986,26,26,26,26,26,26,26,26,26,26
130436,1,1,1986,19,0,15,0,0,0,0,0,0,0
130436,2,1,1986,6,6,6,6,6,6,6,6,6,6
130437,0,1,1986,0,0,0,0,0,0,0,0,0,0
130437,1,1,1986,0,0,0,0,0,0,0,0,0,0
130438,1,1,1986,11,11,11,11,11,11,11,11,11,11
130438,2,1,1986,0,0,0,0,0,0,0,0,0,0
130439,1,1,1986,0,0,0,0,0,0,0,0,0,0
130440,1,1,1986,0,0,0,0,0,0,0,0,0,0
130440,2,1,1986,0,0,0,0,0,0,0,0,0,0
130441,1,1,1986,0,0,0,0,0,0,0,0,0,0
130441,2,1,1986,0,8,0,0,0,0,0,0,0,0
130442,1,1,1986,28,0,14,10,35,9,19,0,21,13
130443,1,1,1986,25,0,22,20,27,18,12,0,23,22
130444,1,1,1986,25,0,19,31,21,11,13,15,12,16
130445,1,1,1986,0,0,0,0,0,0,0,0,0,0
130446,1,1,1986,14,14,14,14,14,14,14,14,14,14
130447,1,1,1986,17,17,17,17,17,17,17,17,17,17
130447,2,1,1986,0,0,0,0,0,0,0,0,0,0
130447,3,1,1986,0,0,0,0,0,0,0,0,0,0
130448,1,1,1986,0,0,0,0,0,0,0,0,0,0
130448,2,1,1986,0,0,0,0,0,0,0,0,0,0
130449,1,1,1986,0,0,0,0,0,0,0,0,0,0
130450,1,1,1986,0,0,0,0,0,0,0,0,0,0
130450,2,1,1986,0,11,0,0,0,0,0,0,0,0
130451,1,1,1986,12,12,12,12,12,12,12,12,12,12
130452,1,1,1986,0,0,3,0,0,0,0,0,0,0
130452,2,1,1986,0,0,0,0,18,0,0,11,0,0
130452,3,1,1986,0,0,0,0,20,0,0,0,0,0
130453,1,1,1986,0,0,0,0,0,0,0,0,0,0
130454,1,1,1986,0,0,0,0,0,0,0,0,0,0
130455,1,1,1986,0,0,0,0,0,0,0,0,0,0
130455,2,1,1986,0,0,0,0,0,0,0,0,0,0
130456,1,1,1986,0,0,0,0,0,0,0,0,0,0
130456,2,1,1986,0,0,0,0,0,0,0,0,0,0
130457,1,1,1986,16,16,16,16,16,16,16,16,16,16
130458,1,1,1986,0,0,0,0,0,0,0,0,0,0
130458,2,1,1986,0,0,0,0,0,0,0,0,0,0
130458,3,1,1986,0,0,0,0,0,0,0,0,0,0
130458,4,1,1986,12,0,0,0,0,0,0,0,0,0
130458,5,1,1986,0,0,0,0,0,5,0,0,0,11
130458,6,1,1986,0,0,0,0,0,0,0,0,0,0
130459,1,1,1986,0,0,18,0,0,0,0,0,0,0
130459,2,1,1986,0,0,0,0,0,0,0,0,0,0
130460,1,1,1986,15,15,15,15,15,15,15,15,15,15
130460,2,1,1986,21,0,0,0,0,0,14,0,0,0
130461,1,1,1986,0,0,0,0,0,0,0,0,0,0
130461,2,1,1986,0,0,0,0,0,0,0,0,0,0
130462,1,1,1986,0,0,0,0,0,0,0,0,0,0
130462,2,1,1986,0,0,0,0,0,0,0,4,0,0
130463,1,1,1986,0,0,0,0,0,0,0,0,0,0
130463,2,1,1986,0,0,0,0,0,0,0,0,0,0
130464,1,1,1986,0,0,0,0,0,0,0,0,0,0
130465,1,1,1986,26,26,26,26,26,26,26,26,26,26
130466,1,1,1986,0,0,0,0,0,0,0,0,0,0
130466,2,1,1986,0,0,0,0,0,0,0,0,0,0
130467,1,1,1986,0,0,0,0,0,0,0,0,0,0
130468,0,1,1986,28,28,28,28,28,28,28,28,28,28
130468,1,1,1986,0,0,0,0,0,0,0,0,0,0
130469,1,1,1986,15,17,9,20,16,19,0,25,10,17
130470,1,1,1986,0,0,0,0,0,0,0,0,0,0
130471,1,1,1986,25,25,25,25,25,25,25,25,25,25
130472,1,1,1986,0,0,0,0,0,0,0,0,0,0
130473,0,1,1986,0,0,0,0,0,0,0,12,0,0
130473,1,1,1986,0,0,0,0,0,0,0,0,0,0
130474,1,1,1986,0,0,0,0,0,0,0,0,0,0
130474,2,1,1986,0,0,0,0,0,0,0,0,0,0
130475,1,1,1986,0,0,0,0,0,0,0,0,0,0
130475,2,1,1986,0,0,0,0,0,0,0,0,0,0
130476,0,1,1986,0,0,0,0,0,0,0,0,0,0
130476,1,1,1986,0,0,0,0,0,0,0,0,0,0
130477,1,1,1986,0,0,0,0,0,0,0,0,0,0
130478,1,1,1986,0,0,0,0,0,0,0,23,0,0
130479,0,1,1986,0,0,0,0,0,0,0,0,0,0
130479,1,1,1986,0,0,0,0,0,0,0,0,0,0
130480,1,1,1986,0,0,0,0,0,0,0,0,0,0
130481,1,1,1986,15,15,15,15,15,15,15,15,15,15
130482,1,1,1986,19,19,19,19,19,19,19,19,19,19
130483,0,1,1986,0,0,25,39,30,0,0,0,0,15
130483,0,2,1986,17,19,9,0,8,17,0,2,6,14
130483,1,1,1986,7,7,7,7,7,7,7,7,7,7
130483,2,1,1986,17,17,17,17,17,17,17,17,17,17
130484,1,1,1986,35,35,35,35,35,35,35,35,35,35
130485,1,1,1986,0,0,0,0,0,2,0,0,0,0
130485,2,1,1986,0,0,0,0,0,0,0,0,0,0
130486,1,1,1986,5,5,5,5,5,5,5,5,5,5
130486,2,1,1986,3,3,3,3,3,3,3,3,3,3
130487,1,1,1986,0,0,0,0,0,0,0,0,0,0
130487,2,1,1986,0,0,0,0,0,0,0,0,0,0
130488,1,1,1986,0,0,0,0,0,0,0,0,0,0
130488,2,1,1986,0,0,0,0,0,0,0,0,0,0
130489,1,1,1986,0,0,0,0,0,0,0,0,0,0
130489,2,1,1986,0,0,0,0,0,0,0,0,0,0
130490,1,1,1986,0,0,0,0,0,0,0,0,0,0
130490,2,1,1986,0,0,0,0,0,0,0,0,0,0
130491,1,1,1986,0,0,0,0,0,0,0,0,0,0
130491,2,1,1986,0,0,0,0,0,0,0,0,0,0
130491,3,1,1986,0,0,0,0,0,0,0,0,0,0
130492,1,1,1986,0,6,0,0,0,0,0,0,0,0
130492,2,1,1986,0,0,0,0,0,0,0,0,0,0
130493,1,1,1986,12,12,12,12,12,12,12,12,12,12
130494,1,1,1986,0,0,0,0,0,0,0,0,0,0
130494,2,1,1986,0,0,0,0,0,0,0,0,0,0
130495,0,1,1986,12,12,12,12,12,12,12,12,12,12
130495,1,1,1986,0,0,0,0,0,0,0,0,0,0
130496,1,1,1986,0,0,0,0,0,0,0,0,0,0
130496,2,1,1986,0,0,0,0,0,0,0,0,0,0
130497,1,1,1986,25,25,25,25,25,25,25,25,25,25
130498,1,1,1986,0,0,0,0,0,0,11,0,0,0
130498,2,1,1986,0,0,0,0,0,0,0,0,0,0
130498,3,1,1986,0,0,0,0,0,0,0,0,0,0
130499,1,1,1986,0,0,0,0,0,0,0,0,0,0
130499,2,1,1986,0,0,0,0,0,0,0,0,0,0
130500,1,1,1986,6,0,0,0,0,0,0,0,0,0
130500,2,1,1986,0,0,0,0,0,0,0,0,0,0
130501,1,1,1986,0,0,0,0,0,0,0,0,0,0
130501,2,1,1986,0,0,0,0,0,0,0,0,0,0
130502,1,1,1986,29,11,13,21,5,17,19,14,12,16
130502,2,1,1986,0,0,0,0,0,0,0,0,0,0
130503,1,1,1986,0,0,0,0,0,0,0,0,0,0
130503,2,1,1986,0,0,0,0,0,0,0,0,0,0
130504,1,1,1986,0,0,0,0,0,0,0,0,0,0
130505,1,1,1986,20,20,20,20,20,20,20,20,20,20
130506,1,1,1986,17,0,0,8,0,11,0,0,0,0
130506,2,1,1986,2,2,2,2,2,2,2,2,2,2
130507,1,1,1986,0,0,0,0,0,0,0,0,0,0
130507,2,1,1986,0,0,0,0,0,0,0,0,0,0
130508,1,1,1986,13,13,13,13,13,13,13,13,13,13
130509,1,1,1986,33,33,33,33,33,33,33,33,33,33
130510,1,1,1986,14,14,14,14,14,14,14,14,14,14
130510,2,1,1986,0,0,0,0,0,0,0,0,0,0
130511,1,1,1986,0,0,0,0,0,0,0,0,25,0
130511,2,1,1986,0,0,0,0,0,0,0,0,0,0
130512,1,1,1986,0,0,0,0,0,0,0,0,0,0
130512,2,1,1986,24,24,24,24,24,24,24,24,24,24
130513,1,1,1986,0,0,0,14,0,0,0,0,0,0
130513,2,1,1986,12,0,0,9,0,0,0,0,0,0
130514,1,1,1986,18,18,18,18,18,18,18,18,18,18
130515,1,1,1986,0,16,0,3,0,0,0,0,0,0
130516,1,1,1986,0,0,0,0,0,0,0,0,0,0
130517,0,1,1986,0,0,0,0,0,0,0,0,0,0
130517,1,1,1986,0,0,0,0,0,0,0,0,0,0
130518,0,1,1986,0,0,0,0,0,0,0,0,0,0
130518,1,1,1986,13,4,49,22,18,42,19,19,12,14
130519,1,1,1986,0,0,0,0,0,0,0,0,0,0
130519,2,1,1986,0,0,0,0,0,0,24,11,0,0
130520,1,1,1986,0,0,0,0,0,0,0,0,0,0
130521,1,1,1986,0,0,0,0,0,0,0,0,0,0
130521,2,1,1986,0,0,0,0,18,0,0,0,0,0
130522,1,1,1986,5,5,5,5,5,5,5,5,5,5
130522,2,1,1986,0,0,0,0,0,0,0,0,0,0
130523,1,1,1986,14,14,14,14,14,14,14,14,14,14
130524,1,1,1986,0,0,0,0,0,0,0,0,0,0
130524,2,1,1986,0,0,0,0,0,0,0,0,0,0
130525,1,1,1986,28,28,28,28,28,28,28,28,28,28
130526,1,1,1986,0,0,0,0,0,0,0,0,0,0
130526,2,1,1986,0,0,0,0,0,0,0,0,3,0
130527,1,1,1986,21,21,21,21,21,21,21,21,21,21
130528,1,1,1986,9,9,9,9,9,9,9,9,9,9
130529,1,1,1986,0,0,0,11,0,0,0,0,10,0
130530,2,1,1986,0,0,0,0,0,0,0,0,0,0
130531,1,1,1986,11,11,11,11,11,11,11,11,11,11
130531,2,1,1986,0,0,0,0,0,0,0,0,0,0
130532,1,1,1986,18,18,0,10,0,0,10,17,21,13
130533,1,1,1986,11,11,11,11,11,11,11,11,11,11
130534,1,1,1986,0,13,0,9,19,0,18,0,20,15
130535,1,1,1986,0,0,0,0,0,0,0,0,0,0
130535,2,1,1986,0,0,0,0,0,0,0,0,0,0
130536,1,1,1986,15,15,15,15,15,15,15,15,15,15
130537,1,1,1986,0,0,0,0,0,0,0,0,0,0
130537,2,1,1986,0,0,0,0,0,0,0,0,0,0
130538,1,1,1986,8,8,8,8,8,8,8,8,8,8
130539,1,1,1986,0,0,0,0,0,13,18,0,0,0
130540,1,1,1986,28,28,28,28,28,28,28,28,28,28
130541,1,1,1986,0,0,0,8,0,0,0,0,0,0
130542,1,1,1986,33,33,33,33,33,33,33,33,33,33
130543,1,1,1986,16,16,16,16,16,16,16,16,16,16
130544,0,1,1986,0,0,0,0,0,0,0,0,0,0
130544,1,1,1986,0,0,0,0,0,0,0,0,0,0
130545,1,1,1986,20,0,0,0,0,0,17,28,14,0
130545,2,1,1986,0,0,0,0,0,0,0,0,0,0
130546,1,1,1986,0,0,0,0,0,0,0,0,0,0
130546,2,1,1986,0,0,0,0,0,0,0,0,0,0
130547,1,1,1986,13,0,0,0,0,0,0,12,11,0
130548,1,1,1986,10,10,10,10,10,10,10,10,10,10
130549,0,1,1986,0,0,0,0,0,0,0,0,0,0
130549,1,1,1986,7,7,7,7,7,7,7,7,7,7
130550,0,1,1986,0,0,0,0,0,0,0,0,0,0
130550,1,1,1986,0,0,0,0,0,0,0,0,0,0
130551,1,1,1986,0,0,0,0,0,0,0,0,0,0
130551,2,1,1986,5,0,0,0,0,0,0,0,0,0
130552,1,1,1986,24,24,24,24,24,24,24,24,24,24
130553,1,1,1986,23,23,23,23,23,23,23,23,23,23
130554,1,1,1986,14,0,0,0,0,0,0,0,0,0
130554,2,1,1986,0,0,0,0,0,0,0,0,0,0
130555,0,1,1986,27,27,27,27,27,27,27,27,27,27
130555,1,1,1986,20,0,27,17,12,12,26,21,14,14
130556,1,1,1986,0,0,0,0,0,0,0,0,0,0
130556,2,1,1986,0,0,0,0,0,0,0,0,0,0
130556,3,1,1986,0,0,13,0,0,0,0,0,0,0
130556,4,1,1986,0,0,0,0,0,0,0,0,0,0
130556,5,1,1986,0,0,0,0,0,0,9,0,0,0
130556,6,1,1986,0,0,0,0,0,0,0,0,0,0
130556,7,1,1986,0,0,0,0,0,0,0,0,0,0
130556,8,1,1986,0,0,0,0,0,0,0,0,0,0
130556,9,1,1986,0,0,0,0,0,0,0,0,0,0
130556,10,1,1986,0,0,0,0,0,0,0,0,0,0
130556,11,1,1986,0,0,0,0,0,0,0,0,0,0
130556,12,1,1986,0,0,0,0,0,0,0,0,0,0
130557,1,1,1986,21,21,21,21,21,21,21,21,21,21
130558,0,1,1986,0,0,0,0,0,0,0,0,0,0
130558,1,1,1986,0,0,0,0,0,0,0,0,0,0
130559,0,1,1986,21,21,21,21,21,21,21,21,21,21
130559,1,1,1986,29,39,37,9,6,0,10,0,0,32
130560,0,1,1986,12,12,12,12,12,12,12,12,12,12
130560,1,1,1986,0,0,0,0,0,0,0,0,0,7
130561,1,1,1986,0,0,0,0,0,0,0,0,0,0
130561,2,1,1986,0,0,0,0,0,0,0,0,0,0
130562,1,1,1986,0,0,0,0,0,0,0,0,0,0
130562,2,1,1986,0,0,0,0,0,0,0,0,0,0
130563,0,1,1986,19,12,10,21,20,14,0,22,0,0
130563,0,2,1986,4,35,37,17,22,0,0,22,6,5
130563,1,1,1986,0,0,0,0,0,0,0,0,14,0
130564,1,1,1986,0,0,0,0,0,0,0,0,0,0
130564,2,1,1986,0,0,0,0,0,0,0,0,0,0
130565,1,1,1986,28,28,28,28,28,28,28,28,28,28
130565,2,1,1986,0,0,0,0,0,0,0,0,0,0
130566,1,1,1986,13,13,13,13,13,13,13,13,13,13
130566,2,1,1986,0,0,0,0,0,0,0,0,0,0
130567,1,1,1986,0,0,0,0,0,0,0,0,0,0
130568,1,1,1986,17,17,17,17,17,17,17,17,17,17
130569,1,1,1986,0,0,0,0,0,0,0,0,0,0
130569,2,1,1986,3,3,3,3,3,3,3,3,3,3
130570,0,1,1986,0,0,0,0,0,0,0,0,0,0
130570,1,1,1986,0,0,0,0,0,0,0,0,0,0
130571,1,1,1986,17,17,17,17,17,17,17,17,17,17
130572,1,1,1986,0,0,0,0,0,0,0,0,0,0
130572,2,1,1986,0,0,0,0,0,0,0,0,0,0
130572,3,1,1986,0,0,0,0,0,0,0,0,0,0
130573,1,1,1986,0,0,0,0,0,0,0,0,0,0
130574,1,1,1986,0,0,0,0,0,0,0,0,0,0
130574,2,1,1986,0,0,0,0,0,0,0,0,0,0
130575,0,1,1986,0,0,0,0,0,0,0,0,0,0
130575,1,1,1986,0,0,0,0,0,0,0,0,0,0
130576,1,1,1986,13,6,17,19,9,0,16,12,14,14
130577,1,1,1986,17,17,17,17,17,17,17,17,17,17
130578,1,1,1986,19,19,19,19,19,19,19,19,19,19
130579,1,1,1986,0,0,0,0,0,0,0,0,0,0
130580,1,1,1986,0,0,25,0,0,0,0,0,0,0
130580,2,1,1986,0,0,0,0,0,0,0,0,0,0
130581,1,1,1986,0,29,0,0,0,0,0,0,0,0
130582,0,1,1986,0,0,0,0,0,0,0,0,0,0
130582,1,1,1986,0,0,0,0,0,0,0,0,0,0
130583,1,1,1986,0,0,0,9,0,14,0,0,0,0
130583,2,1,1986,14,14,14,14,14,14,14,14,14,14
130584,1,1,1986,18,18,18,18,18,18,18,18,18,18
130585,1,1,1986,0,0,0,0,0,0,0,0,0,0
130588,1,1,1986,0,0,0,5,0,0,12,3,0,0
130588,2,1,1986,0,0,7,0,0,0,0,0,0,0
130589,1,1,1986,30,30,30,30,30,30,30,30,30,30
130590,0,1,1986,0,0,0,0,0,0,0,0,0,0
130590,1,1,1986,0,0,0,0,0,0,0,0,0,22
130591,1,1,1986,13,0,0,19,0,0,0,0,0,0
130592,1,1,1986,0,0,0,0,0,0,0,0,0,0
130592,2,1,1986,0,0,0,0,0,0,0,0,0,0
130593,1,1,1986,17,17,17,17,17,17,17,17,17,17
130594,0,1,1986,20,20,20,20,20,20,20,20,20,20
130594,1,1,1986,0,20,0,0,0,0,0,0,0,0
130594,2,1,1986,0,0,0,0,0,0,0,0,0,0
130595,1,1,1986,10,10,10,10,10,10,10,10,10,10
130596,1,1,1986,40,40,40,40,40,40,40,40,40,40
130597,1,1,1986,0,0,0,0,0,0,0,0,0,0
130598,1,1,1986,0,0,0,0,0,0,0,0,0,0
130598,2,1,1986,2,20,0,26,0,0,0,0,0,0
130598,3,1,1986,0,0,0,0,0,0,0,0,0,0
130599,1,1,1986,22,0,13,0,29,0,0,11,7,0
130599,2,1,1986,16,0,0,0,0,0,13,0,23,0
130601,1,1,1986,0,0,0,0,0,0,0,0,0,0
130601,2,1,1986,0,0,0,0,0,0,0,0,0,0
130602,1,1,1986,0,0,0,0,0,0,0,23,14,34
130603,1,1,1986,21,21,21,21,21,21,21,21,21,21
130604,1,1,1986,0,0,0,0,0,0,0,0,0,0
130605,0,1,1986,0,0,0,0,0,0,0,0,0,0
130605,1,1,1986,0,0,0,0,0,0,0,0,0,0
130606,1,1,1986,16,16,16,16,16,16,16,16,16,16
130607,1,1,1986,0,0,0,0,0,14,8,0,0,0
130608,1,1,1986,18,6,16,17,0,17,0,0,0,0
130609,1,1,1986,0,0,0,0,0,0,0,0,0,0
130609,2,1,1986,0,0,0,0,0,0,0,0,0,0
130609,3,1,1986,0,0,0,0,0,0,0,0,0,0
130610,0,1,1986,6,0,0,0,12,0,15,0,0,17
130610,1,1,1986,0,0,0,0,0,14,0,0,0,0
130610,2,1,1986,0,0,0,0,0,0,0,0,0,9
130611,1,1,1986,0,0,0,0,0,0,0,0,0,0
130612,1,1,1986,0,0,0,0,0,0,0,0,0,0
130612,2,1,1986,0,0,0,0,0,0,0,0,0,0
130613,1,1,1986,0,12,18,0,0,0,0,15,10,0
130614,1,1,1986,0,16,14,8,0,12,0,16,0,38
130614,2,1,1986,0,0,9,0,0,0,11,0,0,0
130615,1,1,1986,11,11,0,12,19,18,0,0,0,14
130616,1,1,1986,0,0,0,0,0,0,0,0,0,0
130617,1,1,1986,13,14,0,0,0,0,0,0,0,4
130618,0,1,1986,0,0,0,0,0,0,30,9,0,0
130618,1,1,1986,0,2,0,0,0,0,0,0,0,0
130619,1,1,1986,0,0,0,0,0,0,0,0,0,0
130620,1,1,1986,2,2,2,2,2,2,2,2,2,2
130620,2,1,1986,0,0,0,0,0,0,0,0,0,0
130621,1,1,1986,0,0,0,0,0,0,0,0,0,0
130621,2,1,1986,14,14,14,14,14,14,14,14,14,14
130622,1,1,1986,0,0,0,0,0,0,0,0,0,0
130622,2,1,1986,0,0,0,0,0,0,0,0,0,0
130624,1,1,1986,0,0,0,0,0,0,0,0,0,0
130624,2,1,1986,0,0,0,0,9,0,0,0,0,0
130624,3,1,1986,0,0,0,0,0,0,0,0,0,0
130625,0,1,1986,24,14,0,26,19,0,35,33,30,8
130625,1,1,1986,39,2,28,0,10,13,0,26,0,13
130625,2,1,1986,0,0,0,0,0,0,0,0,5,0
130626,1,1,1986,0,0,0,0,0,0,0,0,0,0
130626,2,1,1986,0,0,0,0,0,0,0,0,0,0
130627,1,1,1986,0,0,0,0,0,0,0,0,0,0
130627,2,1,1986,0,0,0,0,0,0,0,0,0,0
130628,1,1,1986,14,14,14,14,14,14,14,14,14,14
130629,1,1,1986,29,29,29,29,29,29,29,29,29,29
130630,1,1,1986,0,0,0,0,0,0,0,0,0,0
130630,2,1,1986,0,0,0,0,0,0,0,0,0,0
130631,1,1,1986,0,0,0,0,0,0,0,0,0,0
130632,1,1,1986,34,34,34,34,34,34,34,34,34,34
130633,1,1,1986,6,6,6,6,6,6,6,6,6,6
130634,1,1,1986,23,23,23,23,23,23,23,23,23,23
130635,1,1,1986,0,0,0,0,0,0,0,0,0,0
130636,0,1,1986,13,13,13,13,13,13,13,13,13,13
130636,1,1,1986,6,6,6,6,6,6,6,6,6,6
130637,1,1,1986,0,0,0,0,0,0,0,0,0,0
130637,2,1,1986,0,0,0,0,0,0,0,0,0,0
130638,0,1,1986,21,21,21,21,21,21,21,21,21,21
130638,1,1,1986,18,18,18,18,18,18,18,18,18,18
130639,1,1,1986,1,1,1,1,1,1,1,1,1,1
130639,2,1,1986,0,0,0,0,0,0,0,0,0,0
130640,1,1,1986,0,0,0,0,0,0,0,0,0,0
130641,1,1,1986,0,0,0,0,0,0,0,0,0,0
130642,1,1,1986,9,8,29,9,5,10,0,5,21,7
130643,1,1,1986,0,0,0,0,0,15,0,0,0,0
130643,2,1,1986,0,0,0,0,0,0,0,0,0,0
130644,1,1,1986,0,0,0,0,0,0,0,0,0,0
130645,1,1,1986,0,0,0,0,0,0,0,0,0,0
130646,1,1,1986,16,16,16,16,16,16,16,16,16,16
130647,1,1,1986,25,0,0,0,0,0,0,0,0,0
130647,2,1,1986,0,3,0,19,0,9,0,0,6,0
130647,3,1,1986,0,21,0,0,0,16,0,0,0,0
130648,2,1,1986,0,0,0,0,11,0,0,0,0,0
130649,1,1,1986,26,26,26,26,26,26,26,26,26,26
130650,1,1,1986,0,0,0,0,0,0,0,11,0,11
130650,2,1,1986,0,0,0,0,0,0,0,0,0,0
130651,1,1,1986,4,4,4,4,4,4,4,4,4,4
130651,2,1,1986,0,0,0,0,0,0,0,0,0,0
130652,1,1,1986,0,0,0,0,0,0,0,0,0,0
130652,2,1,1986,0,0,0,0,0,0,0,0,0,0
130653,0,1,1986,0,0,0,0,0,0,0,0,0,0
130653,1,1,1986,0,0,0,0,0,0,10,0,0,0
130654,1,1,1986,0,0,0,0,0,0,0,0,0,0
130654,2,1,1986,18,0,4,0,0,0,0,0,11,0
130654,3,1,1986,0,0,0,0,0,0,0,0,17,0
130655,0,1,1986,43,43,43,43,43,43,43,43,43,43
130655,1,1,1986,19,19,19,19,19,19,19,19,19,19
130659,0,1,1986,12,0,16,0,0,0,12,15,14,6
130659,1,1,1986,3,21,0,28,9,26,0,17,0,7
130660,1,1,1986,0,0,0,0,0,6,0,0,0,0
130660,2,1,1986,4,4,4,4,4,4,4,4,4,4
130661,1,1,1986,2,2,2,2,2,2,2,2,2,2
130662,1,1,1986,0,0,0,0,0,0,0,0,0,0
130662,2,1,1986,0,0,0,0,0,0,0,0,0,0
130663,1,1,1986,0,0,0,0,0,0,0,0,0,0
130664,1,1,1986,0,0,0,0,0,0,0,0,0,0
130664,2,1,1986,0,0,0,0,0,0,0,0,0,0
130664,3,1,1986,0,0,0,0,0,0,0,0,0,0
130665,1,1,1986,0,0,0,0,0,0,0,0,0,0
130665,2,1,1986,0,0,0,0,0,0,0,0,0,0
130666,0,1,1986,0,0,0,0,0,0,0,0,0,0
130666,1,1,1986,0,0,3,7,0,0,0,0,0,0
130667,1,1,1986,0,0,0,0,0,0,0,0,0,0
130667,2,1,1986,0,0,0,0,0,0,0,0,0,0
130668,1,1,1986,0,0,0,0,0,0,0,0,0,0
130669,1,1,1986,0,14,0,0,0,0,0,0,0,11
130670,0,1,1986,0,0,0,0,0,0,0,0,13,0
130670,1,1,1986,0,0,0,0,0,0,0,0,0,0
130671,1,1,1986,6,6,6,6,6,6,6,6,6,6
130672,1,1,1986,21,21,21,21,21,21,21,21,21,21
130673,0,1,1986,0,0,0,0,0,0,0,0,0,0
130673,1,1,1986,0,0,0,0,0,0,0,0,0,0
130674,1,1,1986,7,23,15,0,12,25,12,7,9,20
130674,2,1,1986,19,11,0,10,0,11,0,21,0,0
130675,1,1,1986,0,0,0,0,0,0,0,0,0,0
130676,1,1,1986,0,20,0,15,25,0,0,23,20,39
130677,1,1,1986,0,0,0,0,0,0,0,0,0,0
130677,2,1,1986,0,0,0,0,0,0,0,0,0,0
130678,0,1,1986,0,0,0,0,0,0,0,0,0,0
130678,1,1,1986,0,0,0,0,0,0,0,0,0,0
130679,1,1,1986,0,0,0,0,0,0,0,0,0,0
130680,0,1,1986,0,0,3,19,6,0,0,6,16,0
130680,1,1,1986,0,0,0,0,0,0,15,0,0,0
130682,1,1,1986,24,24,24,24,24,24,24,24,24,24
130683,1,1,1986,0,7,0,0,0,0,0,0,22,16
130684,1,1,1986,0,0,0,0,0,0,9,0,9,0
130684,2,1,1986,0,0,0,0,0,0,0,0,0,0
130685,1,1,1986,13,13,13,13,13,13,13,13,13,13
130686,1,1,1986,0,0,0,0,0,0,0,0,0,0
130686,2,1,1986,17,17,17,17,17,17,17,17,17,17
130687,1,1,1986,0,0,0,0,0,0,0,0,0,0
130687,2,1,1986,0,0,0,0,0,0,0,0,0,0
130688,1,1,1986,12,12,12,12,12,12,12,12,12,12
130689,0,1,1986,20,20,20,20,20,20,20,20,20,20
130689,1,1,1986,32,4,0,17,0,15,12,14,8,37
130690,1,1,1986,8,8,8,8,8,8,8,8,8,8
130691,1,1,1986,10,10,10,10,10,10,10,10,10,10
130692,1,1,1986,0,0,15,0,2,0,0,0,11,10
130693,0,1,1986,3,3,3,3,3,3,3,3,3,3
130693,1,1,1986,9,9,9,9,9,9,9,9,9,9
130694,0,1,1986,9,9,9,9,9,9,9,9,9,9
130694,1,1,1986,0,0,0,0,0,0,14,0,0,0
130695,1,1,1986,0,0,0,0,0,0,0,0,0,0
130695,2,1,1986,33,33,33,33,33,33,33,33,33,33
130696,1,1,1986,34,34,34,34,34,34,34,34,34,34
130697,0,1,1986,0,0,0,0,0,0,0,0,0,0
130697,1,1,1986,0,0,0,0,0,0,0,0,0,0
130698,1,1,1986,11,11,11,11,11,11,11,11,11,11
130699,1,1,1986,0,0,0,0,0,0,0,0,0,0
130700,1,1,1986,0,0,0,0,0,0,0,0,0,0
130701,1,1,1986,0,0,0,0,0,0,0,0,0,0
130701,2,1,1986,0,0,0,0,0,0,0,0,0,0
130702,1,1,1986,0,0,0,0,0,0,0,14,5,0
130702,2,1,1986,0,0,0,0,0,0,0,0,0,0
130703,1,1,1986,0,0,0,0,0,0,0,0,0,0
130703,2,1,1986,0,0,0,0,0,0,0,0,0,0
130704,1,1,1986,31,31,31,31,31,31,31,31,31,31
130705,1,1,1986,0,0,0,0,0,0,0,0,0,0
130706,1,1,1986,0,0,0,0,0,0,0,0,0,0
130706,2,1,1986,0,0,0,0,0,0,0,0,0,0
130707,1,1,1986,32,32,32,32,32,32,32,32,32,32
130708,0,1,1986,0,0,0,0,0,0,0,0,0,0
130708,0,2,1986,0,0,0,0,0,0,0,0,0,0
130708,0,3,1986,0,0,0,0,0,0,0,0,0,0
130708,1,1,1986,0,0,0,0,0,0,0,0,0,0
130709,1,1,1986,0,0,0,0,0,0,0,0,0,0
130709,2,1,1986,15,0,0,0,0,0,0,6,0,0
130710,1,1,1986,13,13,13,13,13,13,13,13,13,13
130711,1,1,1986,0,0,0,0,0,0,0,0,0,0
130711,2,1,1986,0,0,0,0,0,0,0,0,0,0
130713,1,1,1986,7,7,7,7,7,7,7,7,7,7
130714,1,1,1986,0,0,0,0,0,0,0,0,0,0
130715,1,1,1986,20,20,20,20,20,20,20,20,20,20
130716,1,1,1986,12,15,37,0,0,4,20,24,8,8
130716,2,1,1986,10,16,15,20,11,17,22,32,20,15