ST_CASE,VEH_NO,PER_NO,YEAR,P1,P2,P3,P4,P5,P6,P7,P8,P9,P10
130717,0,1,1986,26,26,26,26,26,26,26,26,26,26
130717,1,1,1986,16,0,0,10,0,22,0,0,10,15
130719,1,1,1986,0,0,0,0,0,0,0,0,0,0
130719,2,1,1986,0,0,0,0,0,0,0,0,0,0
130720,1,1,1986,4,4,4,4,4,4,4,4,4,4
130720,2,1,1986,0,0,0,0,0,0,0,0,0,0
130721,1,1,1986,0,0,0,0,0,0,0,0,0,0
130721,2,1,1986,5,5,5,5,5,5,5,5,5,5
130722,1,1,1986,0,0,0,0,0,0,0,0,0,0
130722,2,1,1986,29,29,29,29,29,29,29,29,29,29
130723,1,1,1986,0,0,0,0,0,0,0,0,0,0
130723,2,1,1986,0,0,0,0,0,0,0,0,0,0
130724,1,1,1986,12,12,12,12,12,12,12,12,12,12
130724,2,1,1986,0,0,0,0,0,0,0,0,0,0
130725,1,1,1986,0,0,0,0,0,0,0,0,0,0
130725,2,1,1986,28,28,28,28,28,28,28,28,28,28
130726,1,1,1986,22,22,22,22,22,22,22,22,22,22
130727,1,1,1986,0,48,0,34,26,20,10,21,0,0
130728,1,1,1986,0,0,0,0,0,0,0,0,0,0
130728,2,1,1986,0,0,0,0,0,0,0,0,0,0
130729,1,1,1986,0,0,0,0,0,0,0,0,0,0
130729,2,1,1986,0,0,6,8,0,0,0,15,0,0
130730,1,1,1986,0,0,0,9,0,0,0,0,0,17
130731,1,1,1986,0,0,0,0,0,0,0,15,0,0
130732,1,1,1986,22,0,14,0,14,20,0,6,12,0
130733,1,1,1986,3,12,32,0,0,0,25,0,13,0
130733,2,1,1986,21,21,21,21,21,21,21,21,21,21
130734,1,1,1986,0,12,0,0,0,11,0,0,0,0
130735,1,1,1986,0,0,0,0,0,0,24,0,0,0
130736,1,1,1986,15,10,18,30,0,0,0,4,0,12
130737,1,1,1986,0,0,0,0,0,0,0,0,0,0
130737,2,1,1986,0,0,0,0,0,0,0,0,0,0
130738,1,1,1986,20,0,0,0,0,0,0,0,0,16
130739,1,1,1986,0,0,0,15,0,0,0,0,0,0
130742,0,1,1986,0,0,0,0,0,0,0,0,0,0
130742,1,1,1986,0,17,12,0,12,7,0,3,0,0
130743,1,1,1986,0,0,0,0,0,0,0,0,0,0
130744,1,1,1986,0,0,0,0,0,0,0,0,0,0
130744,2,1,1986,0,0,0,0,0,0,0,0,0,0
130745,1,1,1986,8,8,8,8,8,8,8,8,8,8
130745,2,1,1986,8,0,0,0,0,0,0,0,0,0
130745,3,1,1986,0,0,0,0,0,0,0,0,0,0
130745,4,1,1986,0,0,0,0,0,0,0,0,0,2
130746,1,1,1986,0,0,0,0,0,0,0,0,19,0
130746,2,1,1986,0,0,0,0,0,0,0,0,0,0
130747,0,1,1986,0,0,26,0,0,0,0,0,4,0
130747,1,1,1986,0,0,0,0,0,0,0,0,0,0
130748,1,1,1986,15,19,29,0,40,17,16,40,19,18
130749,1,1,1986,0,0,0,0,0,0,0,0,0,0
130749,2,1,1986,0,0,0,0,0,0,0,0,0,0
130750,1,1,1986,27,27,27,27,27,27,27,27,27,27
130751,1,1,1986,13,13,13,13,13,13,13,13,13,13
130752,1,1,1986,0,0,0,0,0,0,0,0,0,0
130752,2,1,1986,0,0,0,0,0,0,0,0,0,0
130753,0,1,1986,24,24,24,24,24,24,24,24,24,24
130753,1,1,1986,19,19,19,19,19,19,19,19,19,19
130754,1,1,1986,0,0,0,0,0,0,0,0,0,0
130755,1,1,1986,0,0,0,0,4,0,2,0,0,0
130756,1,1,1986,13,13,13,13,13,13,13,13,13,13
130757,0,1,1986,17,17,17,17,17,17,17,17,17,17
130757,1,1,1986,5,9,36,9,49,29,0,0,0,54
130758,1,1,1986,0,0,0,0,0,0,0,0,0,0
130759,1,1,1986,21,21,21,21,21,21,21,21,21,21
130760,1,1,1986,0,0,0,0,0,0,0,0,0,0
130760,2,1,1986,0,0,0,0,0,0,0,0,0,0
130762,1,1,1986,0,0,0,0,0,0,0,0,0,0
130762,2,1,1986,0,0,0,0,0,0,0,0,0,0
130763,1,1,1986,19,19,19,19,19,19,19,19,19,19
130764,1,1,1986,22,22,22,22,22,22,22,22,22,22
130765,1,1,1986,0,0,0,0,0,0,0,0,0,0
130766,0,1,1986,0,15,0,0,24,13,0,0,12,0
130766,1,1,1986,0,0,0,0,22,0,0,0,0,0
130767,1,1,1986,12,12,12,12,12,12,12,12,12,12
130767,2,1,1986,0,0,0,0,0,0,0,15,0,0
130768,1,1,1986,14,14,14,14,14,14,14,14,14,14
130769,1,1,1986,20,20,20,20,20,20,20,20,20,20
130769,2,1,1986,0,0,0,0,6,0,26,0,0,0
130770,1,1,1986,0,0,0,0,0,0,0,0,0,0
130771,1,1,1986,22,22,22,22,22,22,22,22,22,22
130772,1,1,1986,22,22,22,22,22,22,22,22,22,22
130773,1,1,1986,21,21,21,21,21,21,21,21,21,21
130774,0,1,1986,19,19,19,19,19,19,19,19,19,19
130774,1,1,1986,25,25,25,25,25,25,25,25,25,25
130775,1,1,1986,0,0,0,0,0,0,0,0,0,0
130776,1,1,1986,23,23,23,23,23,23,23,23,23,23
130776,2,1,1986,13,13,13,13,13,13,13,13,13,13
130777,1,1,1986,11,11,11,11,11,11,11,11,11,11
130777,2,1,1986,0,0,0,0,0,0,0,0,0,0
130777,3,1,1986,0,0,0,0,0,0,0,0,0,0
130778,1,1,1986,0,0,0,0,0,0,0,0,0,0
130778,2,1,1986,0,0,0,0,0,0,0,0,0,0
130779,1,1,1986,0,0,0,0,0,0,0,0,0,0
130780,1,1,1986,0,0,0,15,0,0,0,0,0,0
130780,2,1,1986,0,0,0,0,0,0,0,0,0,0
130781,1,1,1986,0,0,0,0,0,0,0,0,0,0
130781,2,1,1986,14,14,14,14,14,14,14,14,14,14
130782,1,1,1986,25,25,25,25,25,25,25,25,25,25
130783,1,1,1986,0,0,0,0,0,0,0,0,0,0
130783,2,1,1986,0,0,0,0,0,0,0,0,0,0
130784,1,1,1986,0,0,0,0,0,0,5,0,0,0
130784,2,1,1986,14,14,14,14,14,14,14,14,14,14
130785,1,1,1986,0,0,0,0,0,0,0,0,0,0
130785,2,1,1986,11,11,11,11,11,11,11,11,11,11
130785,3,1,1986,0,0,0,0,0,0,14,0,0,0
130786,1,1,1986,2,2,2,2,2,2,2,2,2,2
130786,2,1,1986,0,0,0,0,0,0,0,0,0,0
130787,1,1,1986,0,0,0,0,0,0,0,0,0,0
130788,1,1,1986,0,0,0,0,0,0,0,0,0,0
130788,2,1,1986,13,0,0,0,0,0,0,4,0,0
130789,1,1,1986,36,36,36,36,36,36,36,36,36,36
130790,1,1,1986,0,14,8,9,14,14,0,11,0,5
130791,0,1,1986,21,21,21,21,21,21,21,21,21,21
130791,1,1,1986,0,0,0,0,0,0,0,0,0,0
130792,0,1,1986,0,24,0,0,0,0,0,0,0,0
130792,1,1,1986,0,0,0,0,0,0,0,0,0,0
130793,1,1,1986,17,10,24,0,0,0,31,30,18,8
130793,2,1,1986,0,27,8,5,5,0,13,0,17,7
130794,1,1,1986,0,0,0,0,0,0,17,0,0,0
130795,1,1,1986,0,0,0,0,0,0,0,0,0,0
130796,0,1,1986,16,18,6,0,13,0,20,23,7,26
130796,1,1,1986,0,0,0,0,0,0,0,0,0,0
130797,1,1,1986,0,0,0,0,0,0,0,0,0,0
130797,2,1,1986,0,0,0,0,0,0,0,0,0,0
130797,3,1,1986,3,17,0,0,9,0,0,0,0,0
130798,1,1,1986,26,26,26,26,26,26,26,26,26,26
130798,2,1,1986,0,0,0,0,0,0,0,0,0,0
130799,1,1,1986,6,6,6,6,6,6,6,6,6,6
130800,1,1,1986,13,13,13,13,13,13,13,13,13,13
130801,1,1,1986,7,7,7,7,7,7,7,7,7,7
130802,1,1,1986,0,0,0,0,0,0,0,0,0,0
130802,2,1,1986,0,0,0,0,0,10,0,2,0,0
130803,1,1,1986,0,0,0,11,0,0,8,11,0,6
130804,1,1,1986,0,0,0,0,0,0,0,0,0,0
130805,0,1,1986,0,0,0,0,0,0,0,0,0,0
130805,1,1,1986,0,0,0,0,0,0,0,0,0,0
130806,1,1,1986,0,0,0,0,0,0,0,13,0,0
130806,2,1,1986,0,0,0,0,0,0,0,0,55,0
130807,1,1,1986,39,39,39,39,39,39,39,39,39,39
130808,1,1,1986,0,0,6,6,4,6,9,10,26,8
130809,1,1,1986,0,0,0,0,0,0,0,0,0,0
130810,1,1,1986,0,17,13,7,11,0,0,10,39,0
130811,1,1,1986,11,11,11,11,11,11,11,11,11,11
130812,1,1,1986,4,4,4,4,4,4,4,4,4,4
130812,2,1,1986,2,2,2,2,2,2,2,2,2,2
130813,1,1,1986,0,0,0,0,0,0,0,0,0,0
130813,2,1,1986,0,0,0,0,0,0,0,0,0,0
130814,1,1,1986,2,2,2,2,2,2,2,2,2,2
130815,1,1,1986,0,0,0,0,0,0,0,0,0,0
130816,1,1,1986,26,26,26,26,26,26,26,26,26,26
130817,1,1,1986,0,0,0,0,0,0,0,0,0,0
130817,2,1,1986,0,0,0,0,0,0,0,0,0,0
130817,3,1,1986,0,0,0,9,0,0,0,0,0,0
130817,4,1,1986,0,0,0,0,19,0,9,0,0,0
130818,1,1,1986,26,26,26,26,26,26,26,26,26,26
130818,2,1,1986,0,0,0,0,0,0,0,0,0,0
130819,1,1,1986,11,11,11,11,11,11,11,11,11,11
130819,2,1,1986,0,0,0,0,0,3,0,0,0,0
130820,1,1,1986,0,0,0,0,0,0,0,0,0,0
130820,2,1,1986,0,0,0,0,0,0,0,0,0,0
130821,1,1,1986,0,0,0,0,0,0,0,0,0,0
130821,2,1,1986,0,0,0,0,0,0,0,0,0,0
130821,3,1,1986,0,0,0,0,0,0,0,0,0,0
130822,1,1,1986,35,35,35,35,35,35,35,35,35,35
130823,1,1,1986,2,2,2,2,2,2,2,2,2,2
130823,2,1,1986,2,2,2,2,2,2,2,2,2,2
130824,1,1,1986,31,31,31,31,31,31,31,31,31,31
130825,1,1,1986,31,31,31,31,31,31,31,31,31,31
130826,1,1,1986,0,0,0,0,0,0,0,0,0,0
130826,2,1,1986,0,0,0,0,0,0,0,0,0,0
130827,1,1,1986,0,0,0,0,0,0,0,0,0,0
130828,1,1,1986,16,16,16,16,16,16,16,16,16,16
130829,1,1,1986,16,16,16,16,16,16,16,16,16,16
130830,1,1,1986,11,11,11,11,11,11,11,11,11,11
130831,0,1,1986,0,0,0,0,0,0,0,0,0,0
130831,1,1,1986,0,0,0,0,0,0,0,0,0,0
130832,1,1,1986,1,1,1,1,1,1,1,1,1,1
130832,2,1,1986,0,0,0,0,0,10,0,0,0,0
130832,3,1,1986,0,0,0,0,0,0,0,0,0,0
130833,1,1,1986,0,0,0,0,0,0,0,0,0,0
130834,1,1,1986,14,14,14,14,14,14,14,14,14,14
130835,1,1,1986,20,20,20,20,20,20,20,20,20,20
130835,2,1,1986,0,0,27,0,0,0,0,0,0,3
130835,3,1,1986,0,0,0,0,0,0,0,0,0,0
130835,4,1,1986,0,0,0,0,0,0,0,0,0,0
130836,1,1,1986,8,8,8,8,8,8,8,8,8,8
130837,1,1,1986,0,0,0,0,0,0,0,0,0,0
130837,2,1,1986,0,0,0,0,0,0,0,0,6,0
130839,1,1,1986,0,3,0,0,0,0,0,8,0,0
130839,2,1,1986,0,0,0,0,0,0,0,0,0,0
130840,1,1,1986,2,2,2,2,2,2,2,2,2,2
130841,1,1,1986,9,9,9,9,9,9,9,9,9,9
130842,0,1,1986,21,21,21,21,21,21,21,21,21,21
130842,1,1,1986,0,0,0,0,0,0,2,0,0,0
130843,1,1,1986,0,0,0,0,0,0,0,0,0,0
130844,0,1,1986,0,0,0,0,0,0,0,0,0,0
130844,1,1,1986,0,0,0,0,0,0,0,0,0,0
130845,1,1,1986,0,0,0,0,0,0,0,0,0,0
130845,2,1,1986,0,0,0,0,0,0,0,0,0,0
130846,1,1,1986,0,0,0,0,0,0,0,0,0,0
130846,2,1,1986,0,0,0,0,0,0,0,0,0,0
130847,1,1,1986,29,29,29,29,29,29,29,29,29,29
130849,1,1,1986,0,0,0,0,0,8,0,0,0,0
130849,2,1,1986,0,0,0,0,0,0,0,0,0,0
130850,1,1,1986,15,15,15,15,15,15,15,15,15,15
130851,1,1,1986,27,27,27,27,27,27,27,27,27,27
130852,1,1,1986,10,18,0,10,17,19,16,19,29,0
130852,2,1,1986,17,17,17,17,17,17,17,17,17,17
130853,1,1,1986,0,0,0,0,0,0,0,0,0,0
130854,1,1,1986,24,24,24,24,24,24,24,24,24,24
130856,1,1,1986,0,0,0,0,0,0,7,0,0,0
130856,2,1,1986,0,0,0,0,0,0,0,0,0,0
130857,1,1,1986,6,6,6,6,6,6,6,6,6,6
130858,1,1,1986,0,0,0,0,0,15,0,0,0,0
130858,2,1,1986,0,0,0,0,0,0,0,0,0,0
130859,1,1,1986,0,0,0,0,0,0,0,0,0,0
130860,1,1,1986,0,0,0,0,0,0,0,0,0,0
130861,1,1,1986,27,15,8,24,28,15,11,14,14,27
130862,1,1,1986,17,0,0,0,0,0,0,0,0,0
130863,1,1,1986,10,10,10,10,10,10,10,10,10,10
130864,1,1,1986,0,0,0,0,0,0,0,0,0,0
130864,2,1,1986,15,5,3,16,4,10,15,14,16,8
130865,0,1,1986,0,0,32,0,0,0,0,0,0,0
130865,1,1,1986,0,0,0,0,0,0,0,0,0,0
130866,1,1,1986,0,0,0,0,0,0,0,0,0,0
130867,1,1,1986,11,0,0,10,0,0,0,0,0,0
130867,2,1,1986,0,0,0,0,0,0,0,0,0,0
130868,1,1,1986,4,0,0,0,0,0,0,0,0,18
130868,2,1,1986,0,0,0,0,0,0,0,0,0,0
130869,1,1,1986,0,0,0,0,0,0,0,0,0,0
130870,1,1,1986,0,0,0,0,0,0,0,0,0,0
130870,2,1,1986,0,0,0,0,0,0,0,0,0,0
130871,1,1,1986,0,0,0,0,0,0,0,0,0,0
130871,2,1,1986,0,0,0,0,0,0,0,0,0,0
130872,1,1,1986,0,0,0,0,0,0,0,0,0,23
130873,1,1,1986,0,0,0,0,0,0,0,0,0,0
130873,2,1,1986,0,14,15,27,13,0,7,12,0,24
130874,1,1,1986,0,0,0,0,0,0,0,0,0,29
130874,2,1,1986,0,0,0,0,0,0,0,0,0,8
130875,1,1,1986,0,0,0,0,0,0,0,0,0,0
130876,1,1,1986,0,0,0,0,0,0,0,0,0,0
130876,2,1,1986,0,0,0,0,0,0,0,0,0,0
130877,1,1,1986,0,0,0,0,0,0,0,0,0,0
130877,2,1,1986,0,0,0,0,0,0,0,0,0,0
130878,1,1,1986,0,0,0,0,32,0,26,0,0,0
130879,1,1,1986,0,0,0,0,0,0,0,0,0,0
130879,2,1,1986,0,0,0,0,0,0,0,7,0,0
130880,0,1,1986,0,0,0,0,0,0,0,0,0,0
130880,1,1,1986,0,0,0,0,0,0,0,0,0,0
130881,1,1,1986,16,16,16,16,16,16,16,16,16,16
130882,1,1,1986,10,14,20,0,33,14,16,18,20,0
130883,0,1,1986,0,0,0,0,0,0,0,0,0,0
130883,1,1,1986,0,0,0,0,0,0,0,0,7,0
130884,1,1,1986,0,0,0,0,0,0,0,0,0,0
130884,2,1,1986,0,0,0,0,21,0,0,0,14,0
130885,1,1,1986,7,7,7,7,7,7,7,7,7,7
130886,1,1,1986,0,0,0,0,0,0,0,0,0,0
130886,2,1,1986,30,30,30,30,30,30,30,30,30,30
130887,1,1,1986,0,0,0,0,0,0,0,0,0,0
130887,2,1,1986,0,0,0,0,0,0,0,0,0,0
130888,1,1,1986,17,17,17,17,17,17,17,17,17,17
130889,0,1,1986,30,30,30,30,30,30,30,30,30,30
130889,1,1,1986,7,21,0,8,0,13,25,0,17,13
130890,1,1,1986,0,0,0,0,0,0,0,0,0,0
130890,2,1,1986,0,0,0,0,0,0,0,0,0,0
130891,1,1,1986,0,0,0,0,0,0,0,0,0,0
130892,1,1,1986,0,0,0,0,0,0,0,0,0,0
130893,1,1,1986,0,0,0,0,0,0,0,0,0,0
130893,2,1,1986,0,0,0,0,0,0,0,0,0,0
130893,3,1,1986,0,0,0,19,0,0,0,0,0,0
130894,1,1,1986,9,0,20,0,16,0,25,5,27,16
130895,1,1,1986,31,31,31,31,31,31,31,31,31,31
130896,1,1,1986,11,11,11,11,11,11,11,11,11,11
130896,2,1,1986,1,1,1,1,1,1,1,1,1,1
130897,0,1,1986,22,26,0,0,0,12,0,31,0,39
130897,1,1,1986,0,0,0,9,0,0,0,0,17,0
130898,1,1,1986,6,6,6,6,6,6,6,6,6,6
130898,2,1,1986,0,14,0,0,0,0,13,9,0,15
130899,1,1,1986,0,0,0,0,0,0,0,0,0,0
130900,1,1,1986,19,19,19,19,19,19,19,19,19,19
130901,1,1,1986,0,0,0,0,0,0,0,0,0,0
130902,1,1,1986,0,0,0,0,0,0,0,0,0,0
130903,1,1,1986,0,0,0,0,0,0,0,0,0,0
130904,0,1,1986,28,0,0,0,16,0,14,0,0,34
130904,1,1,1986,0,0,0,0,0,0,0,0,0,0
130904,2,1,1986,0,0,0,0,0,0,0,0,0,0
130905,1,1,1986,0,0,0,0,0,0,0,0,0,0
130905,2,1,1986,7,7,7,7,7,7,7,7,7,7
130906,1,1,1986,10,10,10,10,10,10,10,10,10,10
130906,2,1,1986,0,0,0,0,0,0,0,0,0,0
130907,1,1,1986,0,0,0,0,0,0,0,0,0,0
130907,2,1,1986,0,0,0,0,0,0,0,0,0,0
130908,1,1,1986,21,21,21,21,21,21,21,21,21,21
130909,1,1,1986,6,6,6,6,6,6,6,6,6,6
130909,2,1,1986,1,1,1,1,1,1,1,1,1,1
130911,0,1,1986,9,12,7,0,0,0,0,0,0,0
130911,0,2,1986,0,0,7,0,12,0,0,0,27,0
130911,0,3,1986,0,7,0,3,0,0,0,0,6,0
130911,0,4,1986,19,0,0,0,0,10,0,0,0,0
130911,1,1,1986,18,18,18,18,18,18,18,18,18,18
130912,1,1,1986,4,4,4,4,4,4,4,4,4,4
130912,2,1,1986,0,0,0,0,0,0,0,0,0,0
130913,1,1,1986,0,0,0,0,0,0,0,0,0,0
130913,2,1,1986,0,0,0,0,0,0,0,0,0,0
130913,3,1,1986,30,30,30,30,30,30,30,30,30,30
130914,1,1,1986,19,19,19,19,19,19,19,19,19,19
130915,1,1,1986,16,16,16,16,16,16,16,16,16,16
130916,1,1,1986,34,18,18,8,19,24,29,17,10,22
130917,1,1,1986,17,17,17,17,17,17,17,17,17,17
130917,2,1,1986,0,0,0,0,0,0,0,0,0,0
130918,1,1,1986,15,15,15,15,15,15,15,15,15,15
130919,1,1,1986,7,7,7,7,7,7,7,7,7,7
130920,1,1,1986,0,0,0,0,0,0,0,0,0,0
130921,1,1,1986,0,0,0,0,0,0,0,0,0,0
130921,2,1,1986,0,0,0,0,0,0,0,0,0,0
130922,0,1,1986,7,7,7,7,7,7,7,7,7,7
130922,0,2,1986,2,2,2,2,2,2,2,2,2,2
130922,1,1,1986,0,0,0,0,0,0,0,0,0,0
130923,1,1,1986,0,0,0,0,0,0,0,0,0,0
130924,1,1,1986,11,11,11,11,11,11,11,11,11,11
130925,1,1,1986,9,9,9,9,9,9,9,9,9,9
130926,0,1,1986,2,2,2,2,2,2,2,2,2,2
130926,1,1,1986,20,10,0,12,0,0,14,19,12,25
130928,1,1,1986,0,0,0,0,0,0,0,0,0,0
130928,2,1,1986,0,0,0,0,0,0,0,0,0,0
130928,3,1,1986,4,0,0,0,0,0,0,0,0,0
130929,0,1,1986,0,0,0,0,0,0,0,0,0,0
130929,1,1,1986,0,0,0,0,0,0,0,0,0,0
130930,1,1,1986,11,0,0,0,0,0,0,0,0,0
130930,2,1,1986,0,0,0,0,7,0,0,0,0,0
130930,3,1,1986,0,0,0,3,0,0,0,0,6,14
130931,1,1,1986,23,20,0,0,12,0,14,0,19,7
130932,1,1,1986,0,0,0,0,0,0,0,0,0,0
130933,1,1,1986,0,0,0,0,0,0,0,0,0,0
130933,2,1,1986,0,0,0,0,0,0,0,0,0,0
130934,1,1,1986,0,18,0,0,5,3,0,0,0,12
130935,1,1,1986,18,18,18,18,18,18,18,18,18,18
130936,1,1,1986,1,1,1,1,1,1,1,1,1,1
130937,1,1,1986,0,39,0,0,14,18,15,8,15,0
130938,1,1,1986,0,0,0,0,0,0,0,0,0,0
130939,1,1,1986,0,0,0,0,0,0,0,4,8,0
130940,1,1,1986,0,0,0,0,0,0,0,0,0,0
130940,2,1,1986,0,0,0,0,0,0,0,0,0,0
130941,1,1,1986,3,3,3,3,3,3,3,3,3,3
130942,0,1,1986,28,28,28,28,28,28,28,28,28,28
130942,1,1,1986,0,0,0,0,6,0,0,0,0,0
130943,1,1,1986,0,0,0,0,0,0,0,0,0,0
130943,2,1,1986,0,0,0,0,0,0,0,0,0,0
130944,1,1,1986,17,17,17,17,17,17,17,17,17,17
130945,1,1,1986,0,0,0,0,0,0,0,0,0,0
130945,2,1,1986,0,0,0,0,0,0,0,0,0,0
130946,1,1,1986,0,0,0,0,0,0,0,0,22,0
130946,2,1,1986,0,0,0,0,0,0,0,0,0,0
130947,1,1,1986,0,0,0,0,0,0,0,0,0,0
130947,2,1,1986,0,0,0,0,0,0,0,0,0,0
130948,1,1,1986,0,0,0,0,0,0,0,0,0,0
130949,0,1,1986,37,37,37,37,37,37,37,37,37,37
130949,1,1,1986,0,0,0,0,0,0,0,0,28,0
130950,1,1,1986,0,0,0,0,0,0,0,0,0,0
130950,2,1,1986,0,0,0,0,0,0,0,0,0,0
130950,3,1,1986,0,0,0,0,0,0,0,0,0,0
130951,1,1,1986,0,0,0,0,0,0,0,0,0,0
130952,1,1,1986,16,16,16,16,16,16,16,16,16,16
130953,1,1,1986,15,15,15,15,15,15,15,15,15,15
130954,1,1,1986,32,32,32,32,32,32,32,32,32,32
130955,1,1,1986,0,0,0,0,0,0,0,0,0,0
130956,0,1,1986,42,42,42,42,42,42,42,42,42,42
130956,1,1,1986,0,0,0,0,0,0,0,0,0,0
130957,0,1,1986,20,20,20,20,20,20,20,20,20,20
130957,1,1,1986,0,0,16,4,0,0,0,0,0,3
130959,1,1,1986,14,14,14,14,14,14,14,14,14,14
130959,2,1,1986,0,0,0,0,0,0,0,0,10,0
130960,0,1,1986,0,0,0,0,0,0,0,0,0,0
130960,1,1,1986,0,0,0,0,0,0,0,0,0,0
130961,1,1,1986,19,19,19,19,19,19,19,19,19,19
130961,2,1,1986,0,0,0,0,0,0,0,0,15,0
130962,1,1,1986,19,19,19,19,19,19,19,19,19,19
130962,2,1,1986,0,0,0,0,0,0,0,0,0,0
130962,3,1,1986,0,7,0,0,0,0,0,0,7,0
130962,4,1,1986,0,0,0,0,0,0,0,0,0,0
130962,5,1,1986,13,13,13,13,13,13,13,13,13,13
130963,1,1,1986,0,0,0,0,0,0,0,0,0,0
130964,1,1,1986,23,23,23,23,23,23,23,23,23,23
130964,2,1,1986,0,0,0,14,0,0,0,0,16,0
130965,1,1,1986,0,0,0,0,0,0,0,0,0,0
130965,2,1,1986,0,0,0,0,0,0,0,0,0,0
130966,1,1,1986,0,0,0,0,0,0,0,0,0,0
130966,2,1,1986,0,0,0,0,0,0,0,0,0,0
130967,0,1,1986,18,0,0,0,0,0,0,0,0,0
130967,1,1,1986,0,0,0,0,0,8,2,0,0,0
130968,1,1,1986,17,17,17,17,17,17,17,17,17,17
130969,1,1,1986,0,0,0,0,0,0,0,0,0,0
130970,1,1,1986,0,0,0,0,0,0,0,0,0,0
130970,2,1,1986,0,0,0,0,0,0,0,0,0,0
130971,1,1,1986,19,19,19,19,19,19,19,19,19,19
130972,1,1,1986,0,0,0,0,0,0,0,0,0,0
130973,1,1,1986,2,2,2,2,2,2,2,2,2,2
130973,2,1,1986,0,0,0,0,0,0,0,0,0,0
130974,1,1,1986,20,20,20,20,20,20,20,20,20,20
130974,2,1,1986,0,0,0,0,0,0,0,0,0,0
130975,1,1,1986,0,0,0,0,0,0,0,0,0,0
130975,2,1,1986,25,25,25,25,25,25,25,25,25,25
130976,1,1,1986,23,23,23,23,23,23,23,23,23,23
130976,2,1,1986,7,7,7,7,7,7,7,7,7,7
130977,1,1,1986,0,0,0,0,0,0,0,0,0,0
130978,1,1,1986,28,28,28,28,28,28,28,28,28,28
130979,1,1,1986,0,0,0,0,0,0,0,0,0,0
130979,2,1,1986,2,2,2,2,2,2,2,2,2,2
130979,3,1,1986,0,0,0,0,0,0,0,0,0,0
130980,1,1,1986,20,20,20,20,20,20,20,20,20,20
130981,1,1,1986,16,16,16,16,16,16,16,16,16,16
130982,0,1,1986,0,0,0,0,0,0,0,0,0,0
130982,1,1,1986,28,22,0,7,13,14,22,27,0,11
130983,0,1,1986,0,0,0,0,0,0,0,0,0,0
130983,1,1,1986,0,0,0,0,0,0,0,0,0,0
130984,1,1,1986,0,0,0,0,0,18,0,0,0,15
130984,2,1,1986,0,0,0,0,0,0,0,0,0,0
130985,1,1,1986,30,30,30,30,30,30,30,30,30,30
130985,2,1,1986,0,0,0,0,0,0,0,11,0,0
130986,1,1,1986,36,36,36,36,36,36,36,36,36,36
130987,1,1,1986,22,22,22,22,22,22,22,22,22,22
130988,1,1,1986,18,18,18,18,18,18,18,18,18,18
130988,2,1,1986,0,0,0,0,0,0,0,0,0,0
130989,1,1,1986,26,26,26,26,26,26,26,26,26,26
130990,1,1,1986,0,0,0,0,0,0,0,0,0,0
130991,1,1,1986,16,16,16,16,16,16,16,16,16,16
130992,1,1,1986,29,29,29,29,29,29,29,29,29,29
130993,1,1,1986,9,0,13,34,10,12,0,0,15,0
130994,1,1,1986,5,5,5,5,5,5,5,5,5,5
130995,1,1,1986,0,0,0,0,0,0,0,0,0,0
130995,2,1,1986,0,0,0,0,0,0,0,0,13,0
130996,1,1,1986,0,0,0,0,0,0,0,0,0,0
130997,1,1,1986,23,23,23,23,23,23,23,23,23,23
130997,2,1,1986,0,0,0,0,3,0,0,25,0,6
130998,1,1,1986,0,0,0,0,0,0,0,15,0,0
130999,1,1,1986,0,0,0,0,0,0,0,0,0,0
130999,2,1,1986,0,0,0,0,0,0,0,0,0,0
131000,1,1,1986,23,23,23,23,23,23,23,23,23,23
131001,1,1,1986,0,0,0,0,0,0,0,0,0,0
131001,2,1,1986,5,5,5,5,5,5,5,5,5,5
131001,3,1,1986,0,0,8,0,0,0,0,0,0,0
131001,4,1,1986,0,0,0,0,0,0,0,0,0,0
131001,5,1,1986,0,0,0,0,0,0,0,0,0,0
131002,1,1,1986,0,0,0,11,0,0,0,0,0,0
131002,2,1,1986,10,0,0,0,0,0,0,0,0,11
131003,1,1,1986,4,4,4,4,4,4,4,4,4,4
131003,2,1,1986,0,0,5,0,0,0,0,0,0,0
131004,0,1,1986,17,26,22,24,23,21,0,0,16,9
131004,1,1,1986,4,0,0,12,10,0,18,13,11,18
131005,1,1,1986,40,0,0,0,0,0,0,0,0,0
131005,2,1,1986,7,7,7,7,7,7,7,7,7,7
131006,0,1,1986,0,0,0,0,0,0,0,0,0,0
131006,0,2,1986,0,20,0,12,0,0,0,0,0,0
131006,1,1,1986,21,21,21,21,21,21,21,21,21,21
131007,1,1,1986,3,3,3,3,3,3,3,3,3,3
131007,2,1,1986,0,0,0,0,0,0,0,0,0,0
131008,1,1,1986,0,0,0,0,0,0,0,0,0,0
131008,2,1,1986,0,0,0,0,0,0,0,0,0,0
131009,1,1,1986,0,0,0,0,0,0,0,0,0,0
131009,2,1,1986,0,0,0,0,0,0,0,0,0,0