ST_CASE,VEH_NO,PER_NO,YEAR,P1,P2,P3,P4,P5,P6,P7,P8,P9,P10
131282,1,1,1986,0,0,0,0,0,0,0,0,0,0
131283,1,1,1986,1,1,1,1,1,1,1,1,1,1
131284,0,1,1986,0,0,0,0,0,0,0,0,0,0
131284,1,1,1986,0,0,0,0,0,0,0,0,0,0
131285,0,1,1986,59,59,59,59,59,59,59,59,59,59
131285,1,1,1986,0,13,0,0,12,0,10,0,10,0
131286,1,1,1986,21,21,21,21,21,21,21,21,21,21
131286,2,1,1986,35,8,31,28,16,12,12,23,12,38
131287,0,1,1986,0,0,0,0,0,0,0,0,0,0
131287,1,1,1986,0,0,0,0,9,0,0,9,0,0
131288,1,1,1986,11,11,11,11,11,11,11,11,11,11
131289,1,1,1986,9,9,9,9,9,9,9,9,9,9
131290,0,1,1986,0,0,0,0,0,0,0,0,0,0
131290,1,1,1986,0,0,0,0,0,0,0,0,0,0
131291,1,1,1986,0,0,0,0,0,0,0,0,0,0
131291,2,1,1986,0,0,0,0,0,0,0,0,0,0
131291,3,1,1986,0,0,0,0,0,0,0,0,0,0
131292,1,1,1986,0,0,0,0,0,0,0,0,0,0
131293,1,1,1986,0,0,0,0,0,0,0,0,0,0
131293,2,1,1986,0,0,0,0,0,0,0,0,0,0
131294,1,1,1986,0,0,0,0,0,0,0,0,0,0
131295,1,1,1986,0,0,0,0,0,11,14,0,0,0
131296,1,1,1986,36,36,36,36,36,36,36,36,36,36
131296,2,1,1986,0,0,0,0,0,0,0,0,0,0
131297,1,1,1986,22,22,22,22,22,22,22,22,22,22
131297,2,1,1986,6,6,6,6,6,6,6,6,6,6
131298,1,1,1986,0,0,0,0,0,0,0,0,0,0
131299,1,1,1986,0,4,7,0,0,18,0,0,0,0
131299,2,1,1986,23,23,23,23,23,23,23,23,23,23
131300,1,1,1986,0,0,22,11,0,5,10,24,0,22
131301,1,1,1986,26,26,26,26,26,26,26,26,26,26
131302,1,1,1986,12,12,12,12,12,12,12,12,12,12
131302,2,1,1986,0,0,0,0,0,0,0,0,0,0
131303,1,1,1986,0,0,0,0,0,0,0,0,0,0
131303,2,1,1986,0,0,0,0,0,0,0,0,0,0
131303,3,1,1986,0,0,0,0,0,0,0,0,0,4
131304,1,1,1986,0,0,0,0,0,0,0,0,0,0
131304,2,1,1986,0,14,15,0,0,0,0,0,0,20
131305,1,1,1986,0,0,0,0,0,0,0,0,0,0
131306,1,1,1986,0,0,0,0,0,0,0,0,0,0
131306,2,1,1986,0,0,0,0,0,0,9,0,0,0
131306,3,1,1986,0,6,0,0,0,0,0,0,0,0
131307,0,1,1986,0,0,0,0,0,0,0,0,0,0
131307,1,1,1986,0,0,0,0,0,0,0,0,0,0
131308,1,1,1986,0,0,0,0,0,0,0,0,0,0
131308,2,1,1986,0,0,0,0,0,0,0,0,0,0
131309,1,1,1986,0,18,15,19,18,12,22,16,0,0
131309,2,1,1986,0,0,0,0,0,0,0,0,0,0
131310,1,1,1986,8,8,8,8,8,8,8,8,8,8
131311,1,1,1986,0,0,0,0,0,0,0,0,0,0
131311,2,1,1986,22,22,22,22,22,22,22,22,22,22
131312,0,1,1986,0,33,0,0,10,0,0,0,0,0
131312,0,2,1986,0,0,0,0,24,0,14,11,3,14
131312,1,1,1986,0,0,0,25,0,0,0,16,11,0
131313,1,1,1986,13,13,13,13,13,13,13,13,13,13
131314,1,1,1986,19,19,19,19,19,19,19,19,19,19
131314,2,1,1986,0,0,0,0,0,0,0,0,0,0
131315,0,1,1986,0,0,0,0,0,0,0,0,0,0
131315,1,1,1986,14,19,5,14,0,0,8,15,17,0
131316,0,1,1986,0,0,0,0,0,0,0,0,0,0
131316,1,1,1986,13,13,13,13,13,13,13,13,13,13
131317,1,1,1986,0,0,0,0,0,0,0,0,0,0
131317,2,1,1986,0,0,0,0,0,0,0,0,0,0
131317,3,1,1986,0,0,0,0,0,0,0,0,0,0
131318,1,1,1986,19,19,19,19,19,19,19,19,19,19
131318,2,1,1986,0,0,0,0,0,0,0,0,0,0
131319,1,1,1986,0,0,0,0,0,0,0,0,0,0
131319,2,1,1986,0,0,0,0,0,0,0,0,0,0
131320,1,1,1986,0,0,0,0,0,0,0,0,0,0
131320,2,1,1986,0,0,0,0,0,0,0,0,0,0
131321,1,1,1986,22,22,22,22,22,22,22,22,22,22
131322,1,1,1986,4,4,4,4,4,4,4,4,4,4
131323,0,1,1986,28,28,28,28,28,28,28,28,28,28
131323,1,1,1986,12,22,22,7,41,20,23,21,16,39
131324,1,1,1986,2,2,2,2,2,2,2,2,2,2
131324,2,1,1986,20,0,23,33,0,6,0,14,27,0
131325,1,1,1986,0,0,0,0,0,0,0,0,0,0
131326,1,1,1986,29,29,29,29,29,29,29,29,29,29
131327,1,1,1986,33,33,33,33,33,33,33,33,33,33
131327,2,1,1986,0,0,0,0,0,0,0,0,0,0
131327,3,1,1986,0,0,0,0,0,0,0,0,0,0
131328,1,1,1986,23,23,23,23,23,23,23,23,23,23
131329,0,1,1986,24,24,24,24,24,24,24,24,24,24
131329,1,1,1986,0,0,18,4,0,0,10,0,12,18
131330,1,1,1986,2,2,2,2,2,2,2,2,2,2
131331,0,1,1986,0,0,0,0,0,0,0,0,0,0
131331,1,1,1986,0,0,0,0,0,0,0,0,0,0
131332,1,1,1986,0,0,0,0,0,0,0,0,0,0
131332,2,1,1986,0,0,0,0,0,0,0,0,0,0
131333,1,1,1986,0,0,0,0,0,10,0,0,0,0
131333,2,1,1986,0,0,0,0,0,0,0,0,0,0
131334,1,1,1986,0,0,0,0,0,0,0,0,0,0
131334,2,1,1986,0,0,0,0,0,0,0,0,0,0
131335,1,1,1986,0,0,0,0,0,0,0,0,0,0
131335,2,1,1986,0,0,0,0,0,12,0,0,0,0
131335,3,1,1986,0,0,0,0,0,0,0,0,0,0
131336,0,1,1986,28,28,28,28,28,28,28,28,28,28
131336,1,1,1986,0,0,0,0,0,0,0,0,0,0
131336,2,1,1986,8,0,0,0,0,0,0,0,0,0
131337,1,1,1986,0,0,0,0,0,0,0,0,0,0
131338,1,1,1986,5,5,5,5,5,5,5,5,5,5
131338,2,1,1986,0,0,0,0,0,0,0,0,0,0
131340,1,1,1986,26,26,26,26,26,26,26,26,26,26
131341,0,1,1986,27,16,15,22,15,10,9,19,8,32
131341,1,1,1986,25,25,25,25,25,25,25,25,25,25
131342,0,1,1986,0,0,0,0,0,0,0,0,0,0
131342,1,1,1986,28,28,28,28,28,28,28,28,28,28
131343,1,1,1986,0,0,0,0,0,0,0,0,0,0
131343,2,1,1986,0,0,0,0,0,0,0,0,0,0
131344,0,1,1986,40,40,40,40,40,40,40,40,40,40
131344,1,1,1986,0,0,0,0,0,0,0,0,0,0
131345,1,1,1986,12,12,12,12,12,12,12,12,12,12
131346,1,1,1986,9,9,9,9,9,9,9,9,9,9
131347,1,1,1986,28,28,28,28,28,28,28,28,28,28
131347,2,1,1986,0,0,0,0,0,0,0,0,0,0
131348,1,1,1986,0,0,0,0,0,0,0,0,0,0
131348,2,1,1986,0,0,0,0,0,0,0,0,0,0
131349,1,1,1986,0,0,0,0,0,0,0,0,0,0
131350,1,1,1986,0,0,0,0,0,0,0,0,0,0
131351,1,1,1986,20,20,20,20,20,20,20,20,20,20
131351,2,1,1986,0,0,0,0,0,0,0,0,0,0
131352,0,1,1986,41,41,41,41,41,41,41,41,41,41
131352,1,1,1986,0,0,0,13,25,0,0,7,0,0
131353,1,1,1986,19,19,19,19,19,19,19,19,19,19
131354,1,1,1986,29,29,29,29,29,29,29,29,29,29
131355,0,1,1986,0,0,0,0,0,0,0,0,0,0
131355,1,1,1986,12,8,51,37,9,0,5,0,8,14
131356,1,1,1986,21,21,21,21,21,21,21,21,21,21
131357,1,1,1986,0,0,0,15,0,0,0,0,0,0
131357,2,1,1986,0,0,0,0,0,0,0,0,0,0
131357,3,1,1986,0,0,0,0,0,0,0,0,0,0
131358,1,1,1986,0,0,0,0,0,0,0,0,0,0
131359,1,1,1986,9,9,9,9,9,9,9,9,9,9
131360,1,1,1986,17,17,17,17,17,17,17,17,17,17
131361,1,1,1986,23,23,23,23,23,23,23,23,23,23
131361,2,1,1986,0,0,0,0,0,0,0,0,0,0
131362,1,1,1986,0,0,0,0,0,0,0,0,0,0
131362,2,1,1986,10,0,0,14,19,0,0,19,0,15
131363,1,1,1986,0,0,0,0,0,0,0,0,0,0
131363,2,1,1986,0,0,0,0,0,0,0,0,0,0
131364,1,1,1986,25,25,25,25,25,25,25,25,25,25
131364,2,1,1986,0,9,0,10,0,0,0,0,0,0
131365,1,1,1986,27,27,27,27,27,27,27,27,27,27
131367,1,1,1986,0,0,0,0,0,0,0,0,0,0
131367,2,1,1986,0,0,0,0,0,0,0,0,7,0
131368,1,1,1986,15,0,21,10,23,23,11,12,0,26
131369,1,1,1986,0,0,0,0,0,0,0,0,0,0
131369,2,1,1986,0,0,0,0,4,0,0,0,0,0
131370,1,1,1986,0,0,0,0,0,0,0,13,0,0
131370,2,1,1986,0,0,0,0,0,0,0,0,0,0
131371,1,1,1986,0,0,0,0,0,0,0,0,0,0
131371,2,1,1986,0,0,0,0,0,0,0,0,0,0
131372,0,1,1986,42,9,35,27,0,9,0,25,12,35
131372,1,1,1986,0,0,0,0,0,0,0,0,0,0
131373,1,1,1986,0,0,0,0,0,0,0,0,0,0
131373,2,1,1986,0,0,0,0,0,0,0,0,0,0
131374,1,1,1986,35,0,11,0,0,0,0,0,0,0
131375,0,1,1986,38,0,29,18,0,0,0,12,0,0
131375,1,1,1986,0,0,0,0,0,0,0,23,0,0
131376,1,1,1986,0,0,0,0,0,0,0,0,0,0
131377,0,1,1986,11,11,11,11,11,11,11,11,11,11
131377,1,1,1986,42,22,0,0,0,0,21,0,0,9
131377,2,1,1986,19,19,19,19,19,19,19,19,19,19
131378,1,1,1986,0,0,0,0,0,0,0,0,0,0
131378,2,1,1986,0,0,0,0,0,0,0,0,0,0
131379,1,1,1986,0,0,0,10,0,0,0,0,0,6
131380,1,1,1986,0,0,0,0,0,0,0,0,0,0
131380,2,1,1986,0,0,0,0,0,0,0,0,0,0
131381,1,1,1986,0,0,0,0,0,0,0,0,0,0
131381,2,1,1986,0,0,0,0,0,0,0,0,0,0
131382,0,1,1986,23,23,23,23,23,23,23,23,23,23
131382,1,1,1986,13,18,0,0,15,0,21,0,0,5
131383,0,1,1986,22,0,21,19,27,0,24,0,0,0
131383,1,1,1986,11,17,0,5,6,17,0,20,21,9
131384,0,1,1986,13,23,28,0,0,30,29,25,0,14
131384,1,1,1986,0,0,0,0,2,0,3,0,0,0
131385,1,1,1986,0,0,0,0,0,0,0,0,0,0
131385,2,1,1986,0,0,0,0,0,0,0,0,0,0
131386,0,1,1986,0,0,0,0,0,0,0,0,0,0
131386,1,1,1986,0,0,0,0,0,0,0,0,0,0
131387,1,1,1986,23,23,23,23,23,23,23,23,23,23
131388,1,1,1986,0,0,0,0,0,0,0,0,0,0
131389,1,1,1986,0,0,0,0,0,0,0,0,0,0
131390,0,1,1986,0,0,25,0,0,0,0,0,7,0
131391,0,1,1986,0,0,0,0,0,0,0,0,0,0
131391,1,1,1986,0,0,0,7,0,0,0,0,0,0
131392,1,1,1986,0,0,0,0,0,0,0,0,0,0
131393,1,1,1986,0,0,0,0,0,0,0,0,0,0
131393,2,1,1986,0,0,0,0,0,0,0,0,0,0
131394,0,1,1986,21,21,21,21,21,21,21,21,21,21
131394,1,1,1986,0,24,0,16,0,31,14,15,0,14
131395,1,1,1986,0,0,0,0,0,0,0,0,0,0
131396,1,1,1986,0,0,0,0,0,0,0,0,0,0
131396,2,1,1986,0,0,0,0,0,0,0,0,0,0
131397,0,1,1986,0,0,0,0,0,0,0,0,0,0
131397,1,1,1986,0,0,0,0,0,0,0,0,0,0
131398,0,1,1986,23,23,23,23,23,23,23,23,23,23
131398,1,1,1986,0,0,0,0,0,0,0,0,0,0
131399,0,1,1986,20,20,20,20,20,20,20,20,20,20
131399,1,1,1986,0,0,0,0,0,0,0,0,0,0
131400,0,1,1986,15,39,7,0,0,0,21,0,13,11
131400,1,1,1986,15,0,11,0,0,0,9,0,0,0
131401,1,1,1986,22,22,22,22,22,22,22,22,22,22
131402,1,1,1986,15,15,15,15,15,15,15,15,15,15
131403,1,1,1986,22,22,22,22,22,22,22,22,22,22
131404,0,1,1986,9,0,0,9,9,0,0,0,0,28
131404,1,1,1986,14,14,18,12,0,0,25,10,18,3
131405,1,1,1986,17,17,17,17,17,17,17,17,17,17
131405,2,1,1986,0,0,0,0,0,0,0,0,0,0
131405,3,1,1986,0,0,0,0,0,0,0,0,0,0
131406,1,1,1986,1,1,1,1,1,1,1,1,1,1
131406,2,1,1986,0,0,0,0,0,0,0,0,0,0
131407,1,1,1986,0,0,0,0,0,0,0,0,0,0
131407,2,1,1986,0,0,0,0,0,0,0,0,0,0
131408,1,1,1986,22,22,22,22,22,22,22,22,22,22
131409,1,1,1986,0,0,0,0,0,0,0,0,0,0
131409,2,1,1986,0,0,0,0,10,0,0,0,0,0
131409,3,1,1986,0,0,0,0,0,0,0,0,0,0
131410,1,1,1986,0,0,0,0,0,0,0,0,0,0
131410,2,1,1986,0,0,0,0,0,0,0,0,0,0
131411,1,1,1986,0,30,0,0,0,0,22,0,25,10
131412,1,1,1986,0,0,0,0,15,11,4,23,0,0
131414,1,1,1986,0,0,0,0,0,0,0,0,0,0
131415,0,1,1986,0,0,0,0,0,0,0,0,0,0
131415,1,1,1986,0,0,0,0,0,0,0,0,0,0
131416,1,1,1986,0,0,0,0,0,0,0,0,0,0
131417,0,1,1986,0,32,0,14,0,0,40,31,0,0
131417,1,1,1986,0,0,0,0,0,0,0,0,0,0
150001,1,1,1986,13,13,13,13,13,13,13,13,13,13
150002,1,1,1986,0,0,13,14,16,0,0,21,0,0
150002,2,1,1986,6,6,6,6,6,6,6,6,6,6
150003,1,1,1986,0,0,0,12,0,0,0,0,0,0
150003,2,1,1986,0,0,0,0,0,0,0,0,0,0
150004,1,1,1986,5,0,0,0,0,0,11,0,0,15
150005,1,1,1986,15,15,15,15,15,15,15,15,15,15
150006,1,1,1986,0,0,0,0,0,0,0,0,0,0
150007,1,1,1986,0,24,0,6,0,0,0,11,0,0
150008,1,1,1986,23,23,23,23,23,23,23,23,23,23
150008,2,1,1986,38,38,38,38,38,38,38,38,38,38
150009,1,1,1986,0,0,0,0,0,0,0,0,0,0
150010,1,1,1986,17,17,17,17,17,17,17,17,17,17
150011,0,1,1986,0,0,0,0,0,0,0,0,0,0
150011,1,1,1986,0,0,0,0,0,0,0,0,0,0
150012,0,1,1986,0,0,0,0,0,0,0,0,0,0
150012,1,1,1986,0,0,0,0,0,0,0,0,14,0
150013,1,1,1986,0,0,0,0,0,0,0,3,0,0
150013,2,1,1986,0,0,0,0,0,0,0,0,0,0
150014,1,1,1986,18,18,18,18,18,18,18,18,18,18
150015,0,1,1986,0,0,0,0,0,0,0,0,0,0
150015,1,1,1986,15,15,15,15,15,15,15,15,15,15
150016,1,1,1986,23,23,23,23,23,23,23,23,23,23
150016,2,1,1986,0,0,0,0,0,0,0,0,0,0
150017,1,1,1986,0,0,0,0,0,0,0,0,0,0
150018,0,1,1986,25,25,25,25,25,25,25,25,25,25
150018,1,1,1986,9,0,0,19,8,3,0,14,17,3
150019,1,1,1986,0,0,0,0,0,0,0,0,0,0
150020,1,1,1986,35,35,35,35,35,35,35,35,35,35
150020,2,1,1986,0,0,6,0,0,0,0,5,0,0
150021,0,1,1986,0,0,0,0,10,0,0,0,0,0
150021,1,1,1986,0,0,0,0,0,0,0,0,0,0
150021,2,1,1986,0,0,0,0,0,0,0,0,0,0
150022,1,1,1986,0,0,0,0,0,0,0,0,0,0
150022,2,1,1986,0,9,0,0,0,0,0,0,9,0
150023,1,1,1986,32,32,32,32,32,32,32,32,32,32
150023,2,1,1986,10,0,0,0,0,0,0,0,0,0
150024,1,1,1986,3,3,3,3,3,3,3,3,3,3
150024,2,1,1986,0,0,0,0,0,0,0,0,0,0
150025,1,1,1986,0,0,0,0,0,0,0,0,0,0
150025,2,1,1986,0,0,0,0,0,0,0,0,0,0
150026,0,1,1986,0,0,0,0,0,0,0,0,0,0
150026,1,1,1986,0,0,0,0,0,0,0,7,0,0
150027,1,1,1986,0,0,0,0,0,0,0,6,0,0
150028,0,1,1986,0,0,0,0,0,0,0,0,0,0
150028,1,1,1986,0,0,0,0,0,0,0,0,0,0
150029,1,1,1986,25,25,25,25,25,25,25,25,25,25
150030,0,1,1986,0,0,0,0,0,0,0,0,0,0
150030,1,1,1986,0,22,0,0,0,11,0,0,0,0
150031,1,1,1986,27,27,27,27,27,27,27,27,27,27
150032,1,1,1986,7,7,7,7,7,7,7,7,7,7
150033,1,1,1986,15,15,15,15,15,15,15,15,15,15
150034,1,1,1986,13,13,13,13,13,13,13,13,13,13
150034,2,1,1986,0,0,22,0,0,20,0,0,0,0
150035,0,1,1986,0,0,0,0,0,0,0,0,0,0
150035,1,1,1986,0,0,0,0,3,0,0,0,13,0
150036,1,1,1986,0,0,0,0,0,0,0,0,0,0
150037,1,1,1986,0,0,0,0,0,0,0,0,0,0
150037,2,1,1986,0,0,0,0,0,0,0,0,0,0
150039,1,1,1986,0,0,0,0,0,0,0,0,0,0
150039,2,1,1986,0,0,0,0,0,0,0,0,0,0
150040,1,1,1986,0,0,0,0,0,14,0,0,0,0
150041,0,1,1986,0,0,0,0,0,0,0,0,0,11
150041,1,1,1986,14,21,24,0,0,13,14,14,12,18
150042,1,1,1986,0,0,0,0,0,24,0,0,0,7
150042,2,1,1986,0,15,0,0,0,0,0,13,0,0
150043,0,1,1986,21,21,21,21,21,21,21,21,21,21
150043,1,1,1986,0,0,7,14,0,0,0,0,0,0
150044,1,1,1986,0,0,0,0,0,0,0,0,0,0
150045,1,1,1986,12,12,12,12,12,12,12,12,12,12
150046,1,1,1986,9,9,9,9,9,9,9,9,9,9
150047,0,1,1986,0,0,0,0,0,0,0,0,0,0
150047,1,1,1986,0,0,0,0,0,0,0,0,0,0
150048,1,1,1986,22,22,22,22,22,22,22,22,22,22
150048,2,1,1986,0,0,0,0,10,0,0,0,0,0
150048,3,1,1986,0,0,0,0,0,0,0,0,0,28
150050,0,1,1986,3,3,3,3,3,3,3,3,3,3
150050,1,1,1986,14,14,14,14,14,14,14,14,14,14
150051,1,1,1986,0,0,0,13,0,0,0,0,0,0
150051,2,1,1986,0,0,0,0,0,0,0,0,0,0
150051,3,1,1986,0,0,0,0,0,0,0,0,0,0
150051,4,1,1986,0,0,0,0,0,0,0,0,0,0
150051,5,1,1986,0,0,0,0,0,0,0,0,0,7
150052,1,1,1986,15,15,15,15,15,15,15,15,15,15
150053,1,1,1986,0,0,0,0,0,0,0,0,0,0
150053,2,1,1986,0,0,0,0,0,0,0,5,0,0
150054,1,1,1986,23,23,23,23,23,23,23,23,23,23
150054,2,1,1986,0,0,0,0,0,0,0,0,0,0
150055,1,1,1986,25,25,25,25,25,25,25,25,25,25
150056,1,1,1986,26,26,26,26,26,26,26,26,26,26
150057,1,1,1986,0,0,0,0,0,0,0,0,0,0
150058,0,1,1986,0,0,0,0,0,0,0,0,0,0
150058,1,1,1986,0,0,0,0,0,0,0,0,0,0
150059,1,1,1986,18,18,18,18,18,18,18,18,18,18
150060,1,1,1986,0,0,0,0,0,0,0,0,0,0
150060,2,1,1986,0,0,14,0,0,0,0,0,0,0
150060,3,1,1986,0,0,0,0,0,0,0,0,0,0
150061,1,1,1986,31,27,15,50,17,22,27,15,21,32
150062,1,1,1986,15,15,15,15,15,15,15,15,15,15
150063,1,1,1986,21,21,21,21,21,21,21,21,21,21
150063,2,1,1986,0,0,0,0,5,0,0,0,0,0
150064,0,1,1986,0,0,0,0,0,0,0,0,0,0
150064,0,2,1986,0,0,0,0,0,0,0,0,10,0
150064,0,3,1986,0,0,0,0,0,0,0,0,0,0
150064,0,4,1986,4,0,12,0,0,0,7,17,3,0
150064,1,1,1986,10,13,22,28,22,14,14,7,8,16
150065,1,1,1986,0,13,10,0,0,0,16,0,0,0
150066,0,1,1986,0,0,0,0,0,0,0,0,0,0
150066,1,1,1986,0,0,0,0,0,0,0,0,0,0
150067,1,1,1986,40,40,40,40,40,40,40,40,40,40
150067,2,1,1986,0,0,0,0,0,0,0,0,0,0
150068,1,1,1986,7,7,7,7,7,7,7,7,7,7
150068,2,1,1986,0,0,0,0,0,0,0,0,0,0
150069,1,1,1986,8,14,14,11,23,18,29,15,9,8
150070,0,1,1986,51,0,18,14,7,0,16,35,0,8
150070,1,1,1986,11,23,20,21,9,19,30,15,18,0
150071,0,1,1986,0,0,0,0,0,0,0,0,0,0
150071,1,1,1986,0,0,0,0,0,0,0,0,0,0
150072,1,1,1986,4,4,4,4,4,4,4,4,4,4
150072,2,1,1986,0,0,0,0,0,0,0,0,0,0
150073,1,1,1986,0,0,0,0,0,5,0,0,0,0
150074,1,1,1986,13,13,13,13,13,13,13,13,13,13
150075,0,1,1986,14,14,14,14,14,14,14,14,14,14
150075,1,1,1986,16,16,16,16,16,16,16,16,16,16
150076,1,1,1986,9,12,3,24,6,10,8,17,9,0
150077,1,1,1986,29,29,29,29,29,29,29,29,29,29
150077,2,1,1986,0,0,0,0,0,0,0,0,0,0
150078,0,1,1986,0,0,0,0,0,0,0,0,0,0
150078,1,1,1986,0,0,0,0,0,0,0,0,0,0
150079,1,1,1986,3,3,3,3,3,3,3,3,3,3
150080,0,1,1986,0,0,0,0,0,0,0,0,0,0
150080,1,1,1986,0,0,0,0,0,0,0,0,0,0
150081,0,1,1986,20,20,20,20,20,20,20,20,20,20
150081,1,1,1986,0,0,0,0,0,0,0,0,0,0
150082,0,1,1986,0,0,0,0,0,0,0,0,0,0
150082,1,1,1986,0,0,0,0,0,0,0,0,0,0
150083,1,1,1986,35,35,35,35,35,35,35,35,35,35
150084,1,1,1986,0,0,0,0,0,0,0,0,0,0
150084,2,1,1986,0,0,0,0,0,0,0,0,0,0
150085,1,1,1986,5,5,5,5,5,5,5,5,5,5
150086,1,1,1986,26,26,26,26,26,26,26,26,26,26
150086,2,1,1986,0,0,0,0,0,0,0,0,0,0
150087,1,1,1986,0,0,0,0,0,0,18,0,0,11
150088,1,1,1986,16,16,16,16,16,16,16,16,16,16
150088,2,1,1986,0,7,0,14,0,0,0,0,0,0
150089,1,1,1986,20,0,0,0,0,0,0,0,0,0
150090,1,1,1986,0,0,0,0,0,0,0,16,0,0
150090,2,1,1986,0,0,0,0,0,0,0,0,0,0
150091,1,1,1986,17,23,8,25,17,32,23,26,25,24
150091,2,1,1986,0,0,0,0,0,0,0,0,0,0
150092,1,1,1986,6,6,6,6,6,6,6,6,6,6
150093,0,1,1986,0,0,0,0,0,0,0,0,0,0
150093,1,1,1986,0,0,0,0,0,20,0,20,0,0
150094,1,1,1986,0,0,0,0,0,0,0,11,0,0
150094,2,1,1986,0,0,0,0,0,0,0,0,0,0
150095,1,1,1986,16,16,16,16,16,16,16,16,16,16
150095,2,1,1986,17,17,17,17,17,17,17,17,17,17
150096,1,1,1986,10,10,10,10,10,10,10,10,10,10
150097,1,1,1986,17,17,17,17,17,17,17,17,17,17
150098,1,1,1986,0,0,0,0,0,0,0,0,0,0
150098,2,1,1986,0,0,0,0,0,0,0,0,0,0
150098,3,1,1986,0,0,0,0,0,0,0,0,0,0
150099,1,1,1986,0,0,0,0,0,0,0,0,0,0
150099,2,1,1986,0,0,0,0,0,0,0,0,0,0
150101,0,1,1986,0,0,0,0,0,0,0,0,0,0
150101,1,1,1986,0,0,0,0,0,0,0,0,0,0
150102,1,1,1986,11,11,11,11,11,11,11,11,11,11
150103,1,1,1986,21,21,21,21,21,21,21,21,21,21
150104,1,1,1986,13,13,13,13,13,13,13,13,13,13
150105,0,1,1986,0,0,0,0,0,0,0,0,0,0
150105,0,2,1986,0,0,0,0,0,0,0,0,0,0
150105,1,1,1986,0,0,0,0,0,0,0,0,0,0
150106,0,1,1986,20,20,20,20,20,20,20,20,20,20
150106,0,2,1986,31,15,0,44,18,21,29,24,23,0
150106,1,1,1986,0,0,7,16,0,0,0,0,0,0
150107,1,1,1986,0,0,0,0,0,0,0,0,0,0
150107,2,1,1986,0,0,0,0,0,0,0,0,0,0
150108,0,1,1986,9,9,9,9,9,9,9,9,9,9
150108,1,1,1986,13,0,13,0,0,11,0,8,0,0
150109,0,1,1986,0,0,0,0,0,0,0,0,0,0
150109,0,2,1986,0,0,0,0,26,6,0,0,0,0
150109,1,1,1986,0,0,0,14,0,0,0,0,0,0
150110,1,1,1986,0,0,0,0,0,0,0,0,0,0
150110,2,1,1986,0,0,0,0,0,0,0,0,0,0
150110,3,1,1986,0,0,0,0,0,0,0,0,0,0
150111,1,1,1986,0,0,0,0,0,0,0,0,0,0
150111,2,1,1986,3,3,3,3,3,3,3,3,3,3
150112,1,1,1986,6,6,6,6,6,6,6,6,6,6
150113,1,1,1986,0,0,0,0,0,0,0,0,0,0
150114,1,1,1986,20,20,20,20,20,20,20,20,20,20
160002,1,1,1986,0,0,0,0,0,0,0,0,0,0
160003,1,1,1986,0,0,0,0,0,0,0,0,0,0
160003,2,1,1986,0,0,0,0,0,0,0,0,0,0
160004,1,1,1986,11,0,0,0,0,0,0,16,0,0
160004,2,1,1986,0,12,0,0,0,0,0,0,0,0
160005,0,1,1986,0,0,0,0,0,0,0,0,0,0
160005,0,2,1986,13,14,11,36,18,15,0,18,0,27
160005,1,1,1986,0,0,14,0,0,0,22,0,0,0
160006,1,1,1986,2,2,2,2,2,2,2,2,2,2
160006,2,1,1986,0,0,0,0,0,0,0,0,0,0
160007,1,1,1986,0,0,0,0,0,0,0,0,0,0
160008,1,1,1986,0,0,0,0,0,0,0,0,0,0
160008,2,1,1986,1,1,1,1,1,1,1,1,1,1
160009,0,1,1986,0,0,0,0,0,0,0,0,0,0
160009,1,1,1986,0,0,0,0,0,0,0,0,0,0
160010,1,1,1986,0,0,0,0,0,0,0,0,0,0
160011,1,1,1986,0,0,0,0,0,0,0,0,0,0
160011,2,1,1986,0,0,0,0,0,0,0,0,0,0
160012,1,1,1986,0,0,0,0,0,0,0,0,0,0
160013,1,1,1986,0,0,0,0,0,0,0,0,0,0
160013,2,1,1986,0,0,0,0,0,0,0,0,0,0
160014,1,1,1986,16,16,16,16,16,16,16,16,16,16
160015,1,1,1986,6,6,7,16,13,17,7,16,14,26
160016,1,1,1986,0,0,0,0,0,0,0,0,0,0
160017,1,1,1986,0,0,0,0,0,0,0,0,0,0
160017,2,1,1986,0,0,0,0,0,0,0,0,0,0
160018,1,1,1986,0,0,0,0,0,0,0,0,0,0
160018,2,1,1986,3,3,3,3,3,3,3,3,3,3
160019,1,1,1986,37,37,37,37,37,37,37,37,37,37
160019,2,1,1986,0,0,0,0,0,0,0,0,0,0
160020,1,1,1986,12,12,12,12,12,12,12,12,12,12
160021,1,1,1986,14,14,14,14,14,14,14,14,14,14
160022,1,1,1986,0,0,0,0,0,0,0,0,0,0
160022,2,1,1986,13,13,13,13,13,13,13,13,13,13
160023,1,1,1986,16,16,16,16,16,16,16,16,16,16
160023,2,1,1986,0,0,0,0,0,0,0,0,0,0
160024,1,1,1986,10,10,10,10,10,10,10,10,10,10
160025,1,1,1986,18,5,17,11,13,0,9,24,28,17
160026,1,1,1986,17,17,17,17,17,17,17,17,17,17
160027,1,1,1986,0,0,0,0,0,0,0,0,0,0
160028,1,1,1986,0,0,0,0,0,0,0,0,0,0