ST_CASE,VEH_NO,PER_NO,YEAR,P1,P2,P3,P4,P5,P6,P7,P8,P9,P10
170933,3,1,1986,22,0,0,0,28,0,0,0,7,11
170934,0,1,1986,0,0,0,0,0,0,0,0,0,0
170934,1,1,1986,8,8,8,8,8,8,8,8,8,8
170935,1,1,1986,0,0,0,0,0,0,0,0,0,26
170935,2,1,1986,10,0,0,25,0,0,0,21,0,22
170936,0,1,1986,0,0,0,0,0,0,0,0,0,0
170936,1,1,1986,4,0,0,0,0,0,0,0,0,0
170937,1,1,1986,10,0,0,0,0,0,0,0,0,0
170937,2,1,1986,0,0,0,0,0,0,0,0,0,0
170937,3,1,1986,0,0,0,0,0,0,0,0,0,0
170939,1,1,1986,19,19,19,19,19,19,19,19,19,19
170939,2,1,1986,24,8,0,0,0,0,0,0,37,0
170939,3,1,1986,0,24,0,0,0,0,0,0,0,0
170940,1,1,1986,19,13,8,13,11,0,17,34,25,11
170941,1,1,1986,44,44,44,44,44,44,44,44,44,44
170942,1,1,1986,32,32,32,32,32,32,32,32,32,32
170942,2,1,1986,0,0,0,0,0,0,12,0,0,0
170943,1,1,1986,25,25,25,25,25,25,25,25,25,25
170944,1,1,1986,0,0,21,0,12,9,0,0,0,0
170944,2,1,1986,0,0,0,0,0,0,0,0,0,0
170944,3,1,1986,0,0,0,0,0,0,0,0,0,0
170944,4,1,1986,0,7,0,0,0,0,0,0,0,0
170945,1,1,1986,0,12,8,0,0,0,14,0,0,0
170946,1,1,1986,0,0,0,0,0,0,0,0,0,0
170946,2,1,1986,13,6,0,11,4,6,30,0,0,21
170947,1,1,1986,7,7,7,7,7,7,7,7,7,7
170948,1,1,1986,31,31,31,31,31,31,31,31,31,31
170949,1,1,1986,0,0,0,0,0,0,0,0,0,0
170949,2,1,1986,0,0,0,0,0,0,0,0,0,0
170950,1,1,1986,14,14,14,14,14,14,14,14,14,14
170950,2,1,1986,16,8,8,7,0,0,3,4,0,0
170951,1,1,1986,30,30,30,30,30,30,30,30,30,30
170951,2,1,1986,0,0,0,0,0,0,0,0,0,0
170952,1,1,1986,0,0,0,0,0,0,0,0,0,0
170953,1,1,1986,26,26,26,26,26,26,26,26,26,26
170954,1,1,1986,18,0,0,0,0,0,0,0,0,0
170954,2,1,1986,0,0,0,0,0,0,0,0,0,0
170955,0,1,1986,18,18,18,18,18,18,18,18,18,18
170955,1,1,1986,0,0,0,0,0,0,0,0,0,0
170956,0,1,1986,18,18,18,18,18,18,18,18,18,18
170956,1,1,1986,0,0,0,15,0,0,11,0,12,0
170957,1,1,1986,15,23,19,10,34,12,17,18,14,0
170958,1,1,1986,11,11,11,11,11,11,11,11,11,11
170958,2,1,1986,0,0,0,0,0,0,0,0,0,0
170960,1,1,1986,11,29,17,29,0,0,3,0,0,0
170961,0,1,1986,24,24,24,24,24,24,24,24,24,24
170961,1,1,1986,0,0,0,0,0,4,0,0,0,0
170962,1,1,1986,11,11,11,11,11,11,11,11,11,11
170962,2,1,1986,0,0,0,0,0,0,0,0,0,0
170963,1,1,1986,0,0,0,0,0,0,0,0,0,0
170963,2,1,1986,0,0,0,0,0,0,0,0,0,0
170964,1,1,1986,0,0,0,0,0,0,0,0,0,0
170965,0,1,1986,16,16,16,16,16,16,16,16,16,16
170965,1,1,1986,0,0,0,0,0,0,0,0,0,0
170966,1,1,1986,0,0,0,0,0,0,0,0,0,0
170966,2,1,1986,0,0,0,0,0,3,0,0,0,0
170967,1,1,1986,14,14,14,14,14,14,14,14,14,14
170967,2,1,1986,0,0,0,0,0,0,0,0,0,0
170968,1,1,1986,0,13,0,0,0,0,0,8,0,0
170969,1,1,1986,13,13,13,13,13,13,13,13,13,13
170970,1,1,1986,0,0,0,0,0,0,0,0,0,0
170970,2,1,1986,0,0,0,0,0,0,0,0,0,0
170970,3,1,1986,20,0,0,0,0,0,0,0,0,0
170971,1,1,1986,0,0,0,0,0,0,0,0,0,0
170971,2,1,1986,0,0,0,0,0,0,0,0,0,0
170971,3,1,1986,0,0,0,0,0,0,0,0,0,0
170972,1,1,1986,0,0,0,0,0,0,0,0,0,0
170973,0,1,1986,0,0,0,0,0,0,0,0,0,0
170973,1,1,1986,0,0,0,0,0,0,0,0,0,0
170974,1,1,1986,0,0,12,0,0,0,0,7,20,0
170975,1,1,1986,18,18,18,18,18,18,18,18,18,18
170976,1,1,1986,0,0,0,0,0,0,0,0,0,0
170977,1,1,1986,0,0,0,0,0,0,0,0,0,0
170978,0,1,1986,1,1,1,1,1,1,1,1,1,1
170978,1,1,1986,0,7,0,0,0,6,0,19,0,0
170979,0,1,1986,0,0,0,0,0,0,0,0,0,0
170979,1,1,1986,0,0,0,0,0,0,0,0,0,17
170980,1,1,1986,0,0,0,0,0,0,0,0,0,0
170981,1,1,1986,22,0,25,0,18,22,0,0,10,13
170981,2,1,1986,0,18,0,0,0,0,13,0,0,0
170982,0,1,1986,0,0,0,0,0,0,0,0,0,0
170982,1,1,1986,0,20,0,5,0,0,0,0,0,0
170983,1,1,1986,0,0,0,0,0,0,0,0,0,0
170984,1,1,1986,20,20,20,20,20,20,20,20,20,20
170984,2,1,1986,0,0,0,0,0,0,0,0,0,0
170985,1,1,1986,11,11,11,11,11,11,11,11,11,11
170986,1,1,1986,0,0,0,18,0,0,0,12,0,0
170987,1,1,1986,13,13,13,13,13,13,13,13,13,13
170987,2,1,1986,17,17,17,17,17,17,17,17,17,17
170988,1,1,1986,22,22,22,22,22,22,22,22,22,22
170989,1,1,1986,23,23,23,23,23,23,23,23,23,23
170990,1,1,1986,20,20,20,20,20,20,20,20,20,20
170991,1,1,1986,22,0,0,0,2,0,21,0,0,0
170991,2,1,1986,0,0,0,0,0,0,0,0,0,0
170992,0,1,1986,0,0,0,0,0,0,0,0,0,0
170992,1,1,1986,0,0,0,0,0,0,0,0,0,0
170993,1,1,1986,0,0,0,0,0,0,0,0,0,0
170993,2,1,1986,0,0,0,0,0,0,0,0,0,0
170995,0,1,1986,9,9,9,9,9,9,9,9,9,9
170995,1,1,1986,14,0,0,0,0,0,0,0,0,0
170996,0,1,1986,0,0,0,0,0,0,0,0,0,0
170996,1,1,1986,13,13,13,13,13,13,13,13,13,13
170997,1,1,1986,0,0,0,0,0,7,0,12,8,0
170997,2,1,1986,0,0,0,0,0,0,0,0,0,0
170998,1,1,1986,0,0,0,0,0,0,0,0,0,0
170999,1,1,1986,20,17,4,12,15,6,15,10,20,33
170999,2,1,1986,26,26,26,26,26,26,26,26,26,26
171000,1,1,1986,14,14,14,14,14,14,14,14,14,14
171000,2,1,1986,6,6,6,6,6,6,6,6,6,6
171001,0,1,1986,39,39,39,39,39,39,39,39,39,39
171001,1,1,1986,0,0,0,0,0,0,0,0,0,10
171002,1,1,1986,0,0,0,0,0,0,0,0,0,0
171002,2,1,1986,0,0,0,0,0,0,0,0,0,0
171003,1,1,1986,0,0,0,0,0,0,0,0,0,0
171003,2,1,1986,0,0,0,0,0,0,0,0,0,0
171004,1,1,1986,0,0,0,0,0,0,0,0,0,0
171005,1,1,1986,0,0,0,0,0,0,0,0,0,0
171005,2,1,1986,9,9,9,9,9,9,9,9,9,9
171006,1,1,1986,0,12,0,0,0,0,0,0,0,0
171007,1,1,1986,0,0,0,0,0,0,0,0,0,0
171008,0,1,1986,16,16,16,16,16,16,16,16,16,16
171008,0,2,1986,7,47,12,0,0,0,30,0,0,0
171008,1,1,1986,0,0,0,0,0,0,0,0,0,0
171009,1,1,1986,21,21,21,21,21,21,21,21,21,21
171009,2,1,1986,0,0,0,0,0,0,0,0,0,0
171010,0,1,1986,24,24,24,24,24,24,24,24,24,24
171010,1,1,1986,0,0,23,5,10,0,10,0,7,0
171011,0,1,1986,0,0,0,0,0,0,0,0,0,0
171011,1,1,1986,0,0,0,0,0,0,0,0,0,0
171012,1,1,1986,0,13,0,0,0,0,0,0,0,0
171012,2,1,1986,0,0,0,0,0,0,0,0,0,0
171012,3,1,1986,0,0,0,0,0,0,0,0,0,0
171013,1,1,1986,0,7,0,0,0,0,0,0,0,10
171014,0,1,1986,13,13,13,13,13,13,13,13,13,13
171014,1,1,1986,0,0,0,0,0,0,0,0,0,0
171015,1,1,1986,0,0,0,0,0,0,0,0,0,0
171015,2,1,1986,0,13,0,0,0,20,0,0,0,16
171016,1,1,1986,5,5,5,5,5,5,5,5,5,5
171017,1,1,1986,26,5,13,27,19,28,22,31,19,10
171017,2,1,1986,0,0,0,0,0,0,0,0,0,0
171018,1,1,1986,0,0,0,0,0,0,0,0,0,0
171018,2,1,1986,0,0,0,0,0,0,0,0,0,0
171019,0,1,1986,18,18,18,18,18,18,18,18,18,18
171019,1,1,1986,4,7,16,37,21,9,22,24,21,11
171019,2,1,1986,3,0,0,0,0,0,0,10,0,0
171020,1,1,1986,21,30,17,23,36,21,20,35,19,27
171020,2,1,1986,1,1,1,1,1,1,1,1,1,1
171021,0,1,1986,33,33,33,33,33,33,33,33,33,33
171021,1,1,1986,52,0,0,0,0,0,0,0,0,0
171022,1,1,1986,0,0,0,0,0,0,0,0,0,0
171023,0,1,1986,0,0,0,0,0,0,0,0,0,0
171023,1,1,1986,19,0,15,9,4,0,0,13,10,0
171023,2,1,1986,14,0,0,14,14,0,0,0,0,0
171024,1,1,1986,0,0,0,0,0,0,0,0,0,0
171024,2,1,1986,0,0,0,0,0,0,0,0,0,0
171025,1,1,1986,0,0,0,0,0,0,0,0,0,0
171025,2,1,1986,0,12,0,0,0,0,0,0,0,0
171025,3,1,1986,0,0,0,0,0,0,0,0,0,0
171025,4,1,1986,0,0,0,0,0,0,0,0,0,0
171026,1,1,1986,0,0,0,0,0,0,0,0,0,0
171026,2,1,1986,0,0,0,0,0,0,0,0,0,0
171028,1,1,1986,0,0,0,0,0,0,17,0,0,0
171028,2,1,1986,26,26,26,26,26,26,26,26,26,26
171030,1,1,1986,12,12,12,12,12,12,12,12,12,12
171030,2,1,1986,0,0,0,0,0,0,0,0,0,0
171031,1,1,1986,17,17,17,17,17,17,17,17,17,17
171031,2,1,1986,0,10,0,0,0,0,0,8,0,16
171032,1,1,1986,0,0,0,0,0,0,0,0,0,0
171033,1,1,1986,0,0,7,0,8,0,0,8,19,0
171033,2,1,1986,0,0,0,0,0,0,0,0,0,0
171034,1,1,1986,0,0,0,0,0,0,0,0,0,0
171034,2,1,1986,0,0,0,0,0,0,0,0,0,0
171035,1,1,1986,0,0,13,0,0,0,0,0,0,0
171035,2,1,1986,0,0,0,0,4,0,0,0,0,0
171036,0,1,1986,0,0,0,0,0,0,0,0,0,0
171036,1,1,1986,0,0,9,0,0,0,0,0,0,11
171037,1,1,1986,14,14,14,14,14,14,14,14,14,14
171038,1,1,1986,10,10,10,10,10,10,10,10,10,10
171039,0,1,1986,0,0,0,0,0,0,0,0,0,0
171039,1,1,1986,0,0,0,0,0,0,0,0,0,0
171040,1,1,1986,7,7,7,7,7,7,7,7,7,7
171040,2,1,1986,0,0,0,0,0,0,0,0,0,0
171041,1,1,1986,5,5,5,5,5,5,5,5,5,5
171041,2,1,1986,0,7,0,0,0,0,0,0,0,0
171042,1,1,1986,0,0,0,0,0,0,0,0,0,0
171042,2,1,1986,0,0,0,0,0,0,0,0,0,0
171043,1,1,1986,8,13,9,16,15,8,0,10,16,0
171044,1,1,1986,0,0,0,0,0,0,0,0,0,0
171045,1,1,1986,2,2,2,2,2,2,2,2,2,2
171045,2,1,1986,7,0,0,0,0,4,0,0,0,0
171046,1,1,1986,24,24,24,24,24,24,24,24,24,24
171048,1,1,1986,0,0,0,0,0,0,0,0,0,0
171048,2,1,1986,0,0,0,0,0,19,0,0,0,0
171048,3,1,1986,16,12,0,0,0,0,0,15,0,0
171049,1,1,1986,3,3,3,3,3,3,3,3,3,3
171049,2,1,1986,0,12,0,0,0,0,0,0,0,0
171050,1,1,1986,25,25,25,25,25,25,25,25,25,25
171051,0,1,1986,0,0,0,0,0,0,0,0,0,0
171051,1,1,1986,0,0,0,0,0,0,0,0,0,0
171052,1,1,1986,0,0,0,0,0,0,0,0,0,0
171052,2,1,1986,0,0,0,0,0,0,0,0,0,0
171053,0,1,1986,0,0,0,0,0,0,0,0,0,0
171053,1,1,1986,0,14,0,0,0,0,0,15,0,0
171054,0,1,1986,0,0,0,0,0,0,0,0,0,0
171054,1,1,1986,0,0,0,0,0,0,0,0,14,0
171055,1,1,1986,0,6,12,0,11,0,0,0,0,0
171055,2,1,1986,0,0,0,0,0,0,0,0,0,0
171056,1,1,1986,13,13,13,13,13,13,13,13,13,13
171056,2,1,1986,0,0,0,0,0,0,0,0,0,0
171057,1,1,1986,18,18,18,18,18,18,18,18,18,18
171058,1,1,1986,11,11,11,11,11,11,11,11,11,11
171059,0,1,1986,4,4,4,4,4,4,4,4,4,4
171059,1,1,1986,0,0,0,0,0,0,0,0,0,0
171060,1,1,1986,31,0,14,21,13,12,11,18,8,4
171061,1,1,1986,35,35,35,35,35,35,35,35,35,35
171062,1,1,1986,0,0,14,0,0,0,0,0,0,0
171062,2,1,1986,0,0,0,0,0,0,0,0,0,0
171063,1,1,1986,0,0,0,0,0,0,0,0,0,0
171063,2,1,1986,0,0,0,0,0,0,0,0,0,0
171064,1,1,1986,0,6,0,8,24,0,4,0,0,0
171065,1,1,1986,0,0,0,0,0,0,0,0,0,12
171065,2,1,1986,0,0,0,0,0,0,0,0,0,0
171066,1,1,1986,17,17,17,17,17,17,17,17,17,17
171066,2,1,1986,0,0,0,0,0,0,0,0,0,0
171066,3,1,1986,0,0,0,0,0,0,0,0,0,0
171067,1,1,1986,8,22,25,0,0,15,0,18,9,10
171068,1,1,1986,4,4,4,4,4,4,4,4,4,4
171068,2,1,1986,0,0,0,0,0,0,0,0,0,0
171069,1,1,1986,30,30,30,30,30,30,30,30,30,30
171069,2,1,1986,0,0,0,0,0,0,0,0,0,0
171070,1,1,1986,10,10,10,10,10,10,10,10,10,10
171070,2,1,1986,8,54,15,9,27,0,10,15,15,21
171071,1,1,1986,18,18,18,18,18,18,18,18,18,18
171072,1,1,1986,0,17,13,0,17,0,21,18,17,8
171073,1,1,1986,0,23,0,0,0,0,17,0,0,0
171074,1,1,1986,17,17,17,17,17,17,17,17,17,17
171075,1,1,1986,0,0,0,0,0,0,0,0,0,0
171075,2,1,1986,0,0,0,0,0,0,0,0,0,0
171076,1,1,1986,0,0,0,0,0,0,0,0,0,0
171076,2,1,1986,0,0,0,0,0,0,0,0,0,0
171077,0,1,1986,0,0,0,0,0,0,0,0,0,0
171077,1,1,1986,0,0,0,0,0,0,0,0,0,0
171078,1,1,1986,15,15,15,15,15,15,15,15,15,15
171079,1,1,1986,0,0,0,0,0,0,0,0,0,0
171079,2,1,1986,0,0,0,0,0,0,0,0,0,0
171080,1,1,1986,0,0,3,0,0,0,0,0,0,0
171080,2,1,1986,0,7,0,12,0,0,6,0,7,0
171081,1,1,1986,0,0,0,0,0,0,8,0,0,0
171081,2,1,1986,0,0,0,0,0,0,0,0,0,0
171082,1,1,1986,10,10,10,10,10,10,10,10,10,10
171083,1,1,1986,5,5,5,5,5,5,5,5,5,5
171084,1,1,1986,17,17,17,17,17,17,17,17,17,17
171085,0,1,1986,15,15,15,15,15,15,15,15,15,15
171085,1,1,1986,0,0,0,0,0,0,0,0,0,0
171086,1,1,1986,15,15,15,15,15,15,15,15,15,15
171086,2,1,1986,0,0,0,0,0,0,0,0,0,0
171087,0,1,1986,7,7,7,7,7,7,7,7,7,7
171087,1,1,1986,15,9,24,6,20,14,7,0,6,0
171088,0,1,1986,0,0,0,0,0,0,0,0,0,0
171088,1,1,1986,0,14,5,28,11,16,0,0,27,0
171089,1,1,1986,13,13,13,13,13,13,13,13,13,13
171090,1,1,1986,16,16,16,16,16,16,16,16,16,16
171091,0,1,1986,16,16,16,16,16,16,16,16,16,16
171091,1,1,1986,0,0,0,0,0,0,0,0,0,0
171092,1,1,1986,25,25,25,25,25,25,25,25,25,25
171092,2,1,1986,0,0,0,0,0,0,0,0,0,0
171093,0,1,1986,20,20,20,20,20,20,20,20,20,20
171093,1,1,1986,0,0,0,0,0,0,0,0,0,0
171094,0,1,1986,19,19,19,19,19,19,19,19,19,19
171094,1,1,1986,0,0,0,0,0,0,28,0,0,0
171095,1,1,1986,16,16,16,16,16,16,16,16,16,16
171095,2,1,1986,0,0,0,0,0,0,0,0,0,0
171096,1,1,1986,0,0,0,0,0,0,0,0,0,0
171097,1,1,1986,0,0,0,0,0,0,0,0,0,0
171097,2,1,1986,0,0,0,0,0,0,0,0,0,0
171098,1,1,1986,22,22,22,22,22,22,22,22,22,22
171099,1,1,1986,13,0,0,10,0,0,0,0,0,5
171100,1,1,1986,14,0,16,18,0,14,0,0,0,5
171100,2,1,1986,0,0,0,0,0,0,0,0,0,0
171101,1,1,1986,0,0,0,0,0,0,0,0,0,0
171101,2,1,1986,0,0,0,0,0,0,0,0,0,0
171102,1,1,1986,27,27,27,27,27,27,27,27,27,27
171103,1,1,1986,0,0,0,0,0,0,2,0,0,0
171104,1,1,1986,16,16,16,16,16,16,16,16,16,16
171105,1,1,1986,0,0,0,0,0,0,0,0,0,0
171105,2,1,1986,0,0,0,0,0,0,0,0,0,0
171106,1,1,1986,23,23,23,23,23,23,23,23,23,23
171106,2,1,1986,0,4,0,0,0,0,0,0,0,0
171107,1,1,1986,0,0,0,0,0,0,0,0,0,0
171107,2,1,1986,11,9,8,10,14,19,17,19,0,9
171108,0,1,1986,0,0,0,0,0,0,0,0,0,0
171108,1,1,1986,0,0,0,0,0,0,0,0,0,0
171109,1,1,1986,0,0,0,0,0,0,0,0,0,0
171109,2,1,1986,0,0,0,0,0,0,0,0,0,0
171110,0,1,1986,0,0,0,0,0,0,0,0,0,0
171110,1,1,1986,11,0,0,0,0,0,0,0,0,12
171111,1,1,1986,0,0,0,0,0,0,0,0,0,0
171111,2,1,1986,0,0,0,0,0,0,0,10,0,0
171112,1,1,1986,25,25,25,25,25,25,25,25,25,25
171113,1,1,1986,0,0,0,0,0,0,0,0,0,0
171113,2,1,1986,0,0,0,0,0,0,0,0,0,0
171114,1,1,1986,12,12,12,12,12,12,12,12,12,12
171115,0,1,1986,10,0,0,11,0,43,20,25,8,22
171115,1,1,1986,13,12,3,8,8,4,8,0,0,31
171116,1,1,1986,27,27,27,27,27,27,27,27,27,27
171116,2,1,1986,18,31,31,12,27,9,9,8,22,6
171117,1,1,1986,9,9,9,9,9,9,9,9,9,9
171117,2,1,1986,0,12,0,0,0,0,5,0,0,0
171117,3,1,1986,0,0,0,0,0,0,0,0,0,0
171118,0,1,1986,6,6,6,6,6,6,6,6,6,6
171118,1,1,1986,32,0,13,25,21,18,10,20,14,37
171119,1,1,1986,0,0,7,0,0,0,0,0,0,0
171119,2,1,1986,0,0,0,0,0,0,0,0,0,0
171120,0,1,1986,15,15,15,15,15,15,15,15,15,15
171120,1,1,1986,9,31,25,0,0,0,18,0,0,0
171121,0,1,1986,0,0,0,0,0,0,0,0,0,0
171121,0,2,1986,9,21,19,15,27,0,14,13,0,23
171121,0,3,1986,0,0,0,0,0,0,0,0,0,0
171121,0,4,1986,23,24,25,28,20,47,0,12,14,17
171121,1,1,1986,11,11,11,11,11,11,11,11,11,11
171122,0,1,1986,0,0,0,0,0,0,0,0,0,0
171122,1,1,1986,24,7,13,19,10,10,14,17,12,8
171123,0,1,1986,22,16,31,18,13,11,18,0,9,0
171123,1,1,1986,21,0,0,9,0,6,13,11,0,12
171124,1,1,1986,14,14,14,14,14,14,14,14,14,14
171124,2,1,1986,0,0,0,9,8,0,0,0,0,0
171124,3,1,1986,0,0,0,0,7,0,0,0,0,0
171125,1,1,1986,23,23,23,23,23,23,23,23,23,23
171125,2,1,1986,0,0,0,0,0,0,0,0,0,0
171126,1,1,1986,0,0,0,0,0,0,0,0,0,0
171126,2,1,1986,0,0,0,0,0,0,0,0,0,0
171127,1,1,1986,17,17,17,17,17,17,17,17,17,17
171127,2,1,1986,0,0,0,0,0,0,0,0,9,10
171127,3,1,1986,0,0,0,0,14,0,0,0,18,0
171128,0,1,1986,18,18,15,0,23,4,18,35,0,11
171128,1,1,1986,0,0,0,0,4,0,0,0,0,0
171129,1,1,1986,5,5,5,5,5,5,5,5,5,5
171130,1,1,1986,11,11,11,11,11,11,11,11,11,11
171130,2,1,1986,0,0,0,0,0,0,0,0,0,0
171131,1,1,1986,15,15,15,15,15,15,15,15,15,15
171132,0,1,1986,0,0,0,0,0,0,0,0,0,0
171132,1,1,1986,21,13,13,14,28,25,22,9,19,23
171133,1,1,1986,0,0,0,0,0,0,0,0,0,0
171134,0,1,1986,0,0,0,0,16,0,0,0,0,0
171134,1,1,1986,0,0,0,0,0,0,0,0,0,0
171135,0,1,1986,17,18,0,0,32,0,5,0,9,0
171135,1,1,1986,5,19,0,0,0,0,23,28,0,0
171136,1,1,1986,27,27,27,27,27,27,27,27,27,27
171137,1,1,1986,20,20,20,20,20,20,20,20,20,20
171138,1,1,1986,0,0,0,0,0,0,0,0,0,0
171138,2,1,1986,0,0,0,0,0,0,0,0,0,0
171138,3,1,1986,0,0,0,0,0,0,0,0,21,0
171138,4,1,1986,19,0,0,0,0,0,0,0,0,0
171139,0,1,1986,0,0,0,0,0,0,0,0,0,0
171139,1,1,1986,0,0,0,0,0,15,0,0,0,0
171140,0,1,1986,10,10,10,10,10,10,10,10,10,10
171140,1,1,1986,6,13,8,22,7,10,5,19,10,20
171141,1,1,1986,17,11,0,14,28,5,8,14,0,0
171142,1,1,1986,0,0,0,0,0,8,0,0,4,0
171142,2,1,1986,0,0,20,0,0,0,0,0,0,0
171142,3,1,1986,0,0,0,0,0,0,0,0,0,0
171142,4,1,1986,0,0,0,0,0,0,0,0,0,0
171143,0,1,1986,0,19,6,7,0,0,9,14,13,15
171143,1,1,1986,0,0,0,0,0,0,0,0,0,0
171144,0,1,1986,4,4,4,4,4,4,4,4,4,4
171144,1,1,1986,0,0,0,0,11,0,3,0,14,0
171144,2,1,1986,26,0,2,24,0,0,6,13,6,0
171145,1,1,1986,0,0,0,0,0,0,0,0,0,0
171145,2,1,1986,2,2,2,2,2,2,2,2,2,2
171146,1,1,1986,0,0,34,0,0,18,0,0,0,0
171146,2,1,1986,0,0,0,0,0,0,0,0,0,0
171147,1,1,1986,0,0,0,0,0,0,0,0,0,0
171147,2,1,1986,0,0,0,0,0,0,0,0,0,0
171148,1,1,1986,14,14,14,14,14,14,14,14,14,14
171149,1,1,1986,2,2,2,2,2,2,2,2,2,2
171149,2,1,1986,0,0,0,0,6,0,13,0,0,0
171150,1,1,1986,0,0,0,0,0,0,0,0,0,0
171150,2,1,1986,19,19,19,19,19,19,19,19,19,19
171151,1,1,1986,7,7,7,7,7,7,7,7,7,7
171152,1,1,1986,0,0,0,0,0,0,0,0,0,0
171152,2,1,1986,0,0,0,0,0,0,0,0,0,0
171153,1,1,1986,29,29,29,29,29,29,29,29,29,29
171154,1,1,1986,6,6,6,6,6,6,6,6,6,6
171155,1,1,1986,13,13,13,13,13,13,13,13,13,13
171156,1,1,1986,0,0,0,0,0,0,0,0,0,0
171157,1,1,1986,13,13,13,13,13,13,13,13,13,13
171158,0,1,1986,7,7,7,7,7,7,7,7,7,7
171158,1,1,1986,0,0,0,0,0,0,0,0,0,0
171159,1,1,1986,15,15,15,15,15,15,15,15,15,15
171160,1,1,1986,0,0,0,0,0,0,0,0,0,0
171160,2,1,1986,0,0,0,0,6,0,0,0,0,0
171161,1,1,1986,0,0,0,0,0,0,0,0,0,0
171161,2,1,1986,0,0,0,0,0,0,0,0,0,0
171162,1,1,1986,0,0,0,0,0,0,0,0,0,0
171162,2,1,1986,0,0,0,0,0,0,0,0,0,0
171163,1,1,1986,0,0,0,0,0,0,0,0,0,0
171163,2,1,1986,10,10,10,10,10,10,10,10,10,10
171164,1,1,1986,0,0,0,0,0,0,0,0,0,0
171164,2,1,1986,0,0,0,0,0,0,0,0,0,0
171165,1,1,1986,0,0,0,0,0,0,0,0,0,0
171165,2,1,1986,0,0,0,0,0,0,0,0,0,0
171166,1,1,1986,23,23,23,23,23,23,23,23,23,23
171166,2,1,1986,0,0,0,0,0,0,0,0,0,0
171167,1,1,1986,0,0,0,0,0,0,0,0,0,0
171167,2,1,1986,0,0,0,0,0,0,0,0,15,0
171167,3,1,1986,0,0,0,0,0,0,0,0,0,0
171168,1,1,1986,0,0,0,0,0,0,0,0,0,0
171168,2,1,1986,0,0,0,0,0,0,0,0,15,13
171168,3,1,1986,0,0,7,0,0,0,0,0,0,0
171169,1,1,1986,2,2,2,2,2,2,2,2,2,2
171169,2,1,1986,0,0,0,0,0,0,0,0,0,0
171169,3,1,1986,0,0,0,0,0,0,0,0,0,0
171170,0,1,1986,21,19,21,13,21,10,22,23,24,35
171170,1,1,1986,25,18,20,17,0,0,0,0,0,0
171171,1,1,1986,0,0,0,0,0,0,0,0,0,0
171172,1,1,1986,3,3,3,3,3,3,3,3,3,3
171172,2,1,1986,0,0,0,0,0,0,0,0,0,0
171173,1,1,1986,0,0,0,0,0,0,0,0,0,0
171174,1,1,1986,0,0,0,0,0,0,0,0,0,0
171174,2,1,1986,0,0,0,0,0,0,0,0,0,0
171175,1,1,1986,0,9,17,0,22,0,0,0,0,0
171175,2,1,1986,18,18,18,18,18,18,18,18,18,18
171175,3,1,1986,0,0,0,0,0,0,7,0,0,0
171176,1,1,1986,12,16,17,4,15,13,7,24,23,11
171176,2,1,1986,19,0,0,0,17,0,6,0,0,0
171177,1,1,1986,0,0,0,0,0,0,0,0,0,0
171177,2,1,1986,21,21,21,21,21,21,21,21,21,21
171178,0,1,1986,0,0,0,0,0,0,0,0,0,0
171178,1,1,1986,0,0,0,0,0,0,0,0,0,0
171179,1,1,1986,0,0,0,0,0,0,0,0,0,0
171179,2,1,1986,0,6,0,0,0,0,0,0,0,0
171180,0,1,1986,0,0,0,0,0,0,0,0,0,0
171180,1,1,1986,0,0,0,0,0,0,0,0,0,0
171181,0,1,1986,0,0,0,0,0,0,0,0,0,0
171181,1,1,1986,0,0,11,0,0,0,0,0,0,0
171182,0,1,1986,0,0,0,0,0,0,0,0,0,0
171182,1,1,1986,0,16,0,8,0,0,0,0,15,0
171183,0,1,1986,0,0,0,0,0,0,0,0,0,0
171183,1,1,1986,8,15,27,0,0,0,6,0,11,5
171184,1,1,1986,33,33,33,33,33,33,33,33,33,33
171184,2,1,1986,0,0,0,0,0,0,0,0,0,4
171185,1,1,1986,0,0,0,0,0,0,0,0,0,0
171186,0,1,1986,0,0,0,0,0,0,0,0,0,0
171186,1,1,1986,0,0,0,0,0,0,0,0,0,0
171187,1,1,1986,16,16,16,16,16,16,16,16,16,16
171187,2,1,1986,0,0,12,0,0,0,0,0,0,0
171188,1,1,1986,0,0,0,0,0,0,0,0,0,0
171188,2,1,1986,0,0,0,0,0,0,0,0,0,0
171189,0,1,1986,0,25,8,12,15,0,18,13,18,9
171189,1,1,1986,8,8,8,8,8,8,8,8,8,8
171190,1,1,1986,0,0,0,0,0,0,0,0,0,0
171190,2,1,1986,0,0,0,0,0,0,0,0,0,0
171191,0,1,1986,0,0,0,0,0,0,0,0,0,0
171191,1,1,1986,0,0,0,0,0,0,0,8,0,0
171192,1,1,1986,0,0,0,0,0,0,0,0,0,0
171192,2,1,1986,7,14,7,7,21,13,12,9,18,14
171193,0,1,1986,0,0,0,0,0,0,0,0,0,0
171193,1,1,1986,0,0,0,0,0,0,0,0,0,0
171194,0,1,1986,20,20,20,20,20,20,20,20,20,20
171194,1,1,1986,0,0,0,0,26,0,0,0,0,3