ST_CASE,VEH_NO,PER_NO,YEAR,P1,P2,P3,P4,P5,P6,P7,P8,P9,P10
200354,0,1,1986,0,0,0,0,0,0,0,0,0,0
200354,1,1,1986,0,0,0,0,13,0,0,0,0,0
200355,1,1,1986,0,0,0,0,0,0,0,15,0,0
200356,1,1,1986,14,14,14,14,14,14,14,14,14,14
200357,0,1,1986,0,0,0,0,0,0,0,0,0,33
200357,1,1,1986,0,0,0,0,0,0,0,0,0,0
200358,1,1,1986,26,7,0,0,0,6,19,16,23,20
200359,1,1,1986,0,0,0,0,0,0,0,0,0,0
200359,2,1,1986,0,0,0,0,0,0,0,0,0,0
200360,1,1,1986,0,0,0,0,0,0,0,0,0,0
200361,1,1,1986,17,17,17,17,17,17,17,17,17,17
200362,1,1,1986,27,27,27,27,27,27,27,27,27,27
200363,1,1,1986,1,1,1,1,1,1,1,1,1,1
200364,1,1,1986,0,0,0,0,0,0,0,0,0,0
200364,2,1,1986,31,31,31,31,31,31,31,31,31,31
200365,1,1,1986,14,14,14,14,14,14,14,14,14,14
200365,2,1,1986,0,0,0,0,0,0,0,0,0,0
200366,1,1,1986,0,0,0,0,0,0,0,0,0,0
200367,1,1,1986,0,0,22,0,0,15,28,0,0,0
200367,2,1,1986,0,0,0,0,0,0,0,0,0,0
200368,1,1,1986,10,28,24,15,22,19,27,15,20,18
200369,1,1,1986,5,0,0,18,12,0,14,0,3,9
200370,1,1,1986,0,0,0,0,0,0,0,0,0,0
200370,2,1,1986,0,0,0,0,0,0,0,0,0,0
200371,0,1,1986,20,20,20,20,20,20,20,20,20,20
200371,1,1,1986,0,0,0,0,0,0,0,0,0,0
200372,0,1,1986,0,0,0,0,0,0,0,0,0,0
200372,1,1,1986,0,0,0,0,0,0,0,0,0,5
200372,2,1,1986,0,0,0,0,0,0,0,0,0,0
200373,1,1,1986,9,0,0,0,0,0,5,0,15,0
200374,1,1,1986,0,0,0,0,0,0,0,0,0,0
200374,2,1,1986,0,0,0,0,0,0,0,0,0,0
200375,1,1,1986,11,11,11,11,11,11,11,11,11,11
200376,1,1,1986,0,0,0,0,0,0,0,0,0,0
200377,1,1,1986,0,0,15,0,0,0,0,0,0,13
200378,1,1,1986,0,0,0,0,0,0,0,14,0,0
200379,1,1,1986,24,24,24,24,24,24,24,24,24,24
200380,1,1,1986,20,20,20,20,20,20,20,20,20,20
200381,1,1,1986,0,0,0,0,0,10,0,35,0,0
200382,1,1,1986,0,0,0,0,0,0,0,0,0,0
200382,2,1,1986,0,7,0,0,0,0,0,0,0,0
200383,1,1,1986,0,0,0,0,0,18,0,0,0,0
200383,2,1,1986,15,15,15,15,15,15,15,15,15,15
200384,1,1,1986,0,0,0,0,0,0,8,0,0,0
200385,1,1,1986,0,0,0,0,0,0,4,0,0,0
200385,2,1,1986,0,0,0,0,0,0,0,0,0,0
200386,1,1,1986,0,0,0,0,0,0,0,0,0,0
200386,2,1,1986,0,0,0,0,0,0,0,0,0,0
200387,1,1,1986,0,0,0,13,0,0,0,0,0,8
200387,2,1,1986,0,0,0,0,0,0,0,0,0,0
200388,0,1,1986,0,0,0,0,0,0,0,0,0,0
200388,1,1,1986,0,0,0,0,0,0,0,0,0,0
200389,1,1,1986,0,0,0,0,0,0,0,0,0,0
200389,2,1,1986,0,0,0,0,0,0,0,0,26,0
200390,1,1,1986,25,25,25,25,25,25,25,25,25,25
200391,1,1,1986,11,0,0,15,14,0,10,9,0,0
200392,1,1,1986,27,27,27,27,27,27,27,27,27,27
200393,1,1,1986,0,0,0,0,0,0,0,0,0,0
200393,2,1,1986,22,22,22,22,22,22,22,22,22,22
200394,1,1,1986,0,0,0,0,0,0,0,0,0,0
200394,2,1,1986,7,7,7,7,7,7,7,7,7,7
200395,1,1,1986,19,19,19,19,19,19,19,19,19,19
200395,2,1,1986,0,0,0,15,0,0,0,0,0,0
200396,1,1,1986,0,0,0,0,0,0,0,0,0,0
200396,2,1,1986,0,10,0,0,0,0,0,0,0,0
200397,1,1,1986,0,0,0,0,0,0,15,0,0,0
200398,1,1,1986,40,0,11,3,0,14,9,0,0,12
200398,2,1,1986,0,0,12,12,11,26,0,0,0,11
200398,3,1,1986,0,6,9,0,0,0,0,0,0,0
200400,1,1,1986,8,0,21,12,0,12,0,14,25,19
200400,2,1,1986,0,0,0,0,0,0,0,0,0,0
200401,0,1,1986,6,6,6,6,6,6,6,6,6,6
200401,1,1,1986,0,0,0,0,0,9,0,0,0,0
200402,1,1,1986,18,18,18,18,18,18,18,18,18,18
200403,1,1,1986,4,4,4,4,4,4,4,4,4,4
200404,1,1,1986,0,12,0,0,0,0,0,0,0,0
200405,1,1,1986,4,4,4,4,4,4,4,4,4,4
200405,2,1,1986,0,0,20,0,0,0,18,0,0,0
200406,1,1,1986,32,32,32,32,32,32,32,32,32,32
200407,1,1,1986,0,0,0,0,0,0,0,0,0,0
200407,2,1,1986,0,0,0,0,0,0,9,0,0,0
200408,1,1,1986,21,0,0,0,0,0,0,4,0,0
200409,1,1,1986,16,16,16,16,16,16,16,16,16,16
200410,1,1,1986,34,34,34,34,34,34,34,34,34,34
200410,2,1,1986,0,0,0,0,0,0,0,0,0,0
200411,1,2,1986,0,0,0,0,0,0,0,0,0,0
200412,1,1,1986,13,13,13,13,13,13,13,13,13,13
200413,1,1,1986,10,0,0,0,0,0,0,0,0,0
200413,2,1,1986,0,0,0,0,0,0,0,0,0,0
200413,3,1,1986,0,0,0,0,0,0,0,0,0,0
200413,4,1,1986,13,13,13,13,13,13,13,13,13,13
200414,1,1,1986,11,3,21,21,12,11,2,15,9,4
200415,1,1,1986,26,26,26,26,26,26,26,26,26,26
200415,2,1,1986,0,0,0,0,0,0,0,0,0,0
200416,1,1,1986,15,25,17,13,21,5,29,0,13,10
200417,1,1,1986,0,0,0,7,0,0,0,0,0,0
200417,2,1,1986,0,0,0,8,0,0,0,0,0,0
200417,3,1,1986,0,0,0,0,0,0,9,0,0,0
200418,1,1,1986,0,0,0,0,0,0,0,0,0,0
200418,2,1,1986,20,20,20,20,20,20,20,20,20,20
200419,0,1,1986,13,22,13,43,10,17,17,15,11,21
200419,2,1,1986,16,16,16,16,16,16,16,16,16,16
200420,1,1,1986,21,21,21,21,21,21,21,21,21,21
200421,1,1,1986,0,0,0,0,0,0,0,0,0,0
200421,2,1,1986,0,0,0,0,0,28,0,0,0,0
200422,1,1,1986,22,22,22,22,22,22,22,22,22,22
200423,1,1,1986,0,0,0,0,0,0,0,0,0,0
200423,2,1,1986,10,10,10,10,10,10,10,10,10,10
200424,1,1,1986,0,0,0,0,0,0,0,0,0,0
200424,2,1,1986,0,0,0,0,0,0,0,0,0,0
200425,1,1,1986,0,0,0,0,0,0,0,0,0,0
200425,2,1,1986,0,0,0,0,0,0,0,0,0,0
200425,3,1,1986,0,0,0,0,0,0,0,0,0,0
200426,1,1,1986,18,17,17,17,18,15,0,27,30,20
200426,2,1,1986,0,0,0,0,0,0,0,0,0,0
200426,3,1,1986,0,0,0,0,0,0,0,0,0,0
200427,1,1,1986,25,17,12,21,8,18,22,22,0,12
200428,1,1,1986,0,0,0,0,0,0,18,8,0,0
210001,1,1,1986,10,10,10,10,10,10,10,10,10,10
210002,1,1,1986,0,0,0,0,0,0,0,0,0,0
210002,2,1,1986,0,0,0,0,0,0,0,0,0,0
210003,1,1,1986,12,3,16,16,13,0,9,3,12,10
210004,1,1,1986,0,14,9,0,0,0,0,0,12,0
210005,1,1,1986,0,0,0,0,0,0,0,0,11,0
210005,2,1,1986,0,0,0,0,0,0,0,0,0,0
210006,1,1,1986,0,0,0,0,0,0,0,0,0,0
210006,2,1,1986,0,0,0,0,0,0,0,0,0,0
210007,1,1,1986,18,18,18,18,18,18,18,18,18,18
210007,2,1,1986,0,0,0,0,0,0,0,0,0,0
210007,3,1,1986,0,0,0,0,0,0,0,0,0,0
210008,1,1,1986,20,20,20,20,20,20,20,20,20,20
210009,1,1,1986,19,0,14,12,18,0,2,0,0,0
210010,1,1,1986,0,0,0,0,0,0,0,0,0,0
210011,1,1,1986,12,12,12,12,12,12,12,12,12,12
210012,1,1,1986,0,0,0,0,0,0,0,0,0,0
210013,0,1,1986,0,0,0,0,0,0,0,0,0,0
210013,1,1,1986,0,0,0,0,0,0,0,0,0,0
210014,1,1,1986,0,0,0,0,0,0,0,0,0,0
210015,1,1,1986,0,0,0,0,0,0,0,0,0,0
210015,2,1,1986,0,0,0,0,0,0,0,0,0,0
210016,1,1,1986,0,0,0,0,0,0,0,0,0,0
210016,2,1,1986,0,0,0,0,0,13,0,0,0,8
210017,0,1,1986,0,0,0,0,0,0,0,0,0,0
210017,1,1,1986,0,0,0,0,0,0,0,0,0,0
210018,1,1,1986,0,0,0,12,0,0,0,0,0,0
210019,0,1,1986,0,0,0,0,9,0,0,0,0,0
210019,1,1,1986,0,0,0,0,0,0,0,0,0,0
210020,1,1,1986,12,19,0,10,0,0,0,0,0,20
210020,2,1,1986,0,0,0,0,0,0,0,0,0,0
210021,1,1,1986,0,0,0,0,0,0,0,0,0,0
210022,1,1,1986,22,22,22,22,22,22,22,22,22,22
210023,0,1,1986,0,0,0,0,0,0,0,0,0,0
210023,1,1,1986,0,0,0,0,0,0,0,0,0,0
210024,1,1,1986,0,0,0,0,0,0,2,0,0,0
210025,1,1,1986,0,0,0,0,0,0,0,0,0,0
210026,1,1,1986,0,0,0,0,0,0,0,0,0,0
210027,1,1,1986,0,0,0,0,0,0,0,0,0,0
210028,1,1,1986,0,0,0,0,0,4,0,0,14,0
210029,1,1,1986,0,0,0,0,0,0,0,0,0,0
210029,2,1,1986,0,0,0,0,0,0,0,0,0,0
210029,3,1,1986,0,0,0,0,0,0,0,0,0,0
210029,4,1,1986,0,0,0,0,0,0,0,0,0,0
210030,1,1,1986,0,0,0,0,0,0,0,0,0,0
210031,1,1,1986,11,11,11,11,11,11,11,11,11,11
210032,1,1,1986,24,24,24,24,24,24,24,24,24,24
210033,1,1,1986,28,28,28,28,28,28,28,28,28,28
210034,1,1,1986,0,0,0,0,0,0,0,0,0,0
210034,2,1,1986,0,11,0,33,0,0,0,0,0,0
210035,1,1,1986,0,0,0,0,0,0,0,0,0,0
210035,2,1,1986,0,0,0,0,0,0,0,0,0,0
210036,1,1,1986,16,16,16,16,16,16,16,16,16,16
210037,1,1,1986,0,0,0,0,0,28,0,0,0,0
210038,1,1,1986,27,27,27,27,27,27,27,27,27,27
210039,0,1,1986,6,6,6,6,6,6,6,6,6,6
210039,1,1,1986,0,0,0,0,0,0,0,0,0,0
210040,1,1,1986,12,12,12,12,12,12,12,12,12,12
210041,1,1,1986,0,0,0,0,0,0,0,0,0,0
210041,2,1,1986,0,0,0,0,0,0,0,0,0,0
210043,1,1,1986,0,0,0,0,0,0,0,0,0,0
210043,2,1,1986,0,0,0,0,0,0,0,0,0,0
210044,1,1,1986,22,22,22,22,22,22,22,22,22,22
210044,2,1,1986,0,0,0,0,0,0,0,0,0,0
210045,1,1,1986,0,0,0,0,0,0,0,0,0,0
210045,2,1,1986,0,0,0,0,0,0,0,11,0,0
210046,0,1,1986,0,0,0,0,0,0,0,0,0,0
210046,1,1,1986,0,0,0,0,0,0,0,0,0,0
210046,2,1,1986,0,0,0,0,0,0,0,0,0,0
210047,0,1,1986,0,0,0,0,0,0,0,0,0,0
210047,1,1,1986,0,8,0,0,0,0,0,0,0,0
210048,0,1,1986,23,23,23,23,23,23,23,23,23,23
210048,1,1,1986,0,0,0,0,0,0,0,0,0,0
210049,0,1,1986,0,0,0,0,0,0,0,0,0,0
210049,0,2,1986,0,0,10,0,0,0,0,0,33,0
210049,1,1,1986,0,0,0,0,0,0,0,0,0,0
210050,1,1,1986,20,20,20,20,20,20,20,20,20,20
210051,1,1,1986,0,0,0,0,0,0,0,0,0,0
210051,2,1,1986,0,0,0,0,0,0,9,0,20,0
210051,3,1,1986,0,0,0,0,0,0,0,0,0,0
210052,1,1,1986,0,0,0,0,0,0,0,0,0,0
210052,2,1,1986,0,0,1,0,0,0,9,22,0,0
210053,1,1,1986,26,26,26,26,26,26,26,26,26,26
210054,1,1,1986,12,12,12,12,12,12,12,12,12,12
210054,2,1,1986,15,15,15,15,15,15,15,15,15,15
210055,1,1,1986,11,11,11,11,11,11,11,11,11,11
210055,2,1,1986,0,0,0,0,0,0,0,0,0,0
210056,1,1,1986,0,0,0,0,0,0,12,0,0,0
210056,2,1,1986,0,0,0,0,0,0,0,0,0,0
210057,0,1,1986,0,0,0,0,0,0,0,13,0,0
210057,1,1,1986,0,0,0,0,0,0,0,0,0,0
210058,1,1,1986,17,17,17,17,17,17,17,17,17,17
210059,1,1,1986,0,0,0,0,0,0,0,0,0,0
210061,1,1,1986,32,32,32,32,32,32,32,32,32,32
210062,1,1,1986,0,0,0,0,0,0,0,0,0,0
210062,2,1,1986,0,0,0,0,0,0,0,0,0,0
210063,1,1,1986,0,0,0,0,0,0,0,0,0,0
210063,2,1,1986,0,0,0,0,0,0,0,0,0,0
210064,1,1,1986,0,0,0,15,0,10,0,0,0,0
210064,2,1,1986,0,11,0,17,0,0,0,0,0,0
210065,1,1,1986,21,21,21,21,21,21,21,21,21,21
210065,2,1,1986,0,0,0,0,0,0,0,0,0,0
210066,1,1,1986,10,10,10,10,10,10,10,10,10,10
210066,2,1,1986,0,0,0,0,0,0,0,0,0,0
210067,1,1,1986,0,0,0,0,0,0,0,0,0,0
210068,1,1,1986,17,17,17,17,17,17,17,17,17,17
210069,1,1,1986,0,0,0,0,0,0,0,0,0,0
210070,1,1,1986,5,5,5,5,5,5,5,5,5,5
210071,1,1,1986,10,10,10,10,10,10,10,10,10,10
210072,1,1,1986,0,0,0,0,0,0,0,0,7,0
210073,1,1,1986,0,0,0,0,0,0,0,0,0,0
210073,2,1,1986,0,0,0,0,0,0,0,0,0,0
210074,0,1,1986,0,18,10,25,10,0,0,0,0,12
210074,1,1,1986,0,10,0,0,0,0,4,0,0,0
210075,1,1,1986,18,30,20,13,20,17,18,16,31,17
210076,1,1,1986,0,0,0,0,0,0,0,0,0,0
210077,1,1,1986,0,0,0,0,0,0,0,0,0,0
210078,1,1,1986,0,0,0,0,0,0,0,0,0,0
210078,2,1,1986,0,0,0,0,0,0,0,0,0,0
210079,1,1,1986,0,0,0,0,0,0,0,0,0,0
210080,1,1,1986,0,0,0,0,0,0,0,0,0,0
210080,2,1,1986,0,0,0,0,0,0,0,0,0,0
210081,1,1,1986,0,0,0,0,0,0,0,0,0,0
210081,2,1,1986,0,0,0,0,0,0,0,0,0,0
210082,0,1,1986,0,11,20,0,22,23,0,26,13,0
210082,0,2,1986,8,6,0,10,19,0,0,13,23,0
210082,0,3,1986,3,9,0,19,0,0,18,0,0,0
210082,1,1,1986,20,20,20,20,20,20,20,20,20,20
210082,3,1,1986,0,0,0,0,0,0,0,0,0,0
210083,1,1,1986,24,24,24,24,24,24,24,24,24,24
210084,0,1,1986,0,0,0,0,0,0,0,0,0,0
210084,1,1,1986,0,0,0,0,0,0,0,0,0,0
210085,0,1,1986,0,0,0,0,0,0,0,0,0,0
210085,1,1,1986,0,0,9,0,0,0,0,0,0,0
210086,1,1,1986,9,9,9,9,9,9,9,9,9,9
210087,1,1,1986,0,16,0,0,0,0,0,0,0,0
210088,1,1,1986,24,0,0,0,0,0,0,0,20,0
210089,1,1,1986,39,39,39,39,39,39,39,39,39,39
210090,1,1,1986,22,22,22,22,22,22,22,22,22,22
210091,1,1,1986,0,0,0,0,0,0,0,0,0,0
210091,2,1,1986,0,0,0,0,0,0,0,0,0,0
210092,1,1,1986,0,0,0,0,0,0,0,0,0,0
210092,2,1,1986,21,21,21,21,21,21,21,21,21,21
210093,0,1,1986,0,0,0,0,0,0,0,0,0,0
210093,1,1,1986,0,0,0,0,0,0,0,0,0,0
210094,1,1,1986,0,0,0,0,0,0,0,0,0,0
210094,2,1,1986,0,0,0,0,0,0,0,0,0,0
210095,1,1,1986,0,0,0,0,0,0,0,0,0,0
210096,1,1,1986,23,23,23,23,23,23,23,23,23,23
210097,1,1,1986,4,4,4,4,4,4,4,4,4,4
210098,1,1,1986,22,22,22,22,22,22,22,22,22,22
210099,1,1,1986,2,2,2,2,2,2,2,2,2,2
210100,1,1,1986,23,23,23,23,23,23,23,23,23,23
210101,1,1,1986,0,0,0,0,0,0,0,0,0,0
210101,2,1,1986,0,0,0,0,9,8,0,0,11,0
210102,1,1,1986,0,0,0,0,0,0,0,0,0,0
210102,2,1,1986,0,0,0,0,0,0,0,0,0,0
210102,3,1,1986,11,0,11,0,0,0,0,0,0,0
210103,1,1,1986,11,11,11,11,11,11,11,11,11,11
210103,2,1,1986,0,0,0,0,0,0,0,0,0,0
210104,1,1,1986,0,0,0,0,0,0,0,0,0,0
210104,2,1,1986,0,0,0,0,0,0,0,0,0,0
210105,1,1,1986,0,0,0,0,0,0,0,0,0,0
210105,2,1,1986,0,0,0,0,0,0,0,0,0,0
210106,1,1,1986,0,0,0,0,0,0,0,0,0,0
210107,1,1,1986,10,10,10,10,10,10,10,10,10,10
210108,1,1,1986,22,22,22,22,22,22,22,22,22,22
210109,1,1,1986,21,21,21,21,21,21,21,21,21,21
210109,2,1,1986,0,0,0,0,0,0,0,0,0,0
210110,1,1,1986,0,0,0,0,0,0,0,0,0,0
210110,2,1,1986,0,0,0,0,0,0,0,6,0,0
210111,0,1,1986,0,0,0,0,0,0,0,0,0,0
210111,1,1,1986,0,0,0,0,0,0,15,0,0,0
210112,0,1,1986,0,0,0,0,0,0,0,0,0,0
210112,1,1,1986,0,0,0,0,0,0,0,0,0,0
210113,1,1,1986,12,12,12,12,12,12,12,12,12,12
210114,1,1,1986,23,23,23,23,23,23,23,23,23,23
210115,1,1,1986,10,10,10,10,10,10,10,10,10,10
210116,1,1,1986,0,0,0,0,0,0,0,0,0,0
210116,2,1,1986,0,0,0,0,0,0,0,0,0,0
210117,1,1,1986,14,14,14,14,14,14,14,14,14,14
210117,2,1,1986,0,0,0,0,0,0,0,0,0,0
210118,1,1,1986,10,0,0,0,0,0,0,0,0,0
210119,1,1,1986,11,12,14,19,19,0,0,0,20,0
210120,1,1,1986,0,0,0,0,0,0,0,0,0,0
210121,1,1,1986,0,0,0,0,0,0,0,0,0,0
210121,2,1,1986,0,11,0,0,0,0,0,0,0,0
210122,1,1,1986,15,15,15,15,15,15,15,15,15,15
210123,1,1,1986,25,0,6,17,0,9,12,5,0,25
210124,1,1,1986,0,0,0,0,0,0,0,0,0,0
210125,1,1,1986,11,11,11,11,11,11,11,11,11,11
210125,2,1,1986,0,0,0,0,16,0,0,0,20,0
210126,1,1,1986,13,13,13,13,13,13,13,13,13,13
210127,1,1,1986,0,0,0,0,0,0,0,0,0,7
210129,1,1,1986,7,7,7,7,7,7,7,7,7,7
210130,1,1,1986,14,14,14,14,14,14,14,14,14,14
210131,1,1,1986,21,21,21,21,21,21,21,21,21,21
210132,1,1,1986,6,6,6,6,6,6,6,6,6,6
210132,2,1,1986,10,10,10,10,10,10,10,10,10,10
210133,1,1,1986,0,0,0,0,0,0,0,0,0,0
210134,1,1,1986,26,26,26,26,26,26,26,26,26,26
210135,1,1,1986,0,0,0,0,0,0,0,6,0,0
210136,1,1,1986,0,0,0,0,0,0,0,0,0,0
210137,1,1,1986,9,9,9,9,9,9,9,9,9,9
210138,1,1,1986,5,5,5,5,5,5,5,5,5,5
210139,1,1,1986,0,0,0,0,0,0,0,0,0,0
210139,2,1,1986,0,0,0,0,0,0,0,0,0,0
210140,1,1,1986,14,14,14,14,14,14,14,14,14,14
210141,0,1,1986,11,0,0,24,0,19,12,0,23,0
210141,1,1,1986,0,0,0,9,0,0,0,0,0,0
210142,0,1,1986,0,0,0,0,0,0,0,0,0,0
210142,1,1,1986,0,0,0,0,0,0,0,0,0,0
210143,1,1,1986,19,19,19,19,19,19,19,19,19,19
210144,1,1,1986,19,19,19,19,19,19,19,19,19,19
210145,1,1,1986,18,3,25,16,11,23,9,14,30,14
210146,1,1,1986,0,0,0,0,0,0,0,0,0,0
210146,2,1,1986,0,0,0,0,0,0,0,0,11,0
210147,1,1,1986,19,19,19,19,19,19,19,19,19,19
210148,1,1,1986,35,35,35,35,35,35,35,35,35,35
210149,0,1,1986,0,0,0,0,0,0,0,0,0,0
210149,1,1,1986,0,0,0,0,0,0,0,0,0,0
210150,1,1,1986,0,0,0,0,0,0,0,0,0,0
210150,2,1,1986,0,0,0,0,0,0,0,0,0,0
210150,3,1,1986,0,0,0,0,0,0,0,0,0,0
210151,1,1,1986,20,20,20,20,20,20,20,20,20,20
210152,1,1,1986,17,17,17,17,17,17,17,17,17,17
210152,2,1,1986,0,0,0,0,0,0,0,0,0,0
210153,1,1,1986,0,0,0,8,0,0,0,11,0,0
210153,2,1,1986,0,0,0,0,0,0,0,0,0,0
210154,1,1,1986,0,0,0,0,0,0,0,0,0,0
210154,2,1,1986,0,0,0,0,0,0,0,0,0,0
210155,1,1,1986,0,0,4,0,0,0,0,0,0,0
210155,2,1,1986,0,0,0,0,18,0,0,0,0,0
210156,1,1,1986,0,0,0,0,0,0,0,0,0,0
210156,2,1,1986,0,0,0,0,0,0,0,0,0,0
210157,1,1,1986,30,30,30,30,30,30,30,30,30,30
210158,1,1,1986,0,0,0,0,0,0,0,0,0,0
210159,1,1,1986,14,14,14,14,14,14,14,14,14,14
210160,1,1,1986,19,19,19,19,19,19,19,19,19,19
210161,0,1,1986,0,0,0,0,0,0,0,0,0,0
210161,1,1,1986,0,0,0,0,0,0,16,0,0,0
210162,1,1,1986,19,19,19,19,19,19,19,19,19,19
210163,1,1,1986,12,12,12,12,12,12,12,12,12,12
210164,0,1,1986,21,21,21,21,21,21,21,21,21,21
210164,1,1,1986,10,0,0,0,0,0,0,0,0,0
210165,1,1,1986,0,0,0,0,0,0,0,0,0,0
210165,2,1,1986,0,0,0,0,0,0,0,0,0,0
210166,0,1,1986,0,0,0,0,0,0,0,0,0,0
210166,1,1,1986,0,0,0,0,0,0,0,5,0,0
210167,1,1,1986,14,14,14,14,14,14,14,14,14,14
210168,1,1,1986,0,0,0,0,0,0,0,0,0,0
210169,1,1,1986,0,0,12,0,0,0,0,0,0,0
210169,2,1,1986,0,10,0,0,0,0,0,0,0,0
210170,0,1,1986,0,0,0,0,0,0,0,0,0,0
210170,1,1,1986,2,0,0,0,0,0,0,0,0,0
210172,1,1,1986,0,0,0,0,0,0,0,0,0,0
210172,2,1,1986,0,0,0,0,0,0,0,0,0,0
210174,1,1,1986,12,6,14,0,25,20,0,12,16,25
210174,2,1,1986,0,0,0,0,0,0,0,0,0,0
210174,3,1,1986,5,0,10,0,0,0,0,0,0,0
210174,4,1,1986,0,0,0,0,0,0,0,0,0,0
210175,1,1,1986,8,8,8,8,8,8,8,8,8,8
210176,1,1,1986,15,7,0,11,0,0,0,0,0,21
210177,1,1,1986,23,23,23,23,23,23,23,23,23,23
210178,1,1,1986,0,15,19,11,20,10,15,21,14,14
210179,1,1,1986,7,7,7,7,7,7,7,7,7,7
210179,2,1,1986,0,0,0,0,0,0,0,0,0,0
210180,1,1,1986,0,17,0,4,0,23,0,12,5,0
210181,1,1,1986,0,0,0,0,19,0,0,0,0,10
210182,1,1,1986,0,0,0,0,0,0,0,0,0,0
210183,1,1,1986,0,0,0,0,0,0,0,0,0,0
210183,2,1,1986,0,0,0,0,0,0,0,0,0,0
210184,1,1,1986,19,19,19,19,19,19,19,19,19,19
210185,1,1,1986,8,8,8,8,8,8,8,8,8,8
210186,0,1,1986,32,32,32,32,32,32,32,32,32,32
210186,1,1,1986,0,0,0,0,0,0,0,0,0,0
210187,1,1,1986,0,0,0,0,0,0,0,0,0,0
210188,1,1,1986,0,0,0,0,0,0,0,0,0,0
210189,1,1,1986,14,14,14,14,14,14,14,14,14,14
210189,2,1,1986,0,0,0,0,0,0,3,0,0,0
210190,1,1,1986,0,0,0,0,0,0,0,0,0,0
210191,1,1,1986,0,0,0,0,0,0,0,0,0,0
210191,2,1,1986,0,0,0,0,0,0,0,0,0,0
210192,1,1,1986,0,0,0,0,0,0,0,0,0,0
210192,2,1,1986,0,0,0,0,0,0,0,0,0,0
210193,1,1,1986,0,28,0,0,3,0,0,0,0,17
210194,1,1,1986,0,0,0,0,0,0,0,0,0,0
210194,2,1,1986,0,0,0,0,0,0,0,0,0,0
210195,1,1,1986,3,3,3,3,3,3,3,3,3,3
210195,2,1,1986,0,0,0,0,0,0,0,0,0,0
210196,1,1,1986,17,17,17,17,17,17,17,17,17,17
210197,1,1,1986,0,0,0,0,0,0,0,0,0,0
210197,2,1,1986,0,0,0,0,0,0,0,0,0,0
210198,1,1,1986,19,19,19,19,19,19,19,19,19,19
210199,1,1,1986,0,0,0,0,0,0,0,0,0,0
210200,0,1,1986,0,0,0,0,0,0,0,0,0,0
210200,1,1,1986,0,0,0,0,0,0,0,0,12,0
210201,1,1,1986,28,28,28,28,28,28,28,28,28,28
210202,1,1,1986,0,0,0,0,0,0,0,0,0,0
210202,2,1,1986,0,0,0,0,0,0,0,0,0,0
210203,1,1,1986,0,0,0,0,0,0,0,0,0,0
210204,1,1,1986,12,12,12,12,12,12,12,12,12,12
210204,2,1,1986,2,2,2,2,2,2,2,2,2,2
210204,3,1,1986,0,0,0,0,0,5,0,0,0,11
210205,1,1,1986,0,0,0,0,0,0,0,0,0,0
210205,2,1,1986,5,5,5,5,5,5,5,5,5,5
210206,0,1,1986,0,0,0,0,0,0,0,0,0,0
210206,1,1,1986,0,0,0,0,0,0,0,0,0,0
210207,1,1,1986,0,0,0,0,0,0,17,0,0,0
210207,2,1,1986,10,10,10,10,10,10,10,10,10,10
210209,1,1,1986,0,0,0,0,0,0,0,0,0,0
210209,2,1,1986,0,0,0,0,0,0,0,0,0,0
210210,1,1,1986,15,6,23,32,22,8,19,8,15,20
210211,1,1,1986,0,0,0,0,0,0,0,0,0,0
210211,2,1,1986,19,0,0,0,0,30,9,0,0,0
210212,1,1,1986,7,7,7,7,7,7,7,7,7,7
210213,1,1,1986,0,0,0,0,0,0,0,0,0,0
210213,2,1,1986,0,0,0,0,5,0,0,0,0,0
210214,1,1,1986,1,1,1,1,1,1,1,1,1,1
210215,1,1,1986,21,21,21,21,21,21,21,21,21,21
210215,2,1,1986,0,0,0,0,0,0,0,0,0,0
210216,1,1,1986,2,2,2,2,2,2,2,2,2,2
210217,1,1,1986,28,28,28,28,28,28,28,28,28,28
210218,1,1,1986,0,0,0,0,0,0,0,0,0,0
210219,1,1,1986,15,15,15,15,15,15,15,15,15,15
210219,2,1,1986,0,0,0,0,0,0,0,0,0,0
210220,0,1,1986,0,7,0,0,0,0,0,31,20,0
210220,1,1,1986,0,0,0,10,0,0,0,0,0,0
210221,1,1,1986,0,0,0,0,0,0,0,0,13,0
210221,2,1,1986,0,0,0,0,0,0,0,0,0,0
210222,1,1,1986,0,0,0,0,22,0,0,0,0,4
210223,1,1,1986,18,18,18,18,18,18,18,18,18,18
210224,0,1,1986,23,23,23,23,23,23,23,23,23,23
210224,1,1,1986,3,3,3,3,3,3,3,3,3,3
210225,0,1,1986,0,0,0,0,0,0,0,0,0,0
210225,1,1,1986,0,0,0,0,0,0,0,0,0,0
210226,1,1,1986,0,0,0,0,0,0,0,0,0,0
210226,2,1,1986,0,0,0,0,0,0,0,0,0,0
210227,1,1,1986,25,25,25,25,25,25,25,25,25,25
210228,1,1,1986,16,16,16,16,16,16,16,16,16,16
210228,2,1,1986,1,1,1,1,1,1,1,1,1,1
210229,1,1,1986,24,24,24,24,24,24,24,24,24,24