ST_CASE,VEH_NO,PER_NO,YEAR,P1,P2,P3,P4,P5,P6,P7,P8,P9,P10
210230,1,1,1986,0,0,0,0,0,0,0,0,0,0
210230,2,1,1986,0,0,0,0,0,0,0,0,0,0
210231,1,1,1986,0,0,0,0,0,0,0,0,0,0
210231,2,1,1986,0,0,0,0,0,0,0,0,0,0
210232,1,1,1986,17,17,17,17,17,17,17,17,17,17
210233,1,1,1986,0,0,0,0,0,0,0,0,0,0
210233,2,1,1986,0,0,0,0,0,0,0,0,0,0
210234,1,1,1986,22,20,0,7,12,15,13,4,17,23
210235,1,1,1986,0,0,0,0,0,0,0,0,0,0
210235,2,1,1986,0,0,0,0,0,0,0,0,0,0
210236,1,1,1986,0,0,0,0,0,12,0,0,0,0
210237,1,1,1986,16,0,0,0,0,0,0,12,0,0
210238,1,1,1986,16,16,16,16,16,16,16,16,16,16
210239,1,1,1986,0,9,8,9,20,0,0,21,16,0
210241,1,1,1986,0,0,0,0,0,0,0,0,0,0
210241,2,1,1986,0,0,0,0,0,0,0,0,0,0
210242,1,1,1986,0,0,0,0,0,0,0,0,0,0
210242,2,1,1986,0,0,0,0,0,0,0,0,0,0
210243,0,1,1986,24,24,24,24,24,24,24,24,24,24
210243,1,1,1986,10,10,10,10,10,10,10,10,10,10
210244,0,1,1986,10,10,10,10,10,10,10,10,10,10
210244,1,1,1986,0,0,0,0,0,0,0,0,0,0
210245,1,1,1986,0,0,0,0,0,0,0,0,0,0
210246,1,1,1986,0,0,0,0,0,0,0,0,0,0
210246,2,1,1986,0,0,0,0,0,0,0,0,0,0
210247,1,1,1986,12,0,0,0,0,0,0,8,0,0
210247,2,1,1986,0,0,0,0,0,0,0,0,0,0
210248,1,1,1986,0,0,0,0,0,0,0,0,0,0
210248,2,1,1986,0,0,0,0,0,0,0,0,0,0
210249,1,1,1986,10,10,10,10,10,10,10,10,10,10
210249,2,1,1986,0,0,0,0,0,0,0,0,0,0
210250,1,1,1986,0,0,0,0,0,0,0,0,0,0
210250,2,1,1986,13,13,13,13,13,13,13,13,13,13
210251,1,1,1986,0,0,0,0,0,0,0,0,0,0
210252,1,1,1986,18,18,18,18,18,18,18,18,18,18
210253,1,1,1986,22,22,22,22,22,22,22,22,22,22
210254,1,1,1986,26,26,26,26,26,26,26,26,26,26
210256,1,1,1986,10,10,10,10,10,10,10,10,10,10
210257,1,1,1986,0,0,0,0,0,0,0,0,0,0
210257,2,1,1986,0,0,0,0,0,0,0,0,0,0
210258,1,1,1986,15,0,17,21,0,0,0,15,0,0
210259,1,1,1986,0,0,0,0,0,0,0,0,0,0
210259,2,1,1986,5,5,5,5,5,5,5,5,5,5
210260,1,1,1986,19,19,19,19,19,19,19,19,19,19
210261,1,1,1986,5,5,5,5,5,5,5,5,5,5
210261,2,1,1986,0,0,0,0,0,0,5,0,0,0
210262,1,1,1986,0,0,0,0,0,0,0,0,0,0
210263,1,1,1986,0,0,0,0,0,0,0,0,0,0
210263,2,1,1986,0,0,0,0,0,0,0,0,0,0
210264,1,1,1986,0,0,0,0,0,0,0,0,0,0
210265,1,1,1986,0,0,0,0,0,0,0,0,0,0
210265,2,1,1986,0,0,0,0,0,0,0,0,0,0
210265,3,1,1986,0,0,0,0,0,0,0,9,0,0
210266,1,1,1986,11,7,0,18,9,14,25,27,0,0
210267,1,1,1986,0,0,0,0,9,0,0,0,0,18
210268,1,1,1986,0,0,0,0,0,0,0,0,0,0
210268,2,1,1986,0,0,0,0,0,0,0,0,0,0
210269,1,1,1986,0,0,0,0,0,0,0,0,0,0
210269,2,1,1986,0,0,0,0,0,0,0,0,0,0
210271,1,1,1986,0,0,0,0,0,0,0,0,0,0
210272,1,1,1986,7,7,7,7,7,7,7,7,7,7
210273,1,1,1986,24,24,24,24,24,24,24,24,24,24
210273,2,1,1986,2,2,2,2,2,2,2,2,2,2
210274,1,1,1986,0,0,0,13,0,0,0,0,0,0
210275,1,1,1986,5,9,17,10,12,6,9,16,17,15
210276,1,1,1986,17,17,17,17,17,17,17,17,17,17
210277,1,1,1986,18,18,18,18,18,18,18,18,18,18
210278,1,1,1986,0,0,0,0,0,0,0,0,0,0
210280,1,1,1986,0,0,0,0,0,0,0,0,0,0
210281,1,1,1986,9,9,9,9,9,9,9,9,9,9
210282,1,1,1986,0,0,0,0,0,0,0,0,0,0
210282,2,1,1986,0,0,0,0,0,0,0,0,0,0
210283,1,1,1986,0,0,0,0,0,0,0,0,0,0
210284,1,1,1986,9,9,9,9,9,9,9,9,9,9
210285,1,1,1986,0,17,12,29,21,17,0,10,0,0
210286,0,1,1986,28,28,28,28,28,28,28,28,28,28
210286,1,1,1986,0,0,0,0,23,0,0,0,0,0
210287,1,1,1986,0,0,0,0,0,0,0,0,0,0
210288,1,1,1986,0,0,0,0,0,0,0,0,0,0
210288,2,1,1986,0,0,0,0,0,0,0,0,0,0
210290,1,1,1986,21,21,21,21,21,21,21,21,21,21
210291,0,1,1986,0,0,0,0,0,0,0,0,0,0
210291,1,1,1986,0,0,0,0,0,0,0,0,0,9
210292,1,1,1986,17,17,17,17,17,17,17,17,17,17
210292,2,1,1986,0,0,0,0,0,0,0,0,0,0
210293,1,1,1986,0,0,0,0,0,0,0,0,0,0
210295,0,1,1986,19,19,19,19,19,19,19,19,19,19
210295,1,1,1986,0,0,0,0,10,0,0,0,0,0
210295,2,1,1986,0,0,0,0,0,0,17,0,0,0
210296,1,1,1986,0,0,0,0,0,0,0,0,0,0
210296,2,1,1986,13,13,13,13,13,13,13,13,13,13
210297,1,1,1986,29,29,29,29,29,29,29,29,29,29
210298,1,1,1986,25,25,25,25,25,25,25,25,25,25
210299,1,1,1986,22,22,22,22,22,22,22,22,22,22
210300,1,1,1986,16,16,16,16,16,16,16,16,16,16
210301,1,1,1986,2,2,2,2,2,2,2,2,2,2
210302,1,1,1986,21,21,21,21,21,21,21,21,21,21
210303,1,1,1986,18,18,18,18,18,18,18,18,18,18
210304,1,1,1986,0,0,0,0,0,0,0,0,0,0
210305,1,1,1986,0,0,0,0,0,0,0,25,0,0
210305,2,1,1986,0,0,0,0,0,0,0,0,0,0
210306,1,1,1986,0,0,0,0,0,0,0,0,0,0
210306,2,1,1986,0,0,0,0,0,0,0,0,0,0
210307,1,1,1986,0,0,0,0,0,0,0,0,0,0
210307,2,1,1986,0,0,0,0,0,0,0,0,0,0
210308,1,1,1986,31,20,2,15,22,12,0,14,7,27
210309,1,1,1986,0,0,0,0,0,0,0,0,0,0
210310,1,1,1986,0,0,0,0,0,0,0,0,0,0
210310,2,1,1986,0,0,0,0,0,0,0,0,0,0
210310,3,1,1986,0,0,0,0,0,0,0,0,0,0
210311,1,1,1986,0,0,10,8,17,0,0,0,0,5
210312,0,1,1986,0,0,0,0,0,0,0,0,0,0
210312,1,1,1986,0,0,0,0,0,0,0,0,0,0
210313,1,1,1986,20,20,20,20,20,20,20,20,20,20
210315,1,1,1986,0,0,0,0,0,0,0,0,12,0
210316,1,1,1986,0,0,0,0,0,0,0,0,0,0
210317,1,1,1986,0,0,0,0,0,0,0,0,0,0
210318,1,1,1986,0,0,0,0,0,0,0,0,0,0
210318,2,1,1986,0,0,0,0,0,0,0,0,0,0
210319,1,1,1986,0,0,0,0,0,0,0,0,0,0
210319,2,1,1986,0,12,0,0,0,0,0,0,0,0
210320,1,1,1986,6,6,6,6,6,6,6,6,6,6
210320,2,1,1986,23,2,0,0,5,0,0,0,0,0
210320,3,1,1986,27,25,16,22,0,20,0,41,29,17
210321,1,1,1986,0,0,0,0,0,0,0,0,0,0
210321,2,1,1986,0,0,0,0,0,0,0,0,0,0
210321,3,1,1986,0,0,0,0,0,0,0,0,0,0
210322,1,1,1986,9,9,9,9,9,9,9,9,9,9
210323,1,1,1986,18,18,18,18,18,18,18,18,18,18
210324,1,1,1986,0,0,0,0,0,0,0,0,0,0
210325,1,1,1986,0,0,0,0,0,0,0,0,0,0
210327,1,1,1986,0,0,0,0,18,0,0,0,4,0
210328,1,1,1986,0,0,0,0,0,0,15,0,0,0
210328,2,1,1986,0,0,0,0,0,0,0,0,0,0
210329,1,1,1986,0,0,0,0,0,0,0,18,0,0
210330,1,1,1986,16,6,13,0,17,6,13,17,15,15
210330,2,1,1986,0,0,0,7,0,0,0,0,0,11
210331,1,1,1986,0,0,0,0,0,0,0,0,0,0
210332,1,1,1986,0,0,0,0,0,0,0,0,0,0
210332,2,1,1986,0,0,0,0,0,0,0,0,0,0
210332,3,1,1986,0,0,0,5,0,0,0,0,0,0
210332,4,1,1986,0,0,0,0,0,8,0,0,0,0
210332,5,1,1986,0,0,0,0,0,0,0,0,0,0
210332,6,1,1986,0,0,0,0,0,0,0,0,0,0
210332,7,1,1986,0,0,0,0,0,0,0,0,0,0
210332,8,1,1986,0,0,0,0,0,0,0,0,0,0
210332,9,1,1986,0,17,0,0,0,0,0,0,0,0
210333,1,1,1986,16,16,16,16,16,16,16,16,16,16
210334,0,1,1986,0,0,0,0,0,0,0,0,0,0
210334,0,2,1986,0,0,0,0,0,0,0,0,0,0
210334,1,1,1986,0,0,0,0,0,0,0,0,0,0
210334,2,1,1986,0,0,0,0,0,0,0,7,0,0
210335,1,1,1986,21,21,21,21,21,21,21,21,21,21
210336,1,1,1986,0,0,0,0,0,0,0,0,0,0
210337,1,1,1986,25,25,25,25,25,25,25,25,25,25
210338,1,1,1986,0,0,0,0,0,0,0,0,0,0
210338,2,1,1986,0,0,0,0,0,0,0,0,0,0
210339,0,1,1986,0,0,0,0,0,0,0,0,0,0
210339,1,1,1986,11,11,11,11,11,11,11,11,11,11
210340,1,1,1986,20,20,20,20,20,20,20,20,20,20
210341,1,1,1986,2,2,2,2,2,2,2,2,2,2
210342,1,1,1986,0,0,0,0,0,0,0,0,0,0
210342,2,1,1986,0,0,0,0,0,0,0,0,0,0
210343,1,1,1986,0,0,0,0,0,0,0,0,0,0
210344,1,1,1986,0,0,0,0,0,0,0,0,0,0
210344,2,1,1986,0,0,0,0,0,0,0,0,0,0
210345,1,1,1986,31,20,10,13,0,0,0,0,0,0
210346,1,1,1986,0,0,0,0,0,0,0,0,0,0
210347,1,1,1986,0,0,0,19,0,0,10,16,0,0
210348,1,1,1986,0,0,0,0,0,0,0,0,0,0
210349,1,1,1986,0,0,0,0,16,0,0,0,0,0
210350,1,1,1986,0,0,0,0,0,0,0,0,0,0
210352,1,1,1986,10,10,10,10,10,10,10,10,10,10
210352,2,1,1986,0,0,0,0,0,0,0,30,0,18
210353,1,1,1986,27,27,27,27,27,27,27,27,27,27
210353,2,1,1986,0,0,13,0,0,0,0,0,0,6
210354,1,1,1986,23,23,23,23,23,23,23,23,23,23
210355,1,1,1986,0,0,0,0,0,0,0,0,0,0
210355,2,1,1986,0,0,0,0,0,0,0,0,0,0
210356,1,1,1986,0,0,0,0,0,0,0,0,0,0
210356,2,1,1986,0,0,0,0,0,0,0,0,0,0
210357,1,1,1986,23,23,23,23,23,23,23,23,23,23
210358,1,1,1986,0,0,0,0,0,0,0,0,0,0
210358,2,1,1986,0,0,0,0,0,0,0,0,0,0
210359,1,1,1986,0,0,0,0,0,0,0,0,0,0
210360,1,1,1986,28,28,28,28,28,28,28,28,28,28
210361,1,1,1986,56,56,56,56,56,56,56,56,56,56
210362,1,1,1986,0,0,0,0,0,0,0,0,0,0
210363,1,1,1986,0,0,0,0,0,0,0,0,0,0
210363,2,1,1986,0,0,0,0,0,0,0,0,0,0
210364,1,1,1986,32,32,32,32,32,32,32,32,32,32
210364,2,1,1986,0,0,0,0,0,0,0,0,0,0
210364,3,1,1986,0,0,0,0,0,0,0,0,0,0
210365,1,1,1986,0,0,0,0,0,0,0,0,0,0
210365,2,1,1986,0,0,0,0,0,0,0,0,0,0
210366,1,1,1986,20,20,20,20,20,20,20,20,20,20
210367,0,1,1986,18,0,0,16,32,0,0,0,4,0
210367,0,2,1986,0,0,0,0,0,0,0,0,0,0
210367,0,3,1986,11,11,11,11,11,11,11,11,11,11
210367,1,1,1986,0,0,0,0,0,0,0,0,0,0
210368,1,1,1986,0,0,0,0,0,0,0,0,0,0
210368,2,1,1986,0,0,0,0,0,0,0,0,0,0
210369,1,1,1986,21,21,21,21,21,21,21,21,21,21
210369,2,1,1986,0,0,0,0,0,0,0,0,0,0
210370,1,1,1986,0,8,0,15,18,31,0,0,0,0
210371,0,1,1986,20,20,20,20,20,20,20,20,20,20
210371,1,1,1986,0,0,0,0,0,0,0,0,0,0
210372,0,1,1986,20,20,20,20,20,20,20,20,20,20
210372,1,1,1986,11,0,0,0,0,0,0,0,0,0
210373,1,1,1986,19,19,19,19,19,19,19,19,19,19
210374,1,1,1986,4,4,4,4,4,4,4,4,4,4
210374,2,1,1986,0,0,0,0,0,0,0,0,0,0
210375,1,1,1986,0,0,0,12,0,0,0,0,6,0
210376,1,1,1986,25,0,17,10,15,17,19,14,0,14
210377,1,1,1986,0,0,0,0,0,0,0,19,0,0
210377,2,1,1986,0,0,0,0,12,0,0,0,0,0
210378,1,1,1986,11,11,11,11,11,11,11,11,11,11
210379,1,1,1986,0,0,0,0,0,0,0,0,0,0
210380,1,1,1986,0,0,0,0,0,0,0,0,0,0
210380,2,1,1986,0,0,0,0,0,0,0,0,0,0
210380,3,1,1986,0,0,0,0,0,0,6,0,0,0
210381,1,1,1986,0,0,0,0,0,0,0,0,0,0
210382,0,1,1986,0,0,0,0,0,0,0,0,0,0
210382,1,1,1986,0,0,0,0,0,0,0,0,0,0
210383,1,1,1986,14,14,14,14,14,14,14,14,14,14
210384,1,1,1986,0,0,0,0,0,0,0,0,0,0
210384,2,1,1986,0,0,0,0,0,0,0,0,0,0
210385,1,1,1986,15,15,15,15,15,15,15,15,15,15
210386,1,1,1986,22,22,22,22,22,22,22,22,22,22
210387,1,1,1986,0,0,0,0,0,0,0,0,0,0
210387,2,1,1986,0,0,0,0,0,12,0,0,0,0
210387,3,1,1986,0,0,0,0,6,0,0,0,0,0
210388,1,1,1986,0,0,0,0,0,0,0,0,0,0
210389,1,1,1986,21,21,21,21,21,21,21,21,21,21
210390,0,1,1986,0,0,0,0,0,0,0,0,0,0
210390,1,1,1986,0,0,0,0,0,0,0,0,0,0
210391,1,1,1986,0,0,0,8,7,18,12,0,11,0
210392,1,1,1986,0,0,0,0,0,0,0,0,0,0
210393,1,1,1986,0,0,0,7,0,0,0,0,0,0
210394,1,1,1986,0,0,0,0,0,0,0,0,0,0
210395,1,1,1986,0,0,0,0,0,0,0,0,0,0
210396,1,1,1986,0,0,0,0,0,0,0,0,0,0
210397,1,1,1986,10,10,10,10,10,10,10,10,10,10
210398,0,1,1986,4,4,4,4,4,4,4,4,4,4
210398,1,1,1986,0,0,0,0,0,0,0,0,0,0
210399,1,1,1986,0,0,0,10,0,0,0,0,0,0
210400,1,1,1986,15,15,15,15,15,15,15,15,15,15
210401,0,1,1986,0,0,0,0,0,0,0,0,0,0
210401,1,1,1986,0,0,0,0,0,0,0,0,0,0
210403,0,1,1986,0,25,18,29,32,33,44,0,24,20
210403,0,2,1986,16,0,0,27,26,0,13,0,0,29
210403,1,1,1986,0,0,0,0,0,0,0,11,0,0
210404,1,1,1986,0,0,0,0,0,0,0,0,0,0
210405,1,1,1986,0,0,0,0,0,0,0,0,0,6
210406,1,1,1986,19,19,19,19,19,19,19,19,19,19
210406,2,1,1986,0,0,0,0,0,0,0,0,0,0
210407,1,1,1986,22,22,22,22,22,22,22,22,22,22
210407,2,1,1986,0,0,0,10,0,0,0,10,0,0
210408,1,1,1986,13,13,13,13,13,13,13,13,13,13
210409,1,1,1986,8,8,8,8,8,8,8,8,8,8
210410,1,1,1986,0,14,0,6,0,0,0,0,0,0
210410,2,1,1986,0,0,0,0,0,0,0,0,0,0
210411,1,1,1986,20,20,20,20,20,20,20,20,20,20
210411,2,1,1986,12,0,0,18,0,0,0,21,0,0
210411,3,1,1986,24,5,24,0,13,15,26,11,25,0
210412,1,1,1986,15,15,15,15,15,15,15,15,15,15
210413,1,1,1986,0,0,0,0,0,0,0,0,0,0
210414,1,1,1986,0,0,0,0,0,0,0,0,0,0
210414,2,1,1986,0,0,0,0,0,0,0,0,0,0
210415,1,1,1986,0,0,0,0,0,0,0,0,0,0
210415,2,1,1986,0,0,0,0,0,0,0,0,9,0
210416,1,1,1986,0,0,0,0,0,0,0,0,0,0
210417,0,1,1986,0,0,0,0,0,0,0,0,0,0
210417,1,1,1986,0,0,0,0,0,0,0,15,0,0
210418,1,1,1986,0,0,0,0,0,0,0,0,0,0
210418,2,1,1986,0,0,0,0,0,0,0,0,0,0
210418,3,1,1986,0,0,0,0,0,0,0,0,0,0
210419,1,1,1986,0,0,0,0,0,0,0,0,0,0
210419,2,1,1986,0,0,0,0,0,0,0,0,0,0
210420,1,1,1986,15,15,15,15,15,15,15,15,15,15
210420,2,1,1986,0,0,0,0,0,0,0,0,0,0
210421,1,1,1986,0,0,0,0,0,0,0,0,0,0
210421,2,1,1986,0,0,0,0,0,0,0,0,0,0
210421,3,1,1986,0,0,0,0,0,0,0,0,0,0
210421,4,1,1986,0,0,0,0,0,0,0,0,0,0
210422,1,1,1986,0,0,0,0,0,0,0,0,0,0
210423,1,1,1986,3,3,3,3,3,3,3,3,3,3
210424,0,1,1986,0,0,0,0,0,0,0,0,0,0
210424,1,1,1986,0,0,0,0,0,0,0,0,0,0
210425,1,1,1986,17,21,13,27,14,18,0,11,5,0
210426,1,1,1986,27,27,27,27,27,27,27,27,27,27
210427,1,1,1986,0,0,0,0,0,0,0,0,0,0
210428,1,1,1986,18,18,18,18,18,18,18,18,18,18
210429,0,1,1986,0,0,0,0,0,0,0,0,0,0
210429,1,1,1986,9,0,0,0,0,0,16,0,6,7
210430,0,1,1986,20,20,20,20,20,20,20,20,20,20
210430,0,2,1986,27,27,27,27,27,27,27,27,27,27
210430,1,1,1986,11,11,11,11,11,11,11,11,11,11
210431,1,1,1986,18,18,18,18,18,18,18,18,18,18
210431,2,1,1986,0,0,0,0,0,0,0,0,0,11
210432,1,1,1986,0,0,0,0,0,0,0,0,0,0
210433,1,1,1986,0,0,0,0,0,0,0,0,0,0
210433,2,1,1986,0,9,0,0,0,0,0,0,0,0
210434,1,1,1986,0,0,0,0,0,0,0,0,0,0
210435,1,1,1986,0,0,0,0,0,0,0,0,0,0
210435,2,1,1986,0,0,10,0,0,0,0,0,0,0
210436,1,1,1986,19,19,19,19,19,19,19,19,19,19
210437,1,1,1986,11,11,11,11,11,11,11,11,11,11
210437,2,1,1986,0,0,0,0,0,0,0,0,0,0
210438,1,1,1986,0,0,0,0,0,18,0,3,0,0
210439,1,1,1986,0,0,0,0,0,0,0,0,0,0
210439,2,1,1986,0,0,0,0,0,17,0,0,0,0
210439,3,1,1986,0,7,0,0,0,8,5,0,0,7
210440,1,1,1986,0,0,0,0,0,0,0,0,0,0
210441,1,1,1986,0,0,0,0,0,0,0,0,0,0
210442,1,1,1986,21,21,21,21,21,21,21,21,21,21
210443,1,1,1986,2,2,2,2,2,2,2,2,2,2
210444,1,1,1986,0,0,0,0,0,0,0,0,0,0
210445,1,1,1986,0,0,0,0,0,0,0,0,0,0
210446,0,1,1986,0,0,0,0,0,0,0,0,0,0
210446,1,1,1986,0,0,0,0,0,0,0,0,0,0
210447,1,1,1986,17,17,17,17,17,17,17,17,17,17
210448,1,1,1986,20,20,20,20,20,20,20,20,20,20
210449,1,1,1986,20,20,20,20,20,20,20,20,20,20
210450,1,1,1986,13,13,13,13,13,13,13,13,13,13
210451,1,1,1986,0,0,0,0,0,0,0,0,0,0
210452,1,1,1986,24,24,24,24,24,24,24,24,24,24
210453,1,1,1986,0,0,0,0,0,0,0,0,0,0
210454,1,1,1986,15,15,15,15,15,15,15,15,15,15
210455,1,1,1986,0,0,0,0,0,0,0,0,0,0
210455,2,1,1986,0,0,0,0,0,0,0,0,0,0
210455,3,1,1986,0,0,0,0,0,0,0,0,0,0
210456,1,1,1986,0,0,0,0,0,0,0,0,0,0
210457,1,1,1986,0,0,0,0,0,18,0,12,28,0
210458,1,1,1986,0,0,0,0,0,0,0,0,0,0
210459,1,1,1986,13,0,0,0,0,0,0,0,0,0
210460,1,1,1986,9,16,7,17,21,19,24,21,0,12
210461,1,1,1986,0,0,0,13,0,0,0,0,0,0
210461,2,1,1986,0,0,7,0,0,0,0,0,0,0
210462,0,1,1986,24,24,24,24,24,24,24,24,24,24
210462,1,1,1986,0,3,22,20,22,22,23,0,20,9
210463,1,1,1986,0,0,0,0,0,0,0,0,0,0
210463,2,1,1986,0,0,0,0,0,0,0,0,0,0
210464,1,1,1986,3,3,3,3,3,3,3,3,3,3
210464,2,1,1986,3,3,3,3,3,3,3,3,3,3
210465,1,1,1986,12,12,12,12,12,12,12,12,12,12
210466,1,1,1986,5,5,5,5,5,5,5,5,5,5
210467,1,1,1986,29,29,29,29,29,29,29,29,29,29
210468,1,1,1986,0,0,0,0,0,0,0,0,0,0
210468,2,1,1986,0,0,0,0,0,0,0,0,0,0
210469,0,1,1986,0,0,0,0,0,0,0,0,0,0
210469,1,1,1986,0,0,0,0,0,0,0,0,0,0
210470,1,1,1986,27,27,27,27,27,27,27,27,27,27
210470,2,1,1986,0,0,0,0,0,0,0,0,0,0
210471,1,1,1986,0,20,0,0,0,0,0,0,0,0
210472,0,1,1986,12,12,12,12,12,12,12,12,12,12
210472,1,1,1986,0,0,0,0,0,0,0,0,0,0
210473,1,1,1986,28,28,28,28,28,28,28,28,28,28
210474,0,1,1986,26,0,0,0,0,27,0,0,15,18
210474,1,1,1986,0,4,0,0,0,0,0,0,9,14
210475,1,1,1986,10,10,10,10,10,10,10,10,10,10
210475,2,1,1986,0,0,0,0,0,0,0,0,0,0
210476,1,1,1986,0,0,0,0,0,0,0,19,0,0
210476,2,1,1986,0,0,0,0,0,0,0,0,0,0
210477,0,1,1986,0,0,0,0,0,0,0,0,0,0
210477,1,1,1986,0,0,11,0,0,0,0,0,0,0
210478,1,1,1986,0,0,0,0,0,0,0,0,0,0
210478,2,1,1986,0,0,0,0,0,0,0,0,0,0
210479,1,1,1986,0,0,0,0,0,0,0,0,0,0
210479,2,1,1986,0,0,0,0,0,0,0,0,0,0
210480,1,1,1986,42,42,42,42,42,42,42,42,42,42
210480,2,1,1986,0,0,0,0,0,0,0,0,0,0
210480,3,1,1986,0,0,0,0,0,0,0,0,0,0
210481,1,1,1986,0,0,0,0,0,0,0,0,0,0
210481,2,1,1986,0,0,0,0,0,0,0,0,0,0
210482,1,1,1986,0,0,0,0,0,0,0,0,0,0
210482,2,1,1986,0,10,0,0,0,0,0,0,0,0
210482,3,1,1986,0,0,0,0,0,0,0,0,0,0
210483,1,1,1986,17,4,11,9,12,10,10,11,10,12
210484,1,1,1986,5,21,0,12,0,0,13,3,22,0
210485,1,1,1986,12,11,22,4,7,17,27,25,15,16
210486,1,1,1986,8,8,8,8,8,8,8,8,8,8
210487,0,1,1986,0,0,0,0,0,0,0,0,0,0
210487,0,2,1986,0,3,0,0,9,20,26,31,36,29
210487,1,1,1986,11,11,11,11,11,11,11,11,11,11
210488,1,1,1986,0,0,17,16,0,0,0,0,0,0
210488,2,1,1986,0,0,0,0,0,0,0,0,0,0
210489,1,1,1986,8,0,0,0,0,0,0,0,0,0
210489,2,1,1986,0,0,0,0,0,0,0,0,0,0
210490,1,1,1986,25,25,25,25,25,25,25,25,25,25
210491,1,1,1986,0,0,0,0,0,0,0,0,0,0
210491,2,1,1986,0,0,0,0,0,0,0,0,0,0
210492,1,1,1986,0,0,0,0,0,0,0,0,0,0
210493,1,1,1986,26,26,26,26,26,26,26,26,26,26
210494,1,1,1986,4,4,4,4,4,4,4,4,4,4
210495,0,1,1986,0,0,0,0,0,0,0,0,0,0
210495,1,1,1986,0,0,10,0,0,0,0,0,0,0
210496,1,1,1986,0,0,0,0,0,0,0,0,0,0
210497,1,1,1986,8,8,8,8,8,8,8,8,8,8
210498,1,1,1986,13,13,13,13,13,13,13,13,13,13
210498,2,1,1986,0,0,0,0,0,0,0,0,0,0
210498,3,1,1986,0,0,0,0,0,0,0,0,0,0
210498,4,1,1986,0,0,0,0,0,0,0,0,0,0
210499,1,1,1986,7,7,7,7,7,7,7,7,7,7
210500,1,1,1986,0,0,0,0,0,0,0,0,0,0
210500,2,1,1986,2,2,2,2,2,2,2,2,2,2
210501,1,1,1986,2,2,2,2,2,2,2,2,2,2
210502,1,1,1986,4,4,4,4,4,4,4,4,4,4
210503,0,1,1986,17,14,33,0,27,0,0,0,0,0
210503,1,1,1986,0,20,2,6,0,10,0,0,7,0
210504,1,1,1986,0,0,0,23,8,9,0,0,0,0
210505,0,1,1986,0,0,0,0,0,0,0,0,0,0
210505,1,1,1986,0,0,0,0,0,0,0,0,0,0
210506,1,1,1986,4,4,4,4,4,4,4,4,4,4
210507,1,1,1986,35,35,35,35,35,35,35,35,35,35
210508,1,1,1986,14,14,14,14,14,14,14,14,14,14
210509,1,1,1986,0,0,0,0,0,19,0,0,31,0
210510,1,1,1986,0,0,0,0,0,0,0,0,0,0
210510,2,1,1986,0,0,18,0,0,0,0,0,0,15
210511,1,1,1986,14,17,5,14,12,12,13,17,21,12
210512,1,1,1986,10,10,10,10,10,10,10,10,10,10
210512,2,1,1986,0,0,0,0,0,0,0,0,0,0
210514,1,1,1986,0,26,26,0,0,0,0,0,0,0
210514,2,1,1986,0,0,0,0,0,0,0,0,0,0
210515,0,1,1986,30,19,0,32,41,0,27,26,10,6
210515,1,1,1986,0,0,0,0,0,0,0,0,0,0
210516,1,1,1986,0,19,0,0,0,0,0,0,0,0
210517,1,1,1986,0,0,0,0,0,0,0,0,0,0
210517,2,1,1986,6,0,8,0,0,14,0,0,0,0
210518,1,1,1986,11,11,11,11,11,11,11,11,11,11
210519,1,1,1986,12,12,12,12,12,12,12,12,12,12
210520,1,1,1986,12,12,12,12,12,12,12,12,12,12
210521,0,1,1986,0,0,0,0,0,0,0,0,0,0
210521,1,1,1986,0,0,0,0,0,0,0,0,0,0
210522,1,1,1986,14,14,14,14,14,14,14,14,14,14
210523,1,1,1986,25,25,25,25,25,25,25,25,25,25
210524,1,1,1986,19,19,19,19,19,19,19,19,19,19
210525,1,1,1986,20,20,20,20,20,20,20,20,20,20
210525,2,1,1986,0,0,0,0,0,0,0,0,0,0
210525,3,1,1986,0,0,0,0,0,0,0,0,0,0
210526,1,1,1986,0,0,0,0,0,0,0,0,0,0
210526,2,1,1986,0,0,0,0,0,0,0,0,0,0
210527,0,1,1986,0,0,0,0,0,0,0,0,0,0
210527,1,1,1986,0,0,0,0,0,0,0,0,0,0
210528,1,1,1986,18,18,18,18,18,18,18,18,18,18
210529,1,1,1986,0,10,0,0,0,0,0,0,0,0
210529,2,1,1986,0,6,0,0,0,0,7,0,0,0
210531,1,1,1986,20,20,20,20,20,20,20,20,20,20
210532,1,1,1986,0,0,0,0,0,0,0,0,0,0
210532,2,1,1986,0,0,0,0,0,0,0,0,0,0
210533,0,1,1986,30,30,30,30,30,30,30,30,30,30
210533,1,1,1986,9,0,20,0,9,0,0,0,0,20
210534,0,1,1986,0,0,0,0,0,0,0,0,0,0
210534,1,1,1986,0,0,12,0,0,0,0,0,0,0
210535,1,1,1986,0,0,0,0,0,0,0,0,0,0
210535,2,1,1986,0,0,0,0,0,17,0,0,0,0
210535,3,1,1986,0,0,0,0,0,12,0,0,0,0
210535,4,1,1986,0,0,0,0,0,0,0,0,0,0
210535,5,1,1986,0,0,0,0,0,0,0,0,0,0
210536,1,1,1986,0,0,0,0,0,0,0,0,0,0