ST_CASE,VEH_NO,PER_NO,YEAR,P1,P2,P3,P4,P5,P6,P7,P8,P9,P10
220626,1,1,1986,1,1,1,1,1,1,1,1,1,1
220626,2,1,1986,28,28,28,28,28,28,28,28,28,28
220627,0,1,1986,0,0,0,0,0,0,0,0,0,0
220627,1,1,1986,0,0,0,0,0,0,0,0,10,0
220628,1,1,1986,0,0,0,0,0,16,0,0,0,0
220629,0,1,1986,0,0,0,0,0,0,0,0,0,0
220629,1,1,1986,0,0,0,0,0,0,0,0,8,0
220630,1,1,1986,22,19,27,19,8,7,20,0,14,17
220630,2,1,1986,0,0,0,0,0,0,0,0,0,0
220631,1,1,1986,10,7,16,29,21,12,0,0,17,10
220632,1,1,1986,0,0,0,0,0,0,0,0,0,0
220632,2,1,1986,0,0,4,0,0,0,0,0,0,0
220633,1,1,1986,0,17,0,13,29,0,0,0,25,22
220634,2,1,1986,0,0,0,0,0,0,0,0,0,0
220635,1,1,1986,0,0,0,0,0,0,0,0,0,0
220636,1,1,1986,7,12,12,11,9,10,30,0,26,0
220637,0,1,1986,15,15,15,15,15,15,15,15,15,15
220637,1,1,1986,0,0,0,0,0,0,0,0,0,0
220638,1,1,1986,0,19,0,0,0,0,0,0,11,0
220639,1,1,1986,4,10,15,9,9,15,12,21,9,4
220640,1,1,1986,0,0,0,0,0,0,0,9,0,18
220641,1,1,1986,0,0,0,0,0,0,0,19,0,6
220642,1,1,1986,0,0,0,0,0,0,0,0,0,0
220642,2,1,1986,0,0,0,6,0,0,0,0,0,0
220643,1,1,1986,0,0,0,0,0,0,0,0,0,0
220644,1,1,1986,14,0,0,14,11,0,0,0,0,0
220644,2,1,1986,0,0,0,0,0,0,0,0,0,0
220645,1,1,1986,26,0,0,0,0,0,0,13,12,19
220645,2,1,1986,0,0,0,0,22,0,0,0,0,0
220646,1,1,1986,0,0,7,0,5,0,0,0,0,3
220646,2,1,1986,0,0,0,0,0,0,0,0,0,0
220647,1,1,1986,0,0,0,0,0,0,0,0,0,0
220647,2,1,1986,0,0,0,0,0,0,0,0,0,0
220648,1,1,1986,0,0,0,0,0,0,0,0,0,0
220648,2,1,1986,0,0,0,0,0,0,0,0,0,0
220649,0,1,1986,17,0,7,0,0,13,0,0,0,10
220649,0,2,1986,18,15,0,0,20,29,0,0,0,0
220649,1,1,1986,0,0,0,0,0,0,0,0,0,0
220651,0,1,1986,28,0,0,8,9,19,20,15,22,0
220651,1,1,1986,8,8,8,8,8,8,8,8,8,8
220652,0,1,1986,0,0,0,32,0,0,0,25,0,0
220652,1,1,1986,0,0,0,0,0,0,0,0,0,0
220653,1,1,1986,0,0,0,0,0,0,0,0,0,0
220653,2,1,1986,0,0,0,0,0,0,0,0,0,0
220654,1,1,1986,0,0,0,0,0,0,0,0,0,0
220654,2,1,1986,0,0,0,27,0,0,0,0,10,0
220655,1,1,1986,0,0,0,0,0,0,0,0,0,0
220655,2,1,1986,0,0,0,0,0,0,0,0,0,0
220656,0,1,1986,0,0,0,0,0,0,0,0,0,0
220656,1,1,1986,0,0,0,0,0,0,0,0,0,0
220657,1,1,1986,11,11,11,11,11,11,11,11,11,11
220657,2,1,1986,0,0,0,0,0,0,0,0,0,0
220658,0,1,1986,18,18,18,18,18,18,18,18,18,18
220658,1,1,1986,0,0,0,0,0,0,0,0,0,0
220660,1,1,1986,0,0,0,0,0,0,0,0,0,0
220660,2,1,1986,21,21,21,21,21,21,21,21,21,21
220661,1,1,1986,6,6,6,6,6,6,6,6,6,6
220662,1,1,1986,0,0,21,0,0,0,0,0,0,0
220662,2,1,1986,0,0,0,0,0,0,0,0,0,0
220662,3,1,1986,10,17,19,18,10,16,9,14,18,0
220663,1,1,1986,0,0,0,0,0,13,19,0,0,0
220663,2,1,1986,0,0,0,0,0,0,0,0,0,0
220664,1,1,1986,23,23,23,23,23,23,23,23,23,23
220665,1,1,1986,0,0,13,14,0,11,22,4,4,9
220665,2,1,1986,0,0,27,9,0,0,0,0,24,0
220666,1,1,1986,0,0,0,0,0,0,0,0,0,0
220666,2,1,1986,0,0,21,0,0,18,0,10,5,0
220667,1,1,1986,0,0,0,0,0,0,0,0,0,0
220667,2,1,1986,0,0,14,0,24,24,8,11,0,0
220668,1,1,1986,0,10,0,0,18,0,0,0,0,11
220669,1,1,1986,0,0,0,0,0,0,0,0,0,0
220669,2,1,1986,0,0,0,0,0,0,0,0,0,0
220670,1,1,1986,9,0,0,0,0,0,0,0,0,0
220670,2,1,1986,0,0,0,0,12,6,0,0,0,5
220671,1,1,1986,0,0,0,0,0,0,0,0,0,0
220672,1,1,1986,19,19,19,19,19,19,19,19,19,19
220673,1,1,1986,0,0,0,0,0,0,0,0,0,0
220673,2,1,1986,0,18,0,0,0,0,0,17,0,0
220674,1,1,1986,7,7,7,7,7,7,7,7,7,7
220674,2,1,1986,0,0,0,0,0,0,0,0,0,0
220675,1,1,1986,0,0,0,0,0,0,0,0,0,0
220675,2,1,1986,0,0,8,0,13,0,0,0,0,30
220676,1,1,1986,0,0,0,0,0,0,0,0,0,0
220677,1,1,1986,0,0,0,0,0,0,0,0,0,0
220677,2,1,1986,0,0,0,14,12,0,0,0,0,0
220678,0,1,1986,0,0,11,0,11,25,0,28,0,0
220678,1,1,1986,0,0,0,0,0,0,0,0,19,0
220679,1,1,1986,20,17,7,8,9,0,20,10,20,13
220680,0,1,1986,0,0,0,0,0,0,0,0,0,0
220680,1,1,1986,0,0,0,0,0,0,0,0,0,0
220681,1,1,1986,0,0,0,0,0,0,14,0,0,0
220681,2,1,1986,14,21,6,0,18,14,13,17,24,28
220682,1,1,1986,23,22,7,0,44,10,25,4,28,15
220683,1,1,1986,0,0,0,0,0,0,0,0,0,0
220683,2,1,1986,0,5,0,0,0,0,0,0,0,0
220684,0,1,1986,0,11,0,0,0,0,14,0,0,0
220684,1,1,1986,0,0,0,0,0,0,0,0,0,0
220685,0,1,1986,0,0,0,0,0,24,0,8,8,0
220685,1,1,1986,0,0,0,0,0,0,0,0,3,3
220686,1,1,1986,24,24,24,24,24,24,24,24,24,24
220687,1,1,1986,5,9,14,10,14,4,16,7,15,14
220687,2,1,1986,0,5,0,0,0,0,0,0,0,0
220688,0,1,1986,17,0,0,0,0,48,0,18,19,0
220688,1,1,1986,0,0,0,0,0,5,13,0,0,0
220689,1,1,1986,16,16,16,16,16,16,16,16,16,16
220690,1,1,1986,0,0,0,0,0,0,0,0,0,0
220690,2,1,1986,0,0,0,12,11,0,0,13,0,0
220691,1,1,1986,14,14,14,14,14,14,14,14,14,14
220692,0,1,1986,28,18,19,17,17,25,7,22,14,17
220692,0,2,1986,0,0,0,0,0,0,0,0,0,0
220692,1,1,1986,0,0,0,9,0,0,0,0,12,8
220693,1,1,1986,0,5,0,0,0,14,13,0,0,2
220693,2,1,1986,0,0,17,14,11,0,10,0,22,16
220694,1,1,1986,22,15,0,0,0,12,0,12,0,15
220694,2,1,1986,0,0,0,0,0,17,0,0,0,17
220695,1,1,1986,13,13,13,13,13,13,13,13,13,13
220696,0,1,1986,24,24,24,24,24,24,24,24,24,24
220696,1,1,1986,0,0,0,0,0,0,0,0,0,0
220697,1,1,1986,0,0,0,0,0,0,0,0,0,0
220698,1,1,1986,19,0,0,26,0,19,8,0,24,0
220698,2,1,1986,14,31,27,31,0,13,0,18,0,0
220699,1,1,1986,32,23,26,27,8,7,28,23,7,33
220700,1,1,1986,0,12,0,0,13,0,0,0,0,0
220700,2,1,1986,0,0,0,4,0,0,0,0,0,0
220700,3,1,1986,0,0,4,0,0,0,0,0,0,0
220701,1,1,1986,18,7,0,0,0,0,17,0,15,2
220702,1,1,1986,9,9,9,9,9,9,9,9,9,9
220703,1,1,1986,3,0,10,25,17,0,28,5,8,0
220703,2,1,1986,0,0,0,0,0,0,0,0,0,0
220704,1,1,1986,0,0,0,0,0,0,0,0,0,0
220705,1,1,1986,0,4,18,16,19,0,0,11,0,11
220706,1,1,1986,0,14,16,20,0,0,10,0,0,20
220707,0,1,1986,0,14,25,10,10,29,32,22,17,32
220707,1,1,1986,0,0,0,0,0,0,0,0,0,0
220708,1,1,1986,0,5,3,0,4,24,0,17,0,0
220708,2,1,1986,0,0,0,0,0,0,0,0,0,4
220709,0,1,1986,0,0,0,0,0,0,0,0,0,0
220709,1,1,1986,0,0,0,0,0,0,0,0,0,0
220710,1,1,1986,23,23,23,23,23,23,23,23,23,23
220711,1,1,1986,17,15,14,27,10,13,3,20,15,12
220712,1,1,1986,0,10,23,13,0,15,19,7,10,15
220712,2,1,1986,0,0,9,0,0,14,0,0,0,0
220713,1,1,1986,0,0,0,0,0,0,0,0,15,0
220713,2,1,1986,0,0,0,0,0,0,0,0,0,0
220714,1,1,1986,16,7,22,0,11,0,17,29,17,0
220715,1,1,1986,0,11,0,0,0,0,16,0,36,8
220716,1,1,1986,10,10,10,10,10,10,10,10,10,10
220717,1,1,1986,3,0,0,0,0,0,0,0,0,0
220717,2,1,1986,0,0,0,0,0,0,26,0,0,0
220718,1,1,1986,8,14,0,34,21,22,15,16,8,18
220719,0,1,1986,0,0,0,0,0,0,0,0,0,0
220719,1,1,1986,0,0,0,0,0,8,0,0,0,0
220720,1,1,1986,0,6,0,0,0,0,0,0,0,0
220720,2,1,1986,0,0,0,0,0,0,0,0,0,0
220721,1,1,1986,0,0,0,0,0,11,0,0,0,0
220721,2,1,1986,20,0,15,0,17,14,0,9,9,15
220722,0,1,1986,0,22,0,15,0,34,23,0,0,13
220722,1,1,1986,8,8,8,8,8,8,8,8,8,8
220723,0,1,1986,0,0,30,17,0,6,32,0,18,6
220723,1,1,1986,0,0,0,0,0,0,0,0,0,0
220724,1,1,1986,12,12,12,12,12,12,12,12,12,12
220725,1,1,1986,14,14,14,14,14,14,14,14,14,14
220725,2,1,1986,0,0,0,0,0,0,0,0,0,0
220726,1,1,1986,0,0,0,0,0,0,20,0,8,0
220727,0,1,1986,0,0,0,0,0,0,0,0,0,0
220727,1,1,1986,3,13,0,16,23,0,0,0,1,0
220728,0,1,1986,0,0,0,22,0,21,15,0,9,0
220728,1,1,1986,0,0,0,0,0,0,0,0,0,0
220729,0,1,1986,0,19,0,0,0,0,14,29,0,0
220729,1,1,1986,0,16,16,0,27,11,23,25,18,6
220730,1,1,1986,14,14,14,14,14,14,14,14,14,14
220731,1,1,1986,16,0,0,0,0,0,15,0,0,18
220732,1,1,1986,0,0,0,0,0,0,0,0,0,0
220733,1,1,1986,0,0,0,0,0,0,0,0,0,0
220733,2,1,1986,23,0,0,0,0,0,0,0,0,0
220734,1,1,1986,17,17,17,17,17,17,17,17,17,17
220734,2,1,1986,0,0,0,0,0,0,0,0,0,0
220735,1,1,1986,0,0,0,0,0,0,0,0,11,0
220735,2,1,1986,0,0,0,0,0,0,0,0,0,0
220736,0,1,1986,10,10,10,10,10,10,10,10,10,10
220736,1,1,1986,16,16,16,16,16,16,16,16,16,16
220737,1,1,1986,0,0,0,0,0,0,0,0,0,0
220737,2,1,1986,17,17,17,17,17,17,17,17,17,17
220739,1,1,1986,19,20,6,10,9,20,8,21,11,19
220740,1,1,1986,19,0,10,8,0,32,7,0,0,0
220741,1,1,1986,12,12,12,12,12,12,12,12,12,12
220742,1,1,1986,0,0,0,0,0,0,0,0,0,0
220742,2,1,1986,0,0,0,0,0,0,0,0,0,0
220743,1,1,1986,0,25,0,0,0,0,0,0,11,0
220743,2,1,1986,0,0,0,13,19,0,21,21,0,0
220744,1,1,1986,0,0,0,20,0,0,0,0,0,0
220745,1,1,1986,12,12,12,12,12,12,12,12,12,12
220745,2,1,1986,0,0,0,0,0,0,0,0,0,0
220746,1,1,1986,0,0,0,0,17,0,0,0,0,0
220746,2,1,1986,0,0,0,0,0,0,0,0,0,0
220747,1,1,1986,0,0,0,0,0,0,0,0,0,0
220747,2,1,1986,31,31,31,31,31,31,31,31,31,31
220748,1,1,1986,0,0,30,0,0,0,0,0,0,0
220748,2,1,1986,0,0,0,0,0,0,0,0,0,16
220749,0,1,1986,31,31,31,31,31,31,31,31,31,31
220749,1,1,1986,16,23,3,24,5,0,18,21,0,15
220750,0,1,1986,0,18,0,6,14,24,21,0,12,22
220750,1,1,1986,11,11,11,11,11,11,11,11,11,11
220751,1,1,1986,0,0,0,0,0,0,0,0,0,0
220752,0,1,1986,0,0,0,0,0,0,0,0,0,0
220752,1,1,1986,0,0,0,0,0,0,0,0,0,0
220753,1,1,1986,25,0,23,19,2,0,11,15,29,9
220754,1,1,1986,0,0,0,0,0,0,0,0,0,0
220755,0,1,1986,0,0,0,0,0,0,0,0,0,0
220755,1,1,1986,17,17,17,17,17,17,17,17,17,17
220756,1,1,1986,10,0,6,21,16,0,14,0,0,13
220756,2,1,1986,30,30,30,30,30,30,30,30,30,30
220757,1,1,1986,10,18,16,21,21,18,22,17,18,19
220758,0,1,1986,0,12,20,9,0,0,0,0,0,0
220758,1,1,1986,0,0,0,0,0,0,0,4,0,0
220759,1,1,1986,0,0,8,0,0,7,0,0,0,0
220759,2,1,1986,0,0,0,0,0,0,0,0,0,0
220760,1,1,1986,16,16,16,16,16,16,16,16,16,16
220760,2,1,1986,0,0,0,0,0,0,0,0,0,0
220761,0,1,1986,0,0,0,0,0,0,13,0,11,0
220761,1,1,1986,0,0,0,0,0,7,0,0,0,0
220762,1,1,1986,26,26,26,26,26,26,26,26,26,26
220763,1,1,1986,0,0,0,0,0,0,0,0,0,0
220764,1,1,1986,20,20,20,20,20,20,20,20,20,20
220764,2,1,1986,0,0,0,0,0,0,0,0,0,0
220764,3,1,1986,0,0,0,0,8,0,16,0,0,0
220764,4,1,1986,11,0,0,0,0,0,14,0,21,9
220765,1,1,1986,15,0,0,11,0,16,0,11,15,11
220765,2,1,1986,2,2,2,2,2,2,2,2,2,2
220766,1,1,1986,2,0,13,22,0,29,0,8,0,0
220767,0,1,1986,0,0,0,0,3,0,0,0,0,0
220767,1,1,1986,0,0,0,0,0,0,0,0,0,0
220768,0,1,1986,0,0,0,0,4,0,0,0,0,0
220768,1,1,1986,0,0,0,0,0,0,0,0,0,0
220769,0,1,1986,0,0,0,0,0,0,0,0,0,0
220769,0,2,1986,0,0,0,0,0,0,0,0,0,0
220769,1,1,1986,0,0,0,0,0,0,0,0,0,0
220770,0,1,1986,0,0,0,0,0,0,0,0,0,0
220770,1,1,1986,0,0,0,0,0,0,0,0,0,0
220771,1,1,1986,0,0,0,0,0,0,0,0,0,0
220771,2,1,1986,0,0,0,0,0,0,0,0,0,0
220771,3,1,1986,0,0,0,0,0,0,0,12,0,0
220771,4,1,1986,0,0,0,0,0,0,0,0,0,0
220771,5,1,1986,0,0,0,0,0,0,0,0,0,0
220772,1,1,1986,15,15,15,15,15,15,15,15,15,15
220772,2,1,1986,9,9,9,9,9,9,9,9,9,9
220773,0,1,1986,63,2,0,31,0,0,26,12,0,0
220773,1,1,1986,0,0,0,0,0,0,0,0,0,0
220774,1,1,1986,0,0,0,0,0,5,0,0,0,0
220775,1,1,1986,26,26,26,26,26,26,26,26,26,26
220776,0,1,1986,0,0,0,0,0,0,5,0,0,0
220776,1,1,1986,0,0,0,0,0,0,0,0,0,0
220777,1,1,1986,0,0,0,0,0,0,0,0,21,15
220777,2,1,1986,0,0,0,0,0,0,0,0,0,0
220778,1,1,1986,0,15,14,12,7,12,34,19,18,33
220779,1,1,1986,31,31,31,31,31,31,31,31,31,31
220780,1,1,1986,21,0,17,0,14,0,6,20,16,0
220782,0,1,1986,10,12,36,31,0,23,0,23,24,23
220782,1,1,1986,0,0,0,0,0,0,0,0,0,0
220783,0,1,1986,28,10,0,11,0,21,0,0,0,0
220783,1,1,1986,0,16,13,21,0,0,0,0,0,0
220784,1,1,1986,0,0,0,0,0,0,0,0,0,0
220785,1,1,1986,0,0,0,0,0,0,0,0,0,0
220786,0,1,1986,0,0,0,0,0,0,0,0,0,0
220786,1,1,1986,0,0,0,0,0,0,0,0,0,0
220787,1,1,1986,8,8,8,8,8,8,8,8,8,8
220787,2,1,1986,0,0,0,0,0,0,0,0,0,0
220788,1,1,1986,8,11,17,0,0,21,0,16,0,0
220789,1,1,1986,6,6,6,6,6,6,6,6,6,6
220789,2,1,1986,0,0,0,0,0,0,0,0,0,54
220790,1,1,1986,0,26,40,26,19,5,22,35,11,0
220790,2,1,1986,0,0,0,0,0,0,0,0,0,0
220791,1,1,1986,9,12,7,30,18,27,11,16,17,12
220792,1,1,1986,0,0,0,0,0,0,0,0,0,0
220792,2,1,1986,7,0,0,0,0,0,0,0,0,0
220793,1,1,1986,16,0,0,0,0,0,0,0,0,0
220794,1,1,1986,0,0,0,0,0,0,0,0,0,0
220794,2,1,1986,0,0,0,0,0,0,0,0,0,0
220795,1,1,1986,14,14,14,14,14,14,14,14,14,14
220795,2,1,1986,0,0,0,0,0,0,0,0,0,0
220795,3,1,1986,3,0,0,0,0,0,0,0,0,0
220796,1,1,1986,0,0,29,0,0,0,0,0,0,0
220797,0,1,1986,0,0,0,0,0,0,0,0,0,0
220797,1,1,1986,0,0,0,0,0,0,0,0,0,0
220798,1,1,1986,11,18,0,0,20,0,15,16,0,12
220798,2,1,1986,0,0,0,0,0,0,0,0,0,0
220799,1,1,1986,0,0,0,0,0,0,0,0,0,0
220799,2,1,1986,0,0,0,0,0,0,0,0,0,0
220799,3,1,1986,0,0,0,0,0,0,0,0,0,0
220799,4,1,1986,0,0,0,0,0,0,0,0,0,0
220800,1,1,1986,0,0,0,0,0,0,0,0,0,0
220801,0,1,1986,0,0,21,0,0,0,0,0,0,0
220801,1,1,1986,0,0,12,0,14,0,0,0,0,2
220802,0,1,1986,0,0,0,0,0,0,0,0,0,0
220802,1,1,1986,0,0,0,0,0,0,0,0,0,0
220803,1,1,1986,0,0,0,0,0,0,0,0,0,0
220803,2,1,1986,0,0,0,0,0,0,0,0,0,0
220803,3,1,1986,0,0,0,4,0,0,0,0,0,0
220803,4,1,1986,25,25,25,25,25,25,25,25,25,25
220804,0,1,1986,0,0,0,0,0,0,0,0,0,0
220804,1,1,1986,0,0,0,0,0,0,0,12,0,0
220805,1,1,1986,0,0,0,0,0,0,0,0,0,0
220805,2,1,1986,0,0,0,0,0,0,0,0,0,0
220805,3,1,1986,0,0,0,0,0,0,0,0,0,0
220806,1,1,1986,10,0,0,36,11,18,0,39,13,9
220807,1,1,1986,9,9,9,9,9,9,9,9,9,9
220808,1,1,1986,18,0,0,7,9,0,0,0,0,15
220808,2,1,1986,5,5,5,5,5,5,5,5,5,5
220809,1,1,1986,0,0,19,0,0,5,0,0,0,0
220810,0,1,1986,31,31,31,31,31,31,31,31,31,31
220810,1,1,1986,0,0,0,0,0,0,0,0,0,0
220811,0,1,1986,7,14,39,15,0,8,12,17,18,4
220811,1,1,1986,0,0,0,0,0,0,0,0,0,0
220812,1,1,1986,0,0,0,0,0,0,0,0,0,0
220812,2,1,1986,0,0,0,0,0,0,0,0,0,0
220813,1,1,1986,5,5,5,5,5,5,5,5,5,5
220814,1,1,1986,34,34,34,34,34,34,34,34,34,34
220815,1,1,1986,25,0,17,19,0,14,21,31,0,4
220816,0,1,1986,0,0,0,0,0,0,0,0,0,0
220816,1,1,1986,0,9,36,21,10,22,52,12,7,9
220817,0,1,1986,0,0,0,0,0,0,0,0,0,0
220817,1,1,1986,0,0,0,0,0,0,0,0,0,0
220818,1,1,1986,0,10,0,0,0,13,15,0,0,0
220818,3,1,1986,19,0,0,0,0,0,0,3,0,0
220819,1,1,1986,0,0,0,0,0,0,0,0,0,0
220819,2,1,1986,0,0,0,0,0,0,0,0,0,0
220820,0,1,1986,21,21,21,21,21,21,21,21,21,21
220820,1,1,1986,3,3,3,3,3,3,3,3,3,3
220821,0,1,1986,0,0,0,0,0,0,0,0,12,0
220821,1,1,1986,0,0,0,0,0,0,0,0,0,0
220822,1,1,1986,0,0,0,0,0,0,0,0,0,0
220822,2,1,1986,0,0,0,7,0,0,0,0,0,0
220823,1,1,1986,8,8,8,8,8,8,8,8,8,8
220824,1,1,1986,38,8,17,12,2,0,18,9,8,10
220824,2,1,1986,1,1,1,1,1,1,1,1,1,1
220824,3,1,1986,0,0,0,13,0,0,0,0,0,0
220825,0,1,1986,0,0,20,0,0,0,13,0,0,0
220825,1,1,1986,0,0,0,0,0,0,0,0,0,0
220826,0,1,1986,0,0,0,0,0,0,0,0,0,0
220826,0,2,1986,0,0,0,0,0,0,0,0,0,0
220826,1,1,1986,0,0,19,0,0,4,0,0,0,0
220827,0,1,1986,11,0,0,34,0,0,0,0,5,10
220827,1,1,1986,5,6,17,26,17,18,16,14,12,24
220828,0,1,1986,0,0,0,0,0,0,0,0,0,0
220828,1,1,1986,0,0,0,0,0,0,0,0,0,0
220829,0,1,1986,0,0,0,0,0,0,0,0,0,0
220829,1,1,1986,0,0,0,0,5,0,0,0,0,0
220830,1,1,1986,0,0,4,6,25,0,5,13,0,12
220830,2,1,1986,0,0,0,0,0,0,0,0,0,0
220831,1,1,1986,0,0,0,0,0,0,0,0,0,0
220833,1,1,1986,0,0,0,0,0,0,0,0,0,0
220834,1,1,1986,0,0,0,0,0,0,7,0,0,0
220834,2,1,1986,0,0,0,0,0,0,0,0,0,0
220835,1,1,1986,0,0,0,0,0,0,0,0,0,0
220835,2,1,1986,0,0,0,0,0,0,0,0,0,0
220836,0,1,1986,0,17,0,0,0,0,0,0,0,0
220836,1,1,1986,0,0,0,39,18,15,0,17,0,23
220837,1,1,1986,0,0,0,0,0,0,0,0,0,0
220837,2,1,1986,0,0,0,0,0,0,0,0,0,0
220838,1,1,1986,0,0,0,0,0,0,0,0,0,0
220838,2,1,1986,11,11,11,11,11,11,11,11,11,11
220838,3,1,1986,8,0,12,0,0,0,0,0,0,0
220839,1,1,1986,0,0,0,0,14,0,5,21,0,14
220839,2,1,1986,11,0,9,0,0,0,0,0,0,0
230001,1,1,1986,0,0,0,0,0,0,0,0,0,0
230001,2,1,1986,0,0,0,0,0,0,0,0,0,0
230002,1,1,1986,6,6,6,6,6,6,6,6,6,6
230003,1,1,1986,0,0,0,0,0,0,0,0,0,0
230003,2,1,1986,0,0,0,0,0,0,0,0,0,0
230004,1,1,1986,0,0,0,0,0,0,0,0,0,0
230004,2,1,1986,12,12,12,12,12,12,12,12,12,12
230005,0,1,1986,17,17,17,17,17,17,17,17,17,17
230005,1,1,1986,9,0,0,0,0,0,0,0,18,0
230006,0,1,1986,0,0,0,0,0,0,0,0,0,0
230006,1,1,1986,0,0,0,0,0,0,0,0,0,0
230007,0,1,1986,17,17,17,17,17,17,17,17,17,17
230007,1,1,1986,0,0,0,0,0,0,0,0,0,0
230008,1,1,1986,0,0,0,0,0,0,0,0,0,0
230008,2,1,1986,0,0,0,0,0,0,0,0,0,0
230009,1,1,1986,0,0,0,0,0,0,0,0,0,0
230009,2,1,1986,0,0,0,0,0,0,0,0,0,0
230010,1,1,1986,18,18,18,18,18,18,18,18,18,18
230011,1,1,1986,25,25,25,25,25,25,25,25,25,25
230011,2,1,1986,0,0,0,0,0,0,0,0,0,0
230012,1,1,1986,0,0,0,0,0,0,0,0,0,0
230012,2,1,1986,1,1,1,1,1,1,1,1,1,1
230013,1,1,1986,0,0,0,0,0,0,0,0,0,0
230013,2,1,1986,23,23,23,23,23,23,23,23,23,23
230014,1,1,1986,0,0,0,18,0,13,0,0,0,0
230015,0,1,1986,0,0,0,0,0,0,0,0,0,0
230015,1,1,1986,0,0,0,0,0,0,0,0,0,0
230016,0,1,1986,0,0,0,0,0,0,0,0,0,0
230016,2,1,1986,1,1,1,1,1,1,1,1,1,1
230017,1,1,1986,0,0,0,0,0,0,0,0,0,0
230018,1,1,1986,0,0,0,0,0,0,0,0,0,0
230019,1,1,1986,22,22,22,22,22,22,22,22,22,22
230020,1,1,1986,0,0,0,0,0,0,0,0,0,0
230021,0,1,1986,0,0,0,0,0,0,0,0,0,0
230021,1,1,1986,0,0,0,0,0,0,0,0,0,2
230022,1,1,1986,0,0,0,0,0,0,0,0,6,0
230022,2,1,1986,0,0,0,0,0,0,0,0,4,0
230022,3,1,1986,0,0,0,0,6,0,0,0,0,0
230023,1,1,1986,0,11,0,0,0,13,0,0,0,15
230024,1,1,1986,24,0,0,0,0,8,0,0,0,0
230025,1,1,1986,0,0,0,0,0,0,0,0,0,0
230025,2,1,1986,0,0,0,0,0,14,0,0,0,0
230026,1,1,1986,22,22,22,22,22,22,22,22,22,22
230026,2,1,1986,12,12,12,12,12,12,12,12,12,12
230027,1,1,1986,1,1,1,1,1,1,1,1,1,1
230027,2,2,1986,0,0,0,0,0,0,0,0,0,0
230028,1,1,1986,0,0,0,0,0,0,0,0,0,0
230029,1,1,1986,0,0,0,16,0,0,0,0,0,0
230029,2,1,1986,0,0,0,0,0,0,0,0,0,0
230030,0,1,1986,0,0,0,0,0,0,0,0,0,0
230030,1,1,1986,0,0,0,0,0,0,0,0,0,0
230031,1,1,1986,11,11,11,11,11,11,11,11,11,11
230032,1,1,1986,17,17,17,17,17,17,17,17,17,17
230032,2,1,1986,0,0,0,0,0,0,0,0,0,0
230033,1,1,1986,0,0,0,0,0,0,0,0,0,0
230034,1,1,1986,13,13,13,13,13,13,13,13,13,13
230035,1,1,1986,18,18,18,18,18,18,18,18,18,18
230036,1,1,1986,22,0,0,0,0,0,3,0,0,0
230037,1,1,1986,26,26,26,26,26,26,26,26,26,26
230038,1,1,1986,0,29,12,20,14,35,17,1,44,0
230039,1,1,1986,0,0,0,0,0,0,0,0,0,0
230039,2,1,1986,0,0,0,0,0,0,0,0,0,0
230040,1,1,1986,11,11,11,11,11,11,11,11,11,11
230041,1,1,1986,27,27,27,27,27,27,27,27,27,27
230042,1,1,1986,0,0,0,0,0,0,0,0,0,0
230042,2,1,1986,6,6,6,6,6,6,6,6,6,6
230043,1,1,1986,0,0,0,0,0,0,0,0,0,0
230043,2,1,1986,0,0,0,0,0,0,0,0,0,0
230044,1,1,1986,0,0,0,0,0,0,0,0,0,0
230044,2,1,1986,7,7,7,7,7,7,7,7,7,7
230045,1,1,1986,0,0,0,0,0,0,0,0,0,0
230046,1,1,1986,22,22,22,22,22,22,22,22,22,22
230047,1,1,1986,0,0,0,0,0,0,0,0,0,0
230047,2,1,1986,0,0,16,0,0,0,0,7,0,0
230048,1,1,1986,0,4,0,0,0,0,0,0,0,0
230048,2,1,1986,0,0,0,0,0,0,0,0,0,0
230049,1,1,1986,24,24,24,24,24,24,24,24,24,24
230050,1,1,1986,0,0,0,0,0,0,0,0,0,0
230050,2,1,1986,0,0,0,0,0,0,0,0,0,0
230050,3,1,1986,0,0,0,0,0,0,0,0,0,0
230051,1,1,1986,9,9,9,9,9,9,9,9,9,9
230052,1,1,1986,12,12,12,12,12,12,12,12,12,12
230053,1,1,1986,19,19,19,19,19,19,19,19,19,19
230054,1,1,1986,2,2,2,2,2,2,2,2,2,2
230054,2,1,1986,16,16,16,16,16,16,16,16,16,16
230055,1,1,1986,0,0,0,0,0,0,0,0,0,0
230055,2,1,1986,0,0,0,0,0,0,0,0,0,0
230056,1,1,1986,0,0,0,0,0,0,0,0,0,0
230056,2,1,1986,5,5,5,5,5,5,5,5,5,5
230057,1,1,1986,0,0,0,0,0,0,0,0,0,0
230058,1,1,1986,0,0,0,0,0,0,0,0,0,0
230058,2,1,1986,0,0,18,0,0,0,0,0,0,0
230059,1,1,1986,0,0,0,0,0,0,0,0,0,0
230060,1,1,1986,14,14,14,14,14,14,14,14,14,14
230061,1,1,1986,22,22,22,22,22,22,22,22,22,22
230062,1,1,1986,23,23,23,23,23,23,23,23,23,23
230063,1,1,1986,3,3,3,3,3,3,3,3,3,3
230064,1,1,1986,0,0,0,0,0,0,0,0,0,0
230065,1,1,1986,35,35,35,35,35,35,35,35,35,35