ST_CASE,VEH_NO,PER_NO,YEAR,P1,P2,P3,P4,P5,P6,P7,P8,P9,P10
230066,1,1,1986,0,0,0,0,0,0,0,0,0,0
230066,2,1,1986,19,19,19,19,19,19,19,19,19,19
230067,1,1,1986,23,23,23,23,23,23,23,23,23,23
230068,1,1,1986,0,0,0,0,0,0,0,0,0,0
230068,2,1,1986,0,0,0,0,0,0,0,0,0,0
230069,1,1,1986,24,24,24,24,24,24,24,24,24,24
230070,1,1,1986,23,23,23,23,23,23,23,23,23,23
230071,1,1,1986,21,21,21,21,21,21,21,21,21,21
230072,1,1,1986,29,29,29,29,29,29,29,29,29,29
230072,2,1,1986,0,0,0,0,0,0,0,0,0,0
230073,1,1,1986,0,0,0,0,0,0,0,0,0,0
230074,0,1,1986,7,7,7,7,7,7,7,7,7,7
230074,1,1,1986,13,11,18,15,5,9,0,15,8,12
230075,1,1,1986,4,4,4,4,4,4,4,4,4,4
230076,0,1,1986,0,0,0,0,0,0,0,0,0,0
230076,1,1,1986,0,0,0,0,0,0,0,14,0,0
230077,1,1,1986,0,0,0,0,0,0,0,0,0,0
230078,1,1,1986,25,25,25,25,25,25,25,25,25,25
230079,1,1,1986,22,22,22,22,22,22,22,22,22,22
230080,1,1,1986,12,7,11,17,13,15,17,6,14,29
230081,1,1,1986,0,0,0,0,0,0,0,9,0,0
230081,2,1,1986,0,0,0,0,0,0,0,0,0,0
230082,1,1,1986,0,0,0,0,0,0,0,0,0,0
230082,2,1,1986,0,0,0,0,0,0,0,0,0,0
230083,1,1,1986,0,0,0,0,0,0,0,0,0,0
230083,2,1,1986,0,0,0,0,0,0,0,0,0,0
230084,1,1,1986,0,0,0,0,0,0,0,0,7,0
230084,2,1,1986,11,11,11,11,11,11,11,11,11,11
230084,3,1,1986,10,10,10,10,10,10,10,10,10,10
230085,1,1,1986,0,0,0,0,0,0,0,0,0,0
230087,1,1,1986,19,13,33,24,9,21,24,8,12,17
230088,1,1,1986,13,13,13,13,13,13,13,13,13,13
230088,2,1,1986,1,1,1,1,1,1,1,1,1,1
230089,1,1,1986,9,9,9,9,9,9,9,9,9,9
230091,0,1,1986,0,0,0,0,0,0,0,0,0,0
230091,1,1,1986,0,0,0,0,0,0,0,0,0,0
230092,1,1,1986,0,0,0,0,0,0,0,0,0,0
230092,2,1,1986,0,0,0,0,0,0,0,0,0,0
230093,1,1,1986,0,0,0,0,0,0,0,0,0,0
230094,0,1,1986,0,0,0,0,0,0,0,0,0,0
230094,1,1,1986,0,0,0,0,0,0,0,0,0,0
230095,1,1,1986,1,1,1,1,1,1,1,1,1,1
230096,1,1,1986,0,0,21,0,0,10,5,0,0,0
230096,2,1,1986,7,10,6,0,0,0,22,0,0,9
230097,1,1,1986,27,27,27,27,27,27,27,27,27,27
230098,1,1,1986,0,0,0,0,0,0,0,0,0,0
230099,1,1,1986,0,0,0,0,0,0,0,0,0,0
230099,2,1,1986,27,27,27,27,27,27,27,27,27,27
230100,1,1,1986,0,0,0,0,0,0,0,0,0,0
230100,2,1,1986,0,0,0,0,0,0,0,0,0,0
230101,1,1,1986,0,0,0,0,0,0,0,0,0,0
230101,2,1,1986,0,0,0,0,0,0,0,0,0,0
230102,1,1,1986,0,0,0,0,0,0,0,0,0,0
230102,2,1,1986,0,0,0,0,0,0,0,0,0,0
230103,1,1,1986,0,0,0,0,0,0,0,0,0,0
230104,1,1,1986,1,1,1,1,1,1,1,1,1,1
230104,2,1,1986,0,0,0,0,0,0,0,0,0,0
230104,3,1,1986,0,0,0,0,0,0,0,0,0,0
230105,1,1,1986,26,26,26,26,26,26,26,26,26,26
230106,1,1,1986,16,16,16,16,16,16,16,16,16,16
230107,1,1,1986,14,14,14,14,14,14,14,14,14,14
230108,1,1,1986,0,0,0,0,0,0,0,0,0,0
230108,2,1,1986,0,0,0,0,0,0,0,0,0,0
230109,1,1,1986,5,5,5,5,5,5,5,5,5,5
230109,2,1,1986,0,0,0,0,7,0,0,0,0,0
230110,1,1,1986,0,0,0,0,0,0,0,0,0,0
230110,2,1,1986,0,0,0,0,0,0,0,0,0,0
230110,3,1,1986,0,0,0,0,0,0,0,0,0,0
230111,1,1,1986,16,16,16,16,16,16,16,16,16,16
230112,1,1,1986,9,9,9,9,9,9,9,9,9,9
230113,1,1,1986,15,15,15,15,15,15,15,15,15,15
230114,1,1,1986,0,0,0,0,0,0,0,0,0,0
230114,2,1,1986,10,10,10,10,10,10,10,10,10,10
230115,1,1,1986,0,0,0,0,0,0,0,0,0,0
230115,2,1,1986,0,0,0,0,0,0,0,0,0,0
230116,1,1,1986,0,0,0,0,0,0,0,0,0,0
230116,2,1,1986,0,0,0,0,0,0,0,0,0,0
230116,3,1,1986,0,0,0,0,0,9,0,0,0,0
230117,1,1,1986,15,15,15,15,15,15,15,15,15,15
230118,1,1,1986,20,0,0,0,0,0,0,0,0,0
230118,2,1,1986,15,15,15,15,15,15,15,15,15,15
230119,1,1,1986,23,23,23,23,23,23,23,23,23,23
230120,1,1,1986,8,8,8,8,8,8,8,8,8,8
230121,1,1,1986,0,0,0,0,0,0,0,0,0,0
230122,0,1,1986,17,17,17,17,17,17,17,17,17,17
230122,1,1,1986,0,0,0,0,0,0,0,0,0,0
230123,1,1,1986,0,0,0,0,0,0,0,0,0,0
230124,1,1,1986,16,16,16,16,16,16,16,16,16,16
230125,1,1,1986,0,0,0,0,0,0,0,0,0,0
230125,2,1,1986,0,0,0,0,0,0,0,0,0,0
230126,1,1,1986,8,8,8,8,8,8,8,8,8,8
230127,1,1,1986,0,0,0,0,0,0,0,0,0,0
230128,0,1,1986,22,22,22,22,22,22,22,22,22,22
230128,1,1,1986,13,13,13,13,13,13,13,13,13,13
230129,1,1,1986,0,0,0,0,0,0,0,0,0,0
230129,2,1,1986,0,0,0,0,0,0,0,0,0,0
230130,1,1,1986,0,0,0,0,0,0,0,0,0,0
230130,2,1,1986,0,0,0,0,0,0,0,0,0,0
230131,1,1,1986,0,0,0,0,0,0,0,0,0,0
230132,1,1,1986,0,0,0,0,0,0,0,0,0,0
230133,1,1,1986,8,0,0,0,0,0,0,0,0,0
230133,2,1,1986,0,0,0,0,0,0,0,0,0,0
230134,1,1,1986,11,11,11,11,11,11,11,11,11,11
230135,1,1,1986,19,19,19,19,19,19,19,19,19,19
230135,2,1,1986,0,0,0,22,0,0,0,0,0,0
230136,1,1,1986,30,30,30,30,30,30,30,30,30,30
230137,1,1,1986,0,0,0,0,0,0,0,0,0,0
230138,1,1,1986,0,0,0,0,0,0,0,0,0,0
230138,2,1,1986,0,0,0,0,0,12,0,0,0,0
230139,1,1,1986,1,1,1,1,1,1,1,1,1,1
230140,1,1,1986,15,15,15,15,15,15,15,15,15,15
230141,1,1,1986,15,15,15,15,15,15,15,15,15,15
230142,1,1,1986,12,12,12,12,12,12,12,12,12,12
230143,1,1,1986,0,0,0,0,0,0,0,0,0,0
230144,1,1,1986,0,0,0,0,0,0,0,0,0,0
230144,2,1,1986,0,0,0,0,0,0,0,0,0,0
230145,0,1,1986,0,0,0,0,0,0,0,0,0,0
230145,1,1,1986,0,0,0,0,0,13,0,7,0,0
230146,1,1,1986,23,23,23,23,23,23,23,23,23,23
230147,1,1,1986,0,0,0,0,0,0,0,0,0,0
230147,2,1,1986,0,0,0,0,0,0,0,0,0,0
230148,1,1,1986,0,0,0,0,0,0,0,0,0,0
230148,2,1,1986,0,0,0,0,0,0,0,0,0,0
230149,0,1,1986,11,11,11,11,11,11,11,11,11,11
230149,1,1,1986,9,9,9,9,9,9,9,9,9,9
230150,1,1,1986,0,0,0,0,0,0,0,0,0,0
230150,2,1,1986,0,0,0,0,0,0,0,0,0,0
230151,1,1,1986,1,1,1,1,1,1,1,1,1,1
230151,2,1,1986,0,0,0,0,0,0,0,0,0,0
230152,1,1,1986,0,0,0,0,0,0,0,0,0,0
230153,1,1,1986,0,0,0,0,0,0,0,0,0,0
230153,2,1,1986,0,0,0,0,0,0,0,0,0,0
230154,1,1,1986,0,0,0,0,0,0,0,0,0,0
230154,2,1,1986,0,0,0,0,0,0,0,0,0,0
230155,0,1,1986,0,0,0,0,0,0,0,0,0,0
230155,1,1,1986,0,0,0,0,0,0,0,0,0,0
230156,1,1,1986,9,9,9,9,9,9,9,9,9,9
230157,1,1,1986,21,21,21,21,21,21,21,21,21,21
230157,2,1,1986,0,0,0,0,0,0,0,0,0,0
230158,1,1,1986,11,17,14,23,17,20,14,16,20,13
230159,1,1,1986,31,31,31,31,31,31,31,31,31,31
230160,1,1,1986,0,0,0,0,0,0,0,0,0,0
230160,2,1,1986,0,0,0,0,0,0,0,0,0,0
230161,1,1,1986,0,0,0,0,0,0,0,0,0,0
230162,1,1,1986,0,0,0,0,0,0,0,0,0,0
230163,1,1,1986,17,17,17,17,17,17,17,17,17,17
230164,1,1,1986,0,0,0,0,0,0,0,0,0,0
230164,2,1,1986,0,0,0,0,0,0,0,0,0,0
230165,1,1,1986,10,8,23,18,18,13,15,28,13,20
230165,2,1,1986,0,0,0,0,0,0,0,0,0,0
230166,1,1,1986,0,0,0,0,0,0,0,0,0,0
230166,2,1,1986,0,0,0,0,0,0,27,0,19,0
230167,1,1,1986,0,0,0,0,0,10,0,0,0,0
230167,2,1,1986,0,0,0,0,9,0,0,0,0,0
230168,1,1,1986,27,27,27,27,27,27,27,27,27,27
230169,1,1,1986,15,15,15,15,15,15,15,15,15,15
230169,2,1,1986,0,0,0,0,0,0,0,0,0,0
230170,1,1,1986,17,17,17,17,17,17,17,17,17,17
230171,0,1,1986,0,0,0,0,0,0,0,0,0,0
230171,1,1,1986,0,0,0,0,0,0,0,0,0,0
230172,1,1,1986,7,3,10,0,0,0,0,0,0,0
230173,1,1,1986,0,0,0,0,0,0,0,0,0,13
230174,1,1,1986,0,0,0,0,0,0,0,0,0,0
230174,2,1,1986,0,0,0,0,0,0,0,0,0,0
230175,1,1,1986,0,0,0,12,0,0,0,0,0,0
230176,1,1,1986,0,0,0,16,0,0,17,0,0,11
230177,1,1,1986,0,0,0,0,0,0,0,0,0,0
230177,2,1,1986,0,0,0,0,0,0,0,0,0,0
230178,1,1,1986,16,16,16,16,16,16,16,16,16,16
230179,1,1,1986,22,22,22,22,22,22,22,22,22,22
230179,2,1,1986,0,18,0,0,0,0,0,0,0,0
230179,3,1,1986,10,17,25,13,14,4,9,26,9,18
230181,1,1,1986,8,8,8,8,8,8,8,8,8,8
230181,2,1,1986,0,0,0,0,0,0,0,0,0,0
230182,1,1,1986,0,0,0,0,0,0,0,0,0,0
230182,2,1,1986,0,0,0,0,0,0,0,0,0,0
230183,1,1,1986,12,20,0,0,0,0,24,0,0,0
230184,1,1,1986,0,0,0,0,0,0,0,0,0,0
230184,2,1,1986,0,0,0,0,0,0,0,0,0,0
230185,1,1,1986,0,0,0,0,0,0,0,0,0,0
230186,1,1,1986,0,0,0,0,0,0,0,0,0,0
230187,1,1,1986,11,11,11,11,11,11,11,11,11,11
230188,0,1,1986,0,0,0,0,0,0,0,0,0,0
230188,1,1,1986,0,0,0,0,0,0,0,0,0,0
230189,1,1,1986,0,0,0,0,0,0,0,0,0,0
230189,2,1,1986,0,0,0,0,0,0,0,0,0,0
230190,1,1,1986,0,0,0,0,0,0,0,0,0,0
230191,1,1,1986,0,0,0,0,0,0,0,0,0,0
230191,2,1,1986,0,0,0,0,0,0,0,0,0,0
230192,1,1,1986,0,0,0,0,0,0,0,0,0,0
230193,1,1,1986,7,7,7,7,7,7,7,7,7,7
230194,1,1,1986,0,11,0,19,0,0,0,10,27,0
240001,1,1,1986,18,18,18,18,18,18,18,18,18,18
240002,1,1,1986,14,20,9,5,30,10,16,14,16,0
240003,1,1,1986,12,24,19,5,16,11,16,10,10,18
240004,1,1,1986,17,0,14,0,0,22,0,0,0,0
240004,2,1,1986,0,0,0,0,0,0,0,0,0,0
240005,1,1,1986,29,29,29,29,29,29,29,29,29,29
240006,1,1,1986,13,13,13,13,13,13,13,13,13,13
240006,2,1,1986,11,11,11,11,11,11,11,11,11,11
240007,0,1,1986,0,0,0,0,0,0,0,0,0,0
240007,1,1,1986,6,0,0,0,0,0,0,0,0,0
240009,1,1,1986,0,0,0,0,0,0,0,0,0,0
240009,2,1,1986,0,0,0,0,0,0,0,0,0,0
240010,1,1,1986,0,0,11,0,0,5,0,0,0,0
240010,2,1,1986,0,0,0,0,0,0,0,0,0,0
240011,1,1,1986,5,5,5,5,5,5,5,5,5,5
240012,1,1,1986,8,8,8,8,8,8,8,8,8,8
240012,2,1,1986,0,0,0,0,0,0,0,0,0,0
240013,1,1,1986,19,19,19,19,19,19,19,19,19,19
240014,1,1,1986,0,0,0,0,0,0,0,0,0,0
240014,2,1,1986,0,0,0,0,0,0,0,0,0,0
240015,1,1,1986,0,0,0,0,0,0,0,0,0,0
240015,2,1,1986,0,0,0,0,0,0,0,0,0,0
240016,1,1,1986,18,18,18,18,18,18,18,18,18,18
240017,1,1,1986,0,0,0,0,0,0,0,0,0,0
240018,1,1,1986,0,0,0,0,0,0,0,0,0,0
240018,2,1,1986,0,0,0,0,0,0,0,0,0,0
240019,1,1,1986,0,0,0,0,0,0,0,0,0,0
240019,2,1,1986,0,0,0,0,0,0,0,0,0,0
240020,1,1,1986,14,14,14,14,14,14,14,14,14,14
240020,2,1,1986,0,5,0,4,0,0,0,0,0,0
240021,0,1,1986,0,0,0,0,0,0,0,0,0,0
240021,1,1,1986,0,0,0,0,0,7,0,0,15,0
240022,1,1,1986,15,15,15,15,15,15,15,15,15,15
240023,1,1,1986,10,0,0,0,0,4,0,0,0,0
240023,2,1,1986,0,0,0,0,0,0,0,0,0,0
240024,1,1,1986,0,0,0,0,0,0,0,0,0,0
240025,1,1,1986,0,0,0,0,0,0,0,0,0,0
240025,2,1,1986,0,0,0,0,0,0,0,0,0,0
240026,1,1,1986,11,11,11,11,11,11,11,11,11,11
240027,1,1,1986,0,0,0,0,7,0,0,3,3,0
240028,1,1,1986,0,0,9,0,0,0,4,0,0,29
240029,1,1,1986,0,0,0,0,0,0,0,0,0,0
240029,2,1,1986,0,0,0,0,0,0,0,0,0,0
240030,1,1,1986,28,28,28,28,28,28,28,28,28,28
240031,1,1,1986,20,20,20,20,20,20,20,20,20,20
240032,1,1,1986,0,0,0,0,0,0,0,0,0,0
240032,2,1,1986,0,0,0,0,0,0,0,0,0,0
240033,1,1,1986,0,0,0,0,0,0,0,0,0,0
240035,1,1,1986,0,0,0,0,0,0,0,0,0,0
240035,2,1,1986,0,0,0,7,0,0,0,0,0,0
240036,1,1,1986,0,0,0,0,0,0,0,0,0,0
240036,2,1,1986,0,0,0,0,0,0,0,0,0,0
240037,1,1,1986,0,0,0,0,0,0,0,0,0,0
240037,2,1,1986,0,0,0,0,0,0,0,0,0,0
240037,3,1,1986,0,0,0,0,0,0,0,0,0,0
240038,0,1,1986,20,20,20,20,20,20,20,20,20,20
240038,1,1,1986,0,0,0,0,0,0,0,0,0,0
240039,1,1,1986,26,31,22,0,0,20,6,22,14,13
240040,1,1,1986,18,0,0,7,6,21,19,11,0,0
240042,0,1,1986,40,0,0,0,0,27,0,15,0,0
240042,1,1,1986,0,0,0,0,0,0,0,0,0,0
240043,1,1,1986,17,17,17,17,17,17,17,17,17,17
240044,0,1,1986,3,3,3,3,3,3,3,3,3,3
240044,1,1,1986,0,0,0,0,0,0,0,0,0,0
240045,1,1,1986,0,0,0,0,0,0,0,0,0,0
240045,2,1,1986,24,0,0,0,0,0,0,0,0,0
240046,0,1,1986,0,0,0,0,0,0,0,0,0,0
240046,1,1,1986,0,0,0,0,0,0,0,0,0,0
240047,0,1,1986,0,0,0,0,0,0,0,0,0,0
240047,1,1,1986,0,0,0,0,9,0,0,0,0,0
240048,1,1,1986,0,0,0,0,0,0,0,0,0,0
240048,2,1,1986,0,0,0,0,0,0,0,0,0,0
240049,1,1,1986,0,0,0,0,0,0,0,0,0,0
240050,1,1,1986,0,0,0,0,0,0,0,0,0,0
240050,2,1,1986,0,0,0,0,0,0,0,0,0,0
240051,1,1,1986,0,0,0,0,0,0,0,0,0,0
240051,2,1,1986,0,0,0,0,0,0,0,0,0,0
240052,1,1,1986,0,0,0,0,0,0,0,11,10,0
240052,2,1,1986,0,0,0,0,0,0,0,0,0,0
240053,1,1,1986,12,12,12,12,12,12,12,12,12,12
240054,1,1,1986,13,12,11,0,27,14,13,11,18,25
240055,0,1,1986,0,0,0,0,0,0,0,0,0,0
240055,1,1,1986,0,0,6,17,19,0,0,13,24,0
240056,1,1,1986,0,0,0,0,0,0,0,0,0,0
240056,2,1,1986,0,0,0,0,0,2,0,0,0,0
240057,1,1,1986,0,0,0,0,0,0,21,0,0,9
240059,1,1,1986,0,0,0,0,0,0,17,0,0,0
240059,2,1,1986,0,0,0,0,0,0,0,0,12,0
240060,1,1,1986,0,0,0,0,0,0,0,0,0,0
240060,2,1,1986,0,0,0,0,3,0,0,0,0,0
240061,1,1,1986,0,0,0,0,0,0,0,8,0,0
240061,2,1,1986,0,0,0,0,0,0,0,0,0,0
240062,1,1,1986,0,0,0,0,0,0,0,21,0,0
240062,2,1,1986,0,0,15,0,0,0,0,0,0,0
240063,1,1,1986,13,13,13,13,13,13,13,13,13,13
240064,0,1,1986,32,32,32,32,32,32,32,32,32,32
240064,1,1,1986,0,0,0,0,0,0,0,0,0,0
240065,1,1,1986,15,15,15,15,15,15,15,15,15,15
240066,1,1,1986,0,0,0,0,0,0,0,0,0,0
240067,1,1,1986,0,0,0,0,19,0,0,0,0,0
240067,2,1,1986,0,0,0,0,0,0,0,0,0,0
240068,1,1,1986,30,30,30,30,30,30,30,30,30,30
240069,1,1,1986,28,28,28,28,28,28,28,28,28,28
240069,2,1,1986,0,0,0,0,0,0,0,0,0,0
240070,1,1,1986,0,0,0,0,0,0,0,0,0,0
240070,2,1,1986,0,0,0,0,0,0,0,0,0,0
240070,3,1,1986,0,0,0,0,0,0,0,0,0,0
240071,1,1,1986,0,0,0,0,0,0,0,0,0,0
240071,2,1,1986,0,0,0,0,0,0,0,0,0,0
240072,1,1,1986,22,23,29,27,6,14,26,12,18,13
240072,2,1,1986,0,0,0,0,2,0,0,18,34,0
240073,0,1,1986,0,0,0,0,0,0,0,0,0,0
240073,1,1,1986,0,0,0,0,0,0,0,0,0,0
240074,0,1,1986,0,0,0,0,0,0,0,0,0,0
240074,0,2,1986,0,14,17,16,0,14,6,0,0,0
240074,1,1,1986,22,22,22,22,22,22,22,22,22,22
240075,1,1,1986,0,0,0,0,0,0,0,0,0,0
240075,2,1,1986,0,0,0,0,8,0,0,0,0,0
240076,1,1,1986,22,22,22,22,22,22,22,22,22,22
240077,0,1,1986,0,0,0,0,0,0,0,0,0,0
240077,1,1,1986,0,0,0,0,0,0,0,8,0,0
240078,1,1,1986,13,13,13,13,13,13,13,13,13,13
240079,0,1,1986,5,5,5,5,5,5,5,5,5,5
240079,1,1,1986,0,0,0,0,0,0,0,0,0,0
240080,0,1,1986,17,17,17,17,17,17,17,17,17,17
240080,1,1,1986,0,0,0,0,0,0,0,0,0,0
240081,0,1,1986,0,0,0,0,0,0,0,0,0,0
240081,0,2,1986,0,0,0,0,0,0,0,0,0,0
240081,1,1,1986,0,0,0,0,0,0,0,0,0,0
240082,0,1,1986,0,16,0,0,0,13,0,0,5,0
240082,1,1,1986,0,0,0,0,0,0,0,0,0,0
240084,0,1,1986,0,0,0,0,0,0,0,0,0,0
240084,1,1,1986,0,0,6,0,0,0,0,0,0,0
240085,1,1,1986,17,17,17,17,17,17,17,17,17,17
240085,2,1,1986,0,9,0,0,0,0,0,0,0,0
240086,1,1,1986,34,13,8,23,0,15,21,25,14,0
240087,1,1,1986,5,5,5,5,5,5,5,5,5,5
240088,1,1,1986,17,17,17,17,17,17,17,17,17,17
240089,1,1,1986,17,17,17,17,17,17,17,17,17,17
240090,1,1,1986,8,15,10,3,14,0,18,14,29,11
240091,1,1,1986,0,0,0,0,0,0,0,0,0,0
240092,1,1,1986,17,17,17,17,17,17,17,17,17,17
240092,2,1,1986,0,0,0,10,0,0,0,0,0,25
240093,0,1,1986,0,0,0,0,0,0,9,0,0,0
240093,1,1,1986,0,0,0,0,7,0,0,0,0,0
240094,1,1,1986,11,14,27,44,28,17,0,0,20,9
240094,2,1,1986,0,0,0,0,0,0,0,0,2,0
240095,1,1,1986,0,0,0,0,0,0,0,0,0,0
240095,2,1,1986,0,0,0,0,0,0,0,0,0,0
240096,0,1,1986,5,5,5,5,5,5,5,5,5,5
240096,1,1,1986,0,0,0,0,0,0,12,0,0,0
240097,1,1,1986,20,20,20,20,20,20,20,20,20,20
240098,1,1,1986,0,0,0,0,0,0,0,0,0,0
240098,2,1,1986,0,0,0,0,0,0,0,0,0,0
240099,1,1,1986,0,0,0,0,0,0,0,0,0,0
240099,2,1,1986,0,0,0,0,0,0,0,0,0,0
240100,1,1,1986,22,0,0,9,0,15,16,10,20,0
240101,1,1,1986,18,18,18,18,18,18,18,18,18,18
240102,1,1,1986,10,10,10,10,10,10,10,10,10,10
240103,1,1,1986,21,21,21,21,21,21,21,21,21,21
240105,1,1,1986,0,0,0,0,0,0,0,0,0,0
240105,2,1,1986,0,0,0,0,0,0,0,0,0,0
240106,0,1,1986,0,0,0,0,0,8,0,0,0,0
240106,1,1,1986,0,0,0,0,0,0,0,0,0,0
240107,1,1,1986,0,0,0,0,0,0,0,0,0,0
240107,2,1,1986,0,0,0,0,0,0,0,0,0,0
240108,1,1,1986,0,0,0,0,0,0,0,0,0,0
240108,2,1,1986,0,0,7,0,0,0,3,0,0,0
240109,1,1,1986,28,28,28,28,28,28,28,28,28,28
240110,1,1,1986,0,0,0,0,0,0,0,0,0,0
240110,2,1,1986,0,0,0,0,0,0,0,0,0,0
240111,1,1,1986,0,0,0,0,0,14,0,25,16,0
240112,1,1,1986,16,0,0,0,0,0,0,0,13,0
240112,2,1,1986,0,0,0,0,0,0,0,0,0,0
240113,1,1,1986,0,0,0,0,0,9,0,0,0,0
240113,2,1,1986,25,25,25,25,25,25,25,25,25,25
240114,1,1,1986,15,15,15,15,15,15,15,15,15,15
240114,2,1,1986,0,0,0,0,0,0,0,0,0,0
240115,1,1,1986,0,0,0,0,0,0,0,0,0,0
240115,2,1,1986,17,13,5,16,19,8,0,16,16,10
240116,1,1,1986,0,0,0,0,0,0,0,0,0,0
240116,2,1,1986,0,0,0,0,0,0,0,0,0,0
240117,0,1,1986,31,22,24,12,16,33,18,22,0,10
240117,1,1,1986,17,17,17,17,17,17,17,17,17,17
240118,1,1,1986,0,0,0,0,0,0,0,0,0,0
240119,1,1,1986,6,6,6,6,6,6,6,6,6,6
240120,1,1,1986,0,0,0,0,0,0,0,0,0,0
240120,2,1,1986,0,0,0,0,0,14,0,0,0,0
240121,1,1,1986,0,0,0,0,0,0,0,0,0,0
240121,2,1,1986,0,0,0,0,0,0,0,0,0,0
240122,1,1,1986,11,0,0,0,0,14,0,0,0,0
240123,1,1,1986,0,0,0,0,0,0,0,0,0,0
240123,2,1,1986,0,0,0,0,0,0,0,0,0,0
240124,1,1,1986,19,19,19,19,19,19,19,19,19,19
240125,0,1,1986,10,10,10,10,10,10,10,10,10,10
240125,1,1,1986,13,24,28,6,18,0,11,0,24,0
240126,1,1,1986,12,12,12,12,12,12,12,12,12,12
240127,1,1,1986,13,30,7,10,15,0,29,11,17,13
240127,2,1,1986,0,0,0,0,0,0,0,0,0,0
240128,1,1,1986,0,0,0,0,0,0,0,0,0,0
240128,2,1,1986,0,0,0,0,0,0,0,0,0,0
240129,0,1,1986,0,0,0,0,0,0,0,0,0,0
240129,1,1,1986,17,0,0,0,0,0,0,0,0,0
240130,1,1,1986,0,0,0,0,0,0,0,0,0,0
240130,2,1,1986,0,0,0,0,8,0,0,0,0,0
240130,3,1,1986,0,0,0,0,0,0,4,0,0,0
240131,1,1,1986,0,0,0,0,0,0,0,0,0,11
240131,2,1,1986,0,0,0,0,0,8,0,0,14,0
240131,3,1,1986,0,0,0,0,5,0,0,3,0,0
240131,4,1,1986,3,3,3,3,3,3,3,3,3,3
240132,1,1,1986,0,0,0,0,0,0,0,0,0,0
240133,1,1,1986,0,0,0,0,0,0,0,0,0,0
240133,2,1,1986,0,0,0,0,0,0,0,0,0,0
240134,0,1,1986,24,24,24,24,24,24,24,24,24,24
240134,1,1,1986,0,0,0,0,0,11,0,0,0,0
240135,0,1,1986,0,0,0,0,0,0,0,0,0,0
240135,1,1,1986,0,0,0,0,0,0,0,0,8,0
240136,1,1,1986,0,13,0,0,0,0,0,0,22,0
240137,0,1,1986,0,0,0,0,0,0,0,0,0,0
240137,1,1,1986,0,0,0,0,0,19,0,0,0,0
240138,0,1,1986,10,10,10,10,10,10,10,10,10,10
240138,1,1,1986,0,0,0,0,0,0,0,0,0,0
240139,1,1,1986,19,19,19,19,19,19,19,19,19,19
240140,1,1,1986,10,17,13,28,17,21,35,21,14,28
240141,0,1,1986,29,29,29,29,29,29,29,29,29,29
240141,1,1,1986,0,0,0,0,11,0,0,0,0,0
240142,1,1,1986,28,0,21,8,30,30,0,26,15,16
240143,0,1,1986,0,0,0,0,0,0,0,0,0,0
240143,1,1,1986,0,0,0,0,0,0,0,0,0,0
240144,1,1,1986,1,1,1,1,1,1,1,1,1,1
240144,2,1,1986,0,13,0,5,0,18,0,0,0,0
240145,0,1,1986,0,0,0,0,0,0,0,0,0,0
240145,1,1,1986,0,0,0,0,0,0,0,0,0,0
240146,1,1,1986,0,0,0,0,0,0,0,0,0,0
240146,2,1,1986,16,16,16,16,16,16,16,16,16,16
240147,0,1,1986,0,0,0,0,0,0,0,0,0,0
240147,1,1,1986,0,0,0,0,6,0,0,0,0,0
240148,1,1,1986,0,0,0,0,0,0,0,0,0,0
240149,1,1,1986,0,0,0,0,0,0,0,0,0,0
240149,2,1,1986,0,0,0,0,0,0,0,0,0,0
240150,1,1,1986,16,16,16,16,16,16,16,16,16,16
240151,1,1,1986,15,15,15,15,15,15,15,15,15,15
240152,1,1,1986,0,0,0,0,0,0,0,0,0,0
240152,2,1,1986,0,0,10,0,9,0,14,0,0,0
240153,1,1,1986,0,0,0,0,0,0,0,0,0,0
240153,2,1,1986,0,0,0,0,3,0,0,0,0,0
240154,1,1,1986,0,0,19,6,0,18,17,0,0,0
240155,1,1,1986,0,0,0,0,0,0,0,0,0,0
240155,2,1,1986,0,0,0,0,0,0,0,0,0,0
240156,1,1,1986,0,0,0,0,0,0,0,0,0,0
240157,1,1,1986,36,36,36,36,36,36,36,36,36,36
240159,1,1,1986,16,16,16,16,16,16,16,16,16,16
240159,2,1,1986,0,0,0,0,0,0,0,0,0,0
240160,1,1,1986,0,0,0,0,0,0,0,0,0,0
240161,1,1,1986,21,21,21,21,21,21,21,21,21,21
240162,1,1,1986,0,0,0,0,0,0,0,0,0,0
240162,2,1,1986,0,0,0,0,0,0,0,0,0,0
240163,1,1,1986,0,0,0,0,0,0,0,0,0,0
240164,1,1,1986,0,0,6,0,8,24,0,0,0,0
240165,0,1,1986,0,0,0,0,0,0,0,0,0,0
240165,1,1,1986,9,0,0,0,0,0,0,0,0,0
240166,1,1,1986,0,18,18,0,0,0,0,0,0,0
240166,2,1,1986,0,0,0,0,0,0,0,0,0,0
240167,1,1,1986,18,18,18,18,18,18,18,18,18,18
240168,1,1,1986,0,0,0,0,0,0,0,0,0,0
240168,2,1,1986,0,0,0,0,0,0,0,0,0,0
240169,1,1,1986,0,0,0,0,0,0,0,0,0,0
240169,2,1,1986,0,0,0,0,0,0,0,0,0,0
240170,1,1,1986,11,24,0,0,4,21,12,24,13,3
240171,1,1,1986,7,7,7,7,7,7,7,7,7,7