ST_CASE,VEH_NO,PER_NO,YEAR,P1,P2,P3,P4,P5,P6,P7,P8,P9,P10
240745,1,1,1986,0,0,0,0,0,0,0,0,0,0
240746,0,1,1986,0,0,0,0,0,0,0,21,0,4
240746,1,1,1986,0,0,0,0,0,0,0,0,0,0
240747,0,1,1986,0,0,0,0,0,0,0,0,0,0
240747,1,1,1986,0,0,0,0,0,0,0,0,0,6
240748,1,1,1986,33,39,0,11,15,20,17,12,9,29
250001,1,1,1986,0,0,0,0,0,0,0,0,0,0
250002,0,1,1986,0,0,0,0,0,0,0,0,0,0
250002,1,1,1986,0,0,0,0,0,0,10,0,0,0
250003,1,1,1986,0,0,0,0,0,0,0,0,0,0
250003,2,1,1986,0,0,0,0,0,0,0,0,0,0
250005,1,1,1986,0,0,0,0,0,0,0,0,0,0
250005,2,1,1986,7,30,0,0,0,0,0,0,0,0
250006,1,1,1986,0,0,0,0,0,0,0,0,0,0
250007,1,1,1986,0,0,0,0,0,0,0,0,0,0
250008,1,1,1986,0,20,0,0,0,0,0,0,0,0
250009,1,1,1986,0,0,0,0,0,0,0,0,0,0
250009,2,1,1986,15,15,15,15,15,15,15,15,15,15
250010,1,1,1986,22,22,22,22,22,22,22,22,22,22
250011,1,1,1986,9,9,9,9,9,9,9,9,9,9
250012,0,1,1986,40,40,40,40,40,40,40,40,40,40
250012,1,1,1986,0,0,0,0,0,0,0,0,0,0
250013,0,1,1986,0,0,0,0,0,0,0,0,0,0
250013,1,1,1986,14,3,11,0,0,0,5,0,0,0
250014,1,1,1986,10,10,10,10,10,10,10,10,10,10
250014,2,1,1986,22,0,0,0,14,0,0,0,0,0
250016,1,1,1986,24,24,24,24,24,24,24,24,24,24
250017,1,1,1986,9,9,9,9,9,9,9,9,9,9
250018,1,1,1986,15,15,15,15,15,15,15,15,15,15
250019,1,1,1986,2,2,2,2,2,2,2,2,2,2
250019,2,1,1986,16,16,16,16,16,16,16,16,16,16
250021,0,1,1986,0,0,0,0,0,0,0,0,0,0
250021,1,1,1986,0,0,0,0,0,0,0,0,0,0
250022,1,1,1986,0,0,0,0,0,0,0,0,0,0
250022,2,1,1986,0,0,0,0,0,0,0,0,0,0
250023,1,1,1986,21,21,21,21,21,21,21,21,21,21
250024,0,1,1986,0,0,0,0,0,0,0,0,0,0
250024,1,1,1986,0,0,0,0,0,0,0,0,0,8
250025,0,1,1986,12,12,12,12,12,12,12,12,12,12
250025,1,1,1986,8,0,15,0,0,0,19,21,0,11
250026,1,1,1986,0,0,0,0,0,0,0,0,0,0
250026,2,1,1986,0,0,0,0,0,0,0,0,0,0
250027,1,1,1986,20,20,20,20,20,20,20,20,20,20
250028,1,1,1986,0,0,0,0,0,0,0,0,0,0
250029,1,1,1986,17,17,17,17,17,17,17,17,17,17
250030,1,1,1986,15,15,15,15,15,15,15,15,15,15
250030,2,1,1986,0,0,0,0,0,0,0,0,0,8
250031,1,1,1986,0,0,0,0,0,0,0,0,0,0
250032,1,1,1986,0,0,0,0,0,0,0,0,0,0
250032,2,1,1986,0,0,8,0,0,0,15,0,21,0
250033,1,1,1986,18,18,18,18,18,18,18,18,18,18
250034,1,1,1986,0,0,0,0,0,0,0,0,0,0
250035,0,1,1986,0,0,0,0,0,0,0,0,0,0
250035,1,1,1986,0,0,0,0,0,12,9,11,0,0
250036,1,1,1986,0,0,0,0,0,0,0,0,0,0
250036,2,1,1986,0,0,0,0,0,0,0,0,0,0
250037,0,1,1986,0,0,13,0,0,0,0,0,2,0
250037,1,1,1986,0,10,0,0,31,0,0,9,13,0
250038,0,1,1986,0,0,0,0,0,0,0,0,0,0
250038,1,1,1986,0,0,0,0,0,0,0,0,0,0
250039,0,1,1986,0,0,0,0,0,0,0,0,0,0
250039,1,1,1986,0,0,0,0,0,0,0,0,0,0
250040,0,1,1986,0,0,0,0,0,0,0,0,0,0
250040,1,1,1986,0,0,0,9,0,0,0,0,0,0
250041,0,1,1986,0,0,0,0,0,0,0,0,0,0
250041,1,1,1986,0,0,0,0,0,0,0,0,0,0
250042,1,1,1986,0,0,0,0,0,6,0,0,0,0
250042,2,1,1986,0,0,0,0,0,0,0,0,0,0
250043,1,1,1986,24,19,0,0,14,0,0,0,0,0
250044,1,1,1986,7,7,7,7,7,7,7,7,7,7
250045,1,1,1986,21,21,21,21,21,21,21,21,21,21
250046,0,1,1986,14,14,14,14,14,14,14,14,14,14
250046,1,1,1986,14,9,0,23,16,5,19,26,5,26
250047,1,1,1986,22,22,22,22,22,22,22,22,22,22
250048,1,1,1986,23,23,23,23,23,23,23,23,23,23
250048,2,1,1986,23,23,23,23,23,23,23,23,23,23
250049,1,1,1986,1,1,1,1,1,1,1,1,1,1
250049,2,1,1986,0,0,0,0,0,0,0,0,0,0
250050,0,1,1986,0,0,0,0,0,0,0,0,0,0
250050,1,1,1986,0,0,0,0,0,0,0,3,0,9
250051,0,1,1986,0,0,0,0,0,0,0,0,0,0
250051,1,1,1986,0,0,0,0,0,0,0,0,0,0
250052,1,1,1986,0,0,0,0,0,0,0,0,0,0
250052,2,1,1986,19,19,19,19,19,19,19,19,19,19
250053,1,1,1986,20,20,20,20,20,20,20,20,20,20
250054,1,1,1986,0,0,0,0,0,0,0,0,0,0
250054,2,1,1986,0,0,0,0,0,0,0,16,0,0
250055,0,1,1986,15,15,15,15,15,15,15,15,15,15
250055,1,1,1986,0,0,0,0,0,11,0,7,0,0
250056,1,1,1986,10,10,10,10,10,10,10,10,10,10
250057,0,1,1986,0,0,0,0,0,0,0,0,0,0
250057,1,1,1986,0,0,0,0,0,0,0,0,0,0
250058,1,1,1986,3,3,3,3,3,3,3,3,3,3
250059,0,1,1986,19,19,19,19,19,19,19,19,19,19
250059,1,1,1986,0,0,0,0,0,0,0,0,0,0
250060,1,1,1986,0,0,0,0,0,0,0,0,0,0
250061,1,1,1986,19,19,19,19,19,19,19,19,19,19
250061,2,1,1986,0,0,0,0,0,0,0,0,0,0
250062,0,1,1986,16,16,16,16,16,16,16,16,16,16
250062,1,1,1986,0,0,0,0,0,0,5,0,0,0
250063,1,1,1986,26,7,11,8,38,17,9,28,13,18
250064,1,1,1986,9,9,9,9,9,9,9,9,9,9
250065,0,1,1986,0,0,0,0,0,0,0,0,0,0
250065,1,1,1986,0,0,0,0,14,0,12,0,0,0
250066,0,1,1986,23,23,23,23,23,23,23,23,23,23
250066,1,1,1986,14,11,0,0,0,0,0,0,0,0
250067,1,1,1986,0,0,0,0,0,0,0,0,0,0
250067,2,1,1986,0,0,0,0,0,0,12,0,0,0
250068,1,1,1986,0,0,0,0,0,0,0,0,0,0
250068,2,1,1986,0,0,0,0,0,0,0,0,0,0
250069,1,1,1986,11,11,11,11,11,11,11,11,11,11
250070,1,1,1986,8,8,8,8,8,8,8,8,8,8
250071,0,1,1986,10,10,10,10,10,10,10,10,10,10
250071,1,1,1986,30,5,11,9,25,9,18,13,13,9
250072,1,1,1986,2,2,2,2,2,2,2,2,2,2
250072,2,1,1986,7,0,0,0,0,0,0,0,12,11
250073,1,1,1986,8,8,8,8,8,8,8,8,8,8
250074,0,1,1986,0,0,0,0,0,0,0,0,0,0
250074,1,1,1986,0,0,4,0,0,0,20,4,0,43
250075,1,1,1986,0,0,0,0,0,7,12,0,0,0
250076,1,1,1986,0,19,10,0,11,21,6,0,21,0
250077,1,1,1986,0,0,0,0,0,0,0,0,0,0
250077,2,1,1986,0,0,0,0,0,0,0,0,0,0
250078,0,1,1986,0,0,0,0,0,0,0,0,0,0
250078,1,1,1986,0,20,19,0,0,0,0,16,13,0
250079,0,1,1986,0,0,0,0,0,0,0,0,0,0
250079,1,1,1986,0,0,0,7,0,0,0,0,0,0
250080,1,1,1986,5,5,5,5,5,5,5,5,5,5
250080,2,1,1986,0,6,0,0,0,0,0,0,0,0
250081,1,1,1986,15,12,13,9,6,18,22,11,18,14
250082,1,1,1986,10,10,10,10,10,10,10,10,10,10
250082,2,1,1986,0,0,0,0,0,0,0,0,0,0
250083,1,1,1986,0,0,0,0,0,0,0,0,0,0
250084,0,1,1986,4,4,4,4,4,4,4,4,4,4
250084,1,1,1986,0,5,0,13,27,15,9,26,17,16
250085,0,1,1986,17,17,17,17,17,17,17,17,17,17
250085,1,1,1986,23,37,17,4,0,0,0,23,6,0
250086,1,1,1986,0,0,0,0,0,0,0,0,0,0
250086,2,1,1986,0,0,0,0,0,0,0,0,0,0
250087,1,1,1986,0,0,0,0,0,0,0,0,0,0
250088,1,1,1986,0,22,15,34,4,0,15,13,0,36
250089,1,1,1986,18,18,18,18,18,18,18,18,18,18
250090,1,1,1986,12,20,17,8,15,24,5,15,7,20
250091,1,1,1986,19,19,19,19,19,19,19,19,19,19
250092,1,1,1986,8,0,11,9,7,20,15,4,6,8
250093,1,1,1986,0,0,0,0,0,0,0,0,0,0
250094,0,1,1986,0,0,0,0,0,0,0,0,0,0
250094,1,1,1986,0,0,0,0,0,0,0,0,0,0
250095,1,1,1986,19,19,19,19,19,19,19,19,19,19
250096,1,1,1986,17,17,17,17,17,17,17,17,17,17
250096,2,1,1986,0,4,0,0,0,7,0,5,0,0
250097,1,1,1986,0,0,0,0,0,0,0,0,0,0
250097,2,1,1986,0,0,0,0,0,0,0,0,0,0
250098,1,1,1986,7,8,6,15,17,42,4,22,12,29
250098,2,1,1986,3,19,0,0,4,0,0,13,18,0
250099,0,1,1986,0,0,0,0,0,0,0,0,0,0
250099,1,1,1986,0,0,0,0,0,0,0,0,0,0
250100,1,1,1986,5,16,19,11,13,14,10,23,5,10
250100,2,1,1986,26,22,16,17,38,42,23,19,8,18
250101,1,1,1986,12,12,12,12,12,12,12,12,12,12
250102,1,1,1986,0,0,5,0,0,0,0,0,0,0
250102,2,1,1986,0,0,0,0,0,0,0,0,0,0
250103,1,1,1986,0,0,0,0,0,0,0,0,0,0
250104,1,1,1986,25,25,25,25,25,25,25,25,25,25
250105,1,1,1986,0,0,0,0,0,0,0,0,0,0
250106,1,1,1986,0,0,0,0,0,0,0,0,0,0
250107,1,1,1986,0,0,0,0,0,0,0,0,0,15
250107,2,1,1986,0,0,0,0,0,0,0,0,0,0
250108,1,1,1986,17,17,17,17,17,17,17,17,17,17
250108,2,1,1986,0,0,0,0,10,9,0,12,0,12
250109,0,1,1986,0,0,0,0,0,0,0,0,0,0
250109,1,1,1986,0,0,0,0,0,0,0,0,0,0
250111,1,1,1986,0,0,0,0,0,0,0,0,0,0
250111,2,1,1986,4,4,4,4,4,4,4,4,4,4
250112,0,1,1986,0,0,15,41,0,0,2,5,0,0
250112,1,1,1986,0,0,0,0,18,16,0,0,0,0
250114,0,1,1986,0,0,0,0,0,0,0,0,0,0
250114,1,1,1986,14,18,0,18,12,0,17,2,19,27
250115,0,1,1986,0,0,0,0,0,0,0,0,0,0
250115,1,1,1986,0,0,0,5,0,0,0,0,0,0
250116,0,1,1986,0,0,0,0,0,0,0,0,0,0
250116,1,1,1986,0,0,0,0,0,0,0,0,0,0
250117,0,1,1986,12,0,0,0,0,0,0,0,0,0
250117,1,1,1986,0,0,0,0,0,0,0,0,0,0
250119,1,1,1986,16,16,16,16,16,16,16,16,16,16
250119,2,1,1986,11,0,0,0,0,0,0,0,0,15
250120,1,1,1986,0,0,0,9,0,0,0,0,15,0
250120,2,1,1986,12,12,12,12,12,12,12,12,12,12
250120,3,1,1986,18,14,0,0,0,27,16,0,0,11
250121,0,1,1986,0,0,0,0,0,0,0,0,0,0
250121,1,1,1986,0,7,0,17,0,0,32,0,10,22
250122,0,1,1986,0,0,0,0,0,0,0,0,0,0
250122,1,1,1986,0,0,0,0,0,0,0,0,16,0
250123,0,1,1986,0,0,0,0,0,0,0,0,0,0
250123,1,1,1986,0,0,0,0,0,0,0,0,0,0
250124,1,1,1986,18,18,18,18,18,18,18,18,18,18
250125,0,1,1986,0,0,0,0,0,0,0,0,0,0
250125,1,1,1986,7,0,4,0,10,0,0,0,0,0
250126,0,1,1986,0,0,0,0,0,0,0,0,0,0
250126,1,1,1986,0,0,0,0,0,14,0,0,0,0
250127,0,1,1986,0,0,0,0,0,0,0,0,0,0
250127,1,1,1986,0,0,0,0,0,0,0,0,0,0
250128,1,1,1986,14,14,14,14,14,14,14,14,14,14
250128,2,1,1986,0,0,0,0,0,0,0,0,0,0
250129,1,1,1986,0,0,0,0,0,0,0,0,0,0
250129,2,1,1986,0,0,0,0,0,0,0,0,0,0
250130,0,1,1986,0,0,0,0,0,0,0,0,0,0
250130,1,1,1986,0,0,6,0,0,0,0,0,0,0
250131,0,1,1986,17,17,17,17,17,17,17,17,17,17
250131,1,1,1986,0,4,0,0,0,5,0,0,0,11
250132,1,1,1986,7,7,7,7,7,7,7,7,7,7
250133,1,1,1986,14,14,14,14,14,14,14,14,14,14
250134,1,1,1986,13,13,13,13,13,13,13,13,13,13
250134,2,1,1986,17,25,4,11,15,25,12,22,18,13
250135,1,1,1986,0,0,0,0,0,0,0,0,0,0
250135,2,1,1986,0,0,0,0,0,0,0,0,0,0
250136,1,1,1986,16,16,16,16,16,16,16,16,16,16
250137,0,1,1986,0,0,0,0,0,0,0,0,0,0
250137,1,1,1986,0,0,0,0,5,0,0,0,0,0
250138,1,1,1986,17,17,17,17,17,17,17,17,17,17
250139,0,1,1986,0,0,0,0,0,0,0,0,0,0
250139,1,1,1986,9,6,0,0,0,0,0,0,0,18
250140,0,1,1986,0,0,0,0,0,0,0,0,0,0
250140,1,1,1986,0,0,0,0,0,0,10,0,5,0
250141,1,1,1986,23,23,23,23,23,23,23,23,23,23
250142,0,1,1986,0,0,0,0,0,0,0,0,0,0
250142,1,1,1986,0,0,0,0,0,0,0,0,0,0
250143,0,1,1986,31,31,31,31,31,31,31,31,31,31
250143,1,1,1986,0,0,0,0,26,20,11,0,0,0
250144,1,1,1986,20,14,22,0,15,13,6,29,15,12
250145,0,1,1986,2,2,2,2,2,2,2,2,2,2
250145,1,1,1986,0,11,16,5,13,4,6,23,20,26
250146,0,1,1986,27,27,27,27,27,27,27,27,27,27
250146,1,1,1986,0,8,0,10,0,0,21,0,0,0
250147,0,1,1986,0,0,0,0,0,0,0,0,0,0
250147,1,1,1986,0,0,21,0,2,11,3,24,0,22
250148,1,1,1986,1,1,1,1,1,1,1,1,1,1
250148,2,1,1986,0,0,20,0,0,0,0,0,0,0
250149,1,1,1986,15,15,15,15,15,15,15,15,15,15
250149,2,1,1986,0,0,9,0,0,0,0,0,0,11
250150,0,1,1986,0,0,0,0,0,0,0,0,0,0
250150,1,1,1986,0,0,0,0,0,0,0,0,0,0
250150,2,1,1986,0,0,0,0,0,0,0,0,0,0
250151,1,1,1986,9,9,9,9,9,9,9,9,9,9
250151,2,1,1986,0,0,0,0,0,0,0,0,0,0
250151,3,1,1986,0,0,0,0,0,0,0,0,0,0
250152,1,1,1986,13,28,0,3,15,22,3,16,17,10
250152,2,1,1986,0,0,0,0,0,0,0,0,0,0
250153,1,1,1986,0,0,0,0,0,0,0,0,0,0
250153,2,1,1986,0,0,0,0,16,14,0,5,0,9
250154,1,1,1986,20,20,20,20,20,20,20,20,20,20
250154,2,1,1986,22,0,0,0,0,3,0,8,17,0
250155,0,1,1986,0,0,0,0,0,0,0,0,0,0
250155,0,2,1986,4,0,7,0,8,0,0,0,32,8
250155,2,1,1986,15,9,17,14,17,7,18,12,19,10
250156,0,1,1986,6,6,6,6,6,6,6,6,6,6
250156,1,1,1986,0,13,12,0,15,0,18,0,0,0
250157,0,1,1986,0,0,0,0,0,0,0,0,0,0
250157,1,1,1986,0,19,12,0,0,0,0,0,0,0
250158,1,1,1986,0,0,0,0,0,0,0,0,0,0
250158,2,1,1986,1,1,1,1,1,1,1,1,1,1
250159,1,1,1986,0,0,0,0,0,0,0,0,0,0
250159,2,1,1986,0,0,0,0,0,0,0,0,0,0
250159,3,1,1986,0,0,0,0,14,0,12,0,0,20
250160,1,1,1986,0,0,0,0,0,0,0,0,0,0
250160,2,1,1986,0,0,0,0,0,0,0,0,0,0
250161,1,1,1986,10,14,13,10,0,31,9,0,0,0
250161,2,1,1986,0,0,0,0,0,0,0,0,0,0
250162,1,1,1986,0,0,0,0,0,0,0,0,0,0
250162,2,1,1986,0,0,0,0,0,0,0,0,0,0
250163,1,1,1986,0,0,0,11,7,0,0,0,0,25
250163,2,1,1986,0,0,0,0,0,0,0,0,0,0
250164,1,1,1986,0,0,0,0,0,0,0,0,0,6
250164,2,1,1986,0,0,0,0,0,0,0,0,0,0
250165,1,2,1986,0,0,12,0,0,0,0,0,10,0
250165,2,1,1986,0,0,17,0,6,0,0,0,0,0
250166,0,1,1986,0,0,0,0,0,0,0,0,0,0
250166,1,1,1986,0,0,0,0,0,0,0,0,5,0
250167,1,1,1986,18,0,0,11,0,0,0,10,19,0
250168,0,1,1986,0,0,0,0,0,0,0,0,0,0
250168,1,1,1986,0,0,0,0,0,0,0,0,0,0
250169,1,1,1986,12,12,12,12,12,12,12,12,12,12
250170,1,1,1986,0,0,0,0,0,0,0,0,0,0
250170,2,1,1986,18,0,0,0,0,6,9,0,0,18
250171,1,1,1986,0,0,0,0,0,0,0,0,0,0
250171,2,1,1986,0,0,0,0,0,0,0,0,0,0
250172,1,1,1986,0,0,0,0,0,0,0,0,0,0
250173,1,1,1986,22,22,22,22,22,22,22,22,22,22
250173,2,1,1986,0,0,0,0,0,0,0,14,0,0
250175,1,1,1986,13,13,13,13,13,13,13,13,13,13
250176,0,1,1986,0,0,0,0,0,0,0,0,0,0
250176,1,1,1986,0,0,9,0,0,0,0,0,0,0
250177,1,1,1986,17,17,17,17,17,17,17,17,17,17
250178,0,1,1986,0,20,19,18,19,0,10,0,14,23
250178,1,1,1986,22,22,22,22,22,22,22,22,22,22
250179,1,1,1986,0,0,0,0,0,0,0,0,0,0
250179,2,1,1986,0,8,0,0,0,0,0,0,0,0
250180,1,1,1986,7,6,11,18,23,0,0,0,5,0
250180,2,1,1986,0,0,0,0,0,16,7,0,0,18
250181,1,1,1986,0,14,9,0,0,0,0,0,0,8
250181,2,1,1986,4,4,4,4,4,4,4,4,4,4
250182,1,1,1986,0,0,0,0,0,0,0,0,0,0
250182,2,1,1986,0,0,2,0,0,5,0,0,0,0
250183,1,1,1986,11,0,0,0,0,0,0,0,0,0
250183,2,1,1986,0,0,0,0,0,0,0,0,0,0
250184,1,1,1986,0,0,0,0,0,0,0,0,0,0
250185,0,1,1986,17,17,17,17,17,17,17,17,17,17
250185,1,1,1986,0,0,0,0,8,0,0,0,0,0
250186,1,1,1986,11,11,11,11,11,11,11,11,11,11
250188,0,1,1986,5,5,5,5,5,5,5,5,5,5
250188,1,1,1986,7,7,7,7,7,7,7,7,7,7
250189,1,1,1986,19,19,19,19,19,19,19,19,19,19
250190,1,1,1986,0,0,0,0,0,0,0,0,0,0
250190,2,1,1986,0,0,0,0,0,0,0,0,0,0
250191,1,1,1986,0,0,0,0,0,0,0,0,0,0
250191,2,1,1986,0,0,0,0,0,0,0,17,0,0
250192,1,1,1986,0,0,7,0,0,8,15,0,23,0
250192,2,1,1986,0,0,0,0,0,0,10,0,0,0
250193,1,1,1986,8,8,8,8,8,8,8,8,8,8
250193,2,1,1986,15,0,0,0,0,0,26,0,13,0
250194,1,1,1986,0,0,4,0,16,0,0,8,0,0
250194,2,1,1986,0,0,0,0,0,0,0,0,0,0
250195,1,1,1986,0,0,0,0,0,0,0,0,0,0
250196,1,1,1986,16,16,16,16,16,16,16,16,16,16
250197,1,1,1986,0,0,0,0,0,0,0,0,0,0
250198,1,1,1986,0,0,0,0,0,0,0,0,0,0
250199,1,1,1986,17,17,17,17,17,17,17,17,17,17
250200,1,1,1986,0,0,18,13,0,25,0,0,15,0
250202,1,1,1986,8,8,8,8,8,8,8,8,8,8
250203,1,1,1986,29,29,29,29,29,29,29,29,29,29
250203,2,1,1986,0,0,0,0,0,0,0,0,0,0
250204,1,1,1986,0,0,0,0,0,0,0,0,0,0
250204,2,1,1986,0,0,0,0,0,0,0,0,0,0
250205,0,1,1986,0,0,0,0,0,0,0,0,0,0
250205,1,1,1986,0,0,0,0,0,0,0,19,0,0
250206,1,1,1986,0,0,0,0,0,0,0,0,0,0
250207,1,1,1986,0,0,0,0,0,0,0,0,0,0
250207,2,1,1986,0,0,0,0,0,0,0,0,0,0
250208,1,1,1986,0,0,0,0,0,12,0,0,0,0
250208,2,1,1986,0,0,0,0,4,0,0,0,0,0
250209,1,1,1986,19,19,19,19,19,19,19,19,19,19
250210,1,1,1986,0,0,0,0,0,0,0,0,0,0
250210,2,1,1986,17,5,26,7,11,22,10,20,0,13
250211,1,1,1986,0,17,17,15,7,2,12,0,0,24
250212,1,1,1986,0,0,0,0,0,0,0,0,0,0
250212,2,1,1986,0,11,0,0,0,0,0,0,0,0
250213,1,1,1986,32,32,32,32,32,32,32,32,32,32
250214,1,1,1986,18,18,18,18,18,18,18,18,18,18
250215,1,1,1986,2,2,2,2,2,2,2,2,2,2
250216,1,1,1986,0,0,0,0,0,0,0,0,0,0
250217,1,1,1986,11,15,7,0,13,15,20,13,0,14
250218,1,1,1986,7,0,7,4,0,12,0,0,22,25
250219,1,1,1986,30,14,6,22,13,11,11,7,0,24
250220,1,1,1986,18,18,18,18,18,18,18,18,18,18
250221,0,1,1986,13,13,13,13,13,13,13,13,13,13
250221,1,1,1986,14,20,0,9,0,7,34,0,29,19
250222,1,1,1986,11,12,13,9,9,18,16,7,13,0
250223,1,1,1986,0,0,0,0,0,0,0,0,0,0
250224,1,1,1986,7,14,9,12,13,5,15,26,11,4
250225,1,1,1986,0,0,0,0,0,0,0,0,0,0
250225,2,1,1986,0,0,0,0,0,0,0,0,0,0
250226,1,1,1986,4,4,4,4,4,4,4,4,4,4
250227,0,1,1986,5,5,5,5,5,5,5,5,5,5
250227,1,1,1986,7,12,22,8,22,20,19,16,22,4
250228,1,1,1986,18,18,18,18,18,18,18,18,18,18
250229,1,1,1986,0,0,0,0,0,0,0,0,0,0
250230,1,1,1986,0,0,19,0,0,0,0,0,25,0
250231,1,1,1986,0,0,0,0,0,0,0,0,0,0
250232,1,1,1986,0,3,0,23,0,24,7,0,0,0
250233,1,1,1986,24,24,24,24,24,24,24,24,24,24
250234,1,1,1986,10,8,0,0,0,0,0,0,27,0
250235,1,1,1986,0,0,0,0,0,5,5,4,6,16
250236,1,1,1986,0,0,0,0,0,0,0,0,0,0
250236,2,1,1986,0,0,0,0,0,0,0,0,0,0
250237,1,1,1986,0,0,0,0,0,0,0,0,0,0
250237,2,1,1986,0,0,0,0,0,0,0,0,0,0
250237,3,1,1986,0,0,0,0,0,0,0,0,0,0
250238,1,1,1986,18,18,18,18,18,18,18,18,18,18
250239,1,1,1986,1,1,1,1,1,1,1,1,1,1
250240,0,1,1986,0,0,0,0,0,0,0,0,0,0
250240,1,1,1986,19,19,19,19,19,19,19,19,19,19
250241,0,1,1986,0,0,0,0,0,0,0,0,0,0
250241,1,1,1986,0,0,17,0,22,0,0,12,20,0
250242,1,1,1986,20,10,0,0,0,0,0,0,0,0
250243,1,1,1986,13,8,18,11,21,15,10,2,11,0
250243,2,1,1986,0,9,0,0,0,0,0,14,0,0
250243,3,1,1986,0,0,0,0,0,0,0,0,0,0
250243,4,1,1986,0,0,0,0,0,0,0,0,0,0
250244,1,1,1986,0,17,0,0,0,0,0,18,15,0
250244,2,1,1986,9,14,14,0,13,7,9,0,0,0
250245,1,1,1986,0,0,0,0,0,14,0,0,0,0
250245,2,1,1986,14,14,14,14,14,14,14,14,14,14
250246,0,1,1986,1,1,1,1,1,1,1,1,1,1
250246,1,1,1986,19,0,14,28,0,0,12,0,0,8
250247,1,1,1986,0,0,0,0,0,0,0,0,0,0
250247,2,1,1986,0,0,0,0,0,0,0,0,0,0
250248,0,1,1986,0,0,0,0,0,0,0,0,0,0
250248,1,1,1986,0,19,0,0,0,0,0,0,0,0
250249,1,1,1986,21,21,21,21,21,21,21,21,21,21
250250,1,1,1986,29,29,29,29,29,29,29,29,29,29
250251,1,1,1986,0,0,0,0,0,0,0,0,0,0
250251,2,1,1986,0,0,0,12,0,0,0,25,0,0
250251,3,1,1986,0,0,0,0,0,0,25,10,0,0
250252,0,1,1986,4,4,4,4,4,4,4,4,4,4
250252,1,1,1986,16,11,11,6,18,20,12,14,8,22
250253,1,1,1986,0,0,0,0,0,0,0,0,0,0
250254,1,1,1986,0,0,17,17,3,19,8,23,11,12
250254,2,1,1986,16,9,0,12,0,0,30,0,0,0
250255,1,1,1986,0,0,0,0,0,0,0,0,0,0
250255,2,1,1986,0,0,0,0,0,0,0,0,0,0
250256,1,1,1986,0,0,0,0,0,0,0,0,0,0
250257,1,1,1986,12,15,22,13,10,31,12,19,20,9
250257,2,1,1986,0,12,0,17,7,14,0,0,0,0
250258,1,1,1986,0,0,0,22,0,0,15,0,21,0
250258,2,1,1986,8,8,8,8,8,8,8,8,8,8
250259,1,1,1986,0,0,0,0,0,0,0,0,0,0
250260,1,1,1986,0,0,0,0,0,0,0,0,0,0
250261,1,1,1986,7,0,20,0,20,0,0,0,0,11
250262,1,1,1986,36,36,36,36,36,36,36,36,36,36
250263,1,1,1986,15,15,15,15,15,15,15,15,15,15
250264,1,1,1986,0,0,0,0,0,0,0,0,0,0
250265,1,1,1986,0,0,0,0,0,0,0,0,0,0
250265,2,1,1986,0,0,4,0,0,0,0,0,0,0
250265,3,1,1986,0,0,0,0,0,0,0,0,0,0
250266,1,1,1986,13,8,19,36,32,8,10,9,17,13
250267,1,1,1986,0,0,0,0,0,0,0,0,0,0
250267,2,1,1986,0,0,0,0,0,0,0,0,0,0
250268,1,1,1986,0,0,0,0,0,0,0,0,0,0
250269,1,1,1986,29,29,29,29,29,29,29,29,29,29
250269,2,1,1986,0,0,10,0,15,7,0,0,0,17
250270,1,1,1986,0,0,0,0,0,0,0,0,0,0
250270,2,1,1986,0,0,0,0,0,0,0,0,0,0
250271,1,1,1986,0,0,0,0,0,0,0,0,0,0
250271,2,1,1986,0,0,0,0,0,0,0,0,0,0
250272,1,1,1986,10,10,10,10,10,10,10,10,10,10
250273,1,1,1986,0,21,0,0,0,13,0,0,0,0
250273,2,1,1986,0,0,0,0,0,0,0,0,0,0
250274,1,1,1986,0,0,0,0,0,0,0,0,0,0
250274,2,1,1986,0,0,0,0,0,0,0,0,0,0
250275,1,1,1986,10,10,10,10,10,10,10,10,10,10
250275,2,1,1986,0,0,0,0,0,0,0,0,0,0
250276,1,1,1986,19,19,19,19,19,19,19,19,19,19
250277,1,1,1986,12,0,0,0,0,0,0,0,0,0
250277,2,1,1986,13,12,21,10,17,22,6,18,9,13
250277,3,1,1986,0,0,0,0,0,0,0,0,0,0
250278,0,1,1986,0,0,0,0,0,0,0,0,0,0
250278,1,1,1986,0,0,0,0,0,0,0,0,0,0
250279,1,1,1986,19,0,23,0,0,0,0,0,0,0
250279,2,1,1986,0,0,27,0,9,14,0,2,19,0
250280,0,1,1986,0,0,0,0,0,0,0,0,0,0
250280,1,1,1986,0,0,0,0,9,0,0,0,0,0
250281,0,1,1986,0,0,0,0,0,0,0,0,0,0
250281,1,1,1986,0,0,8,12,3,4,11,15,27,22
250282,1,1,1986,7,7,7,7,7,7,7,7,7,7
250282,2,1,1986,0,0,0,0,0,0,0,0,0,0
250283,1,1,1986,0,0,0,0,0,0,0,0,0,0
250284,1,1,1986,0,0,0,0,0,0,0,0,0,0
250285,0,1,1986,0,0,0,0,0,0,0,0,0,0
250285,1,1,1986,0,23,15,17,21,13,7,31,10,22
250286,0,1,1986,0,0,0,0,0,0,0,0,0,0
250286,1,1,1986,0,0,0,0,0,0,0,0,0,0