ST_CASE,VEH_NO,PER_NO,YEAR,P1,P2,P3,P4,P5,P6,P7,P8,P9,P10
260968,3,1,1986,0,0,0,0,0,0,0,0,0,0
260969,1,1,1986,0,0,0,0,0,0,0,0,0,0
260969,2,1,1986,14,14,14,14,14,14,14,14,14,14
260970,0,1,1986,19,0,4,0,0,3,0,0,13,0
260970,1,1,1986,1,1,1,1,1,1,1,1,1,1
260971,1,1,1986,22,22,22,22,22,22,22,22,22,22
260972,1,1,1986,14,14,14,14,14,14,14,14,14,14
260973,1,1,1986,0,0,0,7,0,0,0,0,0,0
260973,2,1,1986,0,0,0,6,0,0,0,0,0,0
260973,3,1,1986,0,0,0,0,0,0,0,0,0,0
260974,1,1,1986,0,0,0,0,0,0,0,0,0,0
260975,1,1,1986,0,0,0,0,0,0,0,12,0,0
260976,0,1,1986,0,0,0,0,0,0,0,0,0,0
260976,0,2,1986,0,0,0,0,0,0,0,0,0,0
260976,1,1,1986,1,1,1,1,1,1,1,1,1,1
260977,1,1,1986,22,22,22,22,22,22,22,22,22,22
260978,1,1,1986,0,0,0,0,0,0,0,0,0,0
260978,2,1,1986,0,0,0,0,0,0,0,0,0,0
260979,0,1,1986,4,4,4,4,4,4,4,4,4,4
260979,0,2,1986,20,0,0,17,23,15,11,17,7,18
260979,1,1,1986,4,4,4,4,4,4,4,4,4,4
260980,1,1,1986,2,2,2,2,2,2,2,2,2,2
260980,2,1,1986,14,0,4,14,6,0,8,18,0,0
260981,1,1,1986,0,0,0,0,0,0,0,0,0,0
260981,2,1,1986,0,0,0,2,0,0,0,0,0,0
260982,1,1,1986,0,0,0,0,0,0,0,0,0,0
260983,1,1,1986,0,0,0,0,0,0,0,0,0,0
260983,2,1,1986,0,0,0,0,0,0,0,0,0,0
260984,1,1,1986,0,0,0,0,0,0,0,0,0,0
260984,2,1,1986,0,0,0,0,0,0,0,0,0,0
260984,3,1,1986,0,0,0,0,0,0,0,0,0,0
260985,1,1,1986,0,0,0,0,0,0,0,0,0,0
260985,2,1,1986,0,8,0,0,0,0,0,0,0,0
260986,1,1,1986,0,0,0,11,0,0,0,0,0,0
260987,1,1,1986,0,0,0,0,0,0,0,0,0,0
260987,2,1,1986,0,0,0,0,0,0,5,0,0,0
260988,1,1,1986,0,0,0,0,0,0,0,0,0,0
260988,2,1,1986,0,0,0,0,0,0,0,0,0,0
260990,1,1,1986,0,0,0,0,0,0,0,0,0,0
260990,2,1,1986,0,0,0,0,0,0,0,0,0,0
260991,1,1,1986,0,0,0,0,0,0,0,0,0,0
260991,2,1,1986,11,11,11,11,11,11,11,11,11,11
260992,1,1,1986,0,0,0,0,0,0,0,0,14,0
260993,1,1,1986,16,16,16,16,16,16,16,16,16,16
260993,2,1,1986,0,0,0,0,0,0,0,0,0,0
260994,1,1,1986,0,0,0,0,0,0,0,0,0,0
260994,2,1,1986,0,0,0,0,0,0,0,0,0,0
260995,1,1,1986,0,0,0,0,0,0,0,0,0,0
260996,1,1,1986,10,9,10,14,24,14,35,15,27,20
260997,1,1,1986,0,0,0,0,0,0,0,0,0,0
260998,1,1,1986,11,12,0,18,19,0,0,0,0,0
260998,2,1,1986,0,0,0,0,0,8,0,0,11,0
260999,1,1,1986,0,0,0,0,0,0,0,0,0,0
261000,1,1,1986,0,0,0,0,0,0,0,0,0,0
261000,2,1,1986,0,0,0,17,0,0,0,0,0,0
261000,3,1,1986,0,0,0,0,0,9,0,0,0,0
261001,1,1,1986,0,0,0,0,0,0,0,0,0,0
261001,2,1,1986,0,0,0,0,0,0,0,0,0,0
261002,1,1,1986,0,0,0,0,0,0,0,0,0,0
261002,2,1,1986,0,0,0,0,0,0,0,0,0,0
261003,1,1,1986,17,17,17,17,17,17,17,17,17,17
261004,1,1,1986,2,2,2,2,2,2,2,2,2,2
261004,2,1,1986,23,0,19,7,10,16,14,19,16,14
261004,3,1,1986,0,27,29,13,0,0,0,14,5,14
261005,0,1,1986,27,27,27,27,27,27,27,27,27,27
261005,1,1,1986,29,0,9,0,0,0,0,16,0,0
261006,1,1,1986,21,21,21,21,21,21,21,21,21,21
261007,0,1,1986,5,5,5,5,5,5,5,5,5,5
261007,0,2,1986,16,0,15,13,17,0,11,6,0,10
261007,1,1,1986,17,0,0,0,0,0,0,0,14,0
261008,1,1,1986,14,14,14,14,14,14,14,14,14,14
261008,2,1,1986,29,29,29,29,29,29,29,29,29,29
261009,1,1,1986,0,0,0,0,0,0,0,0,0,0
261009,2,1,1986,23,23,23,23,23,23,23,23,23,23
261010,0,1,1986,11,11,11,11,11,11,11,11,11,11
261010,1,1,1986,0,27,7,13,9,18,8,0,9,22
261011,1,1,1986,0,0,0,0,0,0,0,0,0,5
261012,1,1,1986,0,0,0,0,0,0,0,0,0,0
261012,2,1,1986,0,0,0,0,0,0,0,0,0,0
261013,1,1,1986,15,0,7,10,0,0,0,16,0,6
261013,2,1,1986,0,0,0,0,0,0,0,0,0,0
261014,1,1,1986,0,0,0,0,0,0,0,0,0,0
261015,0,1,1986,0,0,0,0,0,0,0,0,0,0
261015,1,1,1986,0,0,0,0,0,0,0,0,0,0
261016,1,1,1986,22,22,22,22,22,22,22,22,22,22
261017,1,1,1986,23,23,23,23,23,23,23,23,23,23
261017,2,1,1986,5,11,17,14,23,24,0,16,5,16
261018,1,1,1986,15,15,15,15,15,15,15,15,15,15
261019,0,1,1986,0,0,0,0,0,0,0,0,0,0
261019,1,1,1986,0,0,0,0,0,0,0,0,0,0
261020,1,1,1986,10,10,10,10,10,10,10,10,10,10
261021,1,1,1986,0,0,0,0,0,0,0,0,0,0
261022,1,1,1986,0,0,0,0,0,0,0,0,0,0
261022,2,1,1986,14,22,17,15,19,0,26,5,9,0
261023,1,1,1986,29,29,29,29,29,29,29,29,29,29
261024,1,1,1986,23,23,23,23,23,23,23,23,23,23
261025,1,1,1986,22,22,22,22,22,22,22,22,22,22
261025,2,1,1986,0,0,0,0,0,0,0,0,0,0
261026,1,1,1986,21,21,21,21,21,21,21,21,21,21
261027,0,1,1986,0,0,0,0,0,0,0,0,0,0
261027,1,1,1986,0,0,0,0,0,0,0,0,0,0
261028,1,1,1986,8,8,8,8,8,8,8,8,8,8
261028,2,1,1986,0,0,5,0,0,0,0,0,0,0
261029,1,1,1986,0,0,0,0,0,0,0,0,0,0
261030,1,1,1986,9,9,9,9,9,9,9,9,9,9
261031,0,1,1986,0,0,0,0,0,0,0,0,0,0
261031,1,1,1986,0,0,0,0,0,0,0,0,0,0
261032,1,1,1986,0,0,0,0,0,0,0,0,0,0
261033,1,1,1986,0,0,0,0,0,0,0,0,0,0
261033,2,1,1986,0,0,0,0,0,0,0,0,0,0
261033,3,1,1986,0,0,0,0,0,0,0,6,0,0
261034,1,1,1986,0,0,0,0,0,0,0,0,0,0
261034,2,1,1986,0,0,0,0,0,0,0,0,0,0
261035,1,1,1986,0,0,0,0,0,0,0,0,0,0
261035,2,1,1986,0,0,0,0,0,0,0,0,0,0
261036,1,1,1986,0,0,0,0,0,0,0,0,12,0
261036,2,1,1986,0,0,0,0,0,0,0,0,0,0
261036,3,1,1986,0,0,0,0,0,0,0,0,0,0
261036,4,1,1986,0,0,0,0,0,0,0,0,0,0
261036,5,1,1986,0,0,0,0,0,0,0,0,0,0
261037,0,1,1986,0,0,0,0,0,0,0,0,0,0
261037,1,1,1986,0,0,0,0,0,0,0,0,0,0
261038,0,1,1986,0,0,0,0,0,0,0,0,0,0
261038,0,2,1986,0,0,9,0,0,8,0,0,0,0
261038,1,1,1986,14,14,14,14,14,14,14,14,14,14
261039,0,1,1986,34,17,26,16,13,20,14,27,24,14
261039,1,1,1986,0,0,0,0,0,0,27,6,19,11
261039,2,1,1986,0,0,0,0,0,0,4,0,0,0
261040,1,1,1986,20,20,20,20,20,20,20,20,20,20
261041,1,1,1986,18,18,18,18,18,18,18,18,18,18
261043,1,1,1986,12,12,12,12,12,12,12,12,12,12
261044,0,1,1986,0,0,0,6,0,0,0,0,0,0
261044,1,1,1986,0,16,0,0,0,0,0,0,0,0
261046,1,1,1986,0,0,0,0,0,14,0,0,0,0
261046,2,1,1986,0,0,0,0,0,9,0,0,0,0
261047,0,3,1986,0,0,12,0,0,21,0,0,13,0
261047,1,1,1986,0,0,0,0,0,0,0,0,0,0
261048,1,1,1986,0,0,0,0,0,0,0,0,0,0
261048,2,1,1986,0,0,0,0,0,0,0,0,0,0
261049,1,1,1986,21,21,21,21,21,21,21,21,21,21
261050,0,1,1986,0,0,0,0,0,17,31,0,0,0
261050,1,1,1986,13,13,13,13,13,13,13,13,13,13
261051,1,1,1986,0,0,0,0,0,0,0,0,0,0
261051,2,1,1986,0,0,0,0,0,0,0,0,0,0
261052,1,1,1986,16,16,16,16,16,16,16,16,16,16
261052,2,1,1986,0,0,0,0,0,0,0,0,0,0
261053,1,1,1986,13,13,13,13,13,13,13,13,13,13
261053,2,1,1986,28,0,0,0,0,0,8,0,0,0
261054,0,1,1986,0,0,0,0,0,0,0,0,0,0
261054,0,2,1986,0,0,0,0,0,19,0,0,5,7
261054,1,1,1986,0,0,0,0,0,0,0,0,0,0
261055,1,1,1986,10,10,10,10,10,10,10,10,10,10
261056,0,1,1986,25,25,25,25,25,25,25,25,25,25
261056,1,1,1986,0,0,0,0,0,0,0,0,0,0
261057,1,1,1986,11,11,11,11,11,11,11,11,11,11
261058,0,1,1986,6,0,0,0,0,22,0,18,0,21
261058,1,1,1986,2,2,2,2,2,2,2,2,2,2
261059,1,1,1986,0,0,0,0,0,0,0,0,0,0
261060,1,1,1986,16,16,16,16,16,16,16,16,16,16
261062,1,1,1986,21,21,21,21,21,21,21,21,21,21
261063,1,1,1986,20,20,20,20,20,20,20,20,20,20
261064,1,1,1986,17,17,17,17,17,17,17,17,17,17
261064,2,1,1986,0,12,19,0,22,0,0,9,0,0
261067,1,1,1986,14,14,14,14,14,14,14,14,14,14
261068,1,1,1986,0,0,0,0,0,0,0,0,0,0
261068,2,1,1986,0,0,0,0,0,0,0,0,0,0
261069,1,1,1986,28,28,28,28,28,28,28,28,28,28
261070,1,1,1986,19,19,19,19,19,19,19,19,19,19
261071,0,1,1986,0,0,0,0,0,0,0,0,0,0
261071,1,1,1986,0,0,12,0,0,29,9,0,0,27
261072,1,1,1986,30,30,30,30,30,30,30,30,30,30
261072,2,1,1986,10,14,27,32,29,31,15,8,10,11
261073,1,1,1986,14,14,14,14,14,14,14,14,14,14
261073,3,1,1986,5,0,0,11,0,0,0,0,0,0
261074,1,1,1986,0,0,0,0,0,0,0,0,0,0
261074,2,1,1986,31,0,0,20,0,2,0,0,20,0
261075,1,1,1986,28,28,28,28,28,28,28,28,28,28
261076,0,1,1986,0,0,0,0,0,0,0,0,0,0
261076,1,1,1986,9,0,29,10,11,0,0,16,0,0
261077,0,1,1986,23,23,23,23,23,23,23,23,23,23
261077,1,1,1986,7,7,7,7,7,7,7,7,7,7
261078,1,1,1986,0,0,0,0,0,0,0,0,0,0
261078,2,1,1986,0,0,0,0,0,0,0,0,0,0
261079,1,1,1986,0,0,0,0,0,0,0,0,0,0
261079,2,1,1986,0,0,0,0,0,0,0,0,6,0
261080,1,1,1986,13,13,13,13,13,13,13,13,13,13
261081,1,1,1986,0,0,0,0,0,0,0,0,0,0
261081,2,1,1986,0,0,0,0,0,0,6,0,0,0
261082,1,1,1986,0,0,0,0,0,0,0,0,0,0
261082,2,1,1986,0,0,0,0,0,0,0,0,0,0
261083,1,1,1986,5,5,5,5,5,5,5,5,5,5
261083,2,1,1986,0,0,0,0,0,10,0,0,0,0
261084,1,1,1986,12,12,12,12,12,12,12,12,12,12
261085,1,1,1986,19,19,19,19,19,19,19,19,19,19
261086,1,1,1986,0,0,0,0,0,0,0,0,0,0
261087,1,1,1986,0,0,0,0,0,0,0,0,0,0
261088,1,1,1986,0,0,0,0,0,0,0,0,0,0
261088,2,1,1986,0,0,0,0,0,11,11,0,0,0
261089,1,1,1986,0,0,0,0,0,0,0,0,0,0
261090,1,1,1986,19,19,19,19,19,19,19,19,19,19
261090,2,1,1986,0,0,0,0,0,0,0,0,0,0
261092,1,1,1986,16,16,16,16,16,16,16,16,16,16
261093,1,1,1986,0,0,0,0,0,0,0,0,0,0
261093,2,1,1986,0,0,0,0,0,0,0,0,0,0
261094,1,1,1986,9,9,9,9,9,9,9,9,9,9
261094,2,1,1986,0,0,0,0,0,0,0,0,0,0
261095,1,1,1986,21,21,21,21,21,21,21,21,21,21
261095,2,1,1986,0,0,0,0,0,0,0,0,0,0
261096,1,1,1986,0,0,0,0,0,0,0,0,0,0
261096,2,1,1986,0,0,0,0,0,0,0,0,0,0
261097,1,1,1986,16,16,16,16,16,16,16,16,16,16
261098,1,1,1986,0,0,0,0,0,0,0,0,0,0
261098,2,1,1986,0,0,0,0,0,0,0,0,0,0
261099,1,1,1986,26,26,26,26,26,26,26,26,26,26
261100,1,1,1986,0,0,0,0,0,0,0,0,0,0
261100,2,1,1986,0,0,0,0,0,0,0,0,0,0
261101,1,1,1986,0,0,0,0,0,0,14,0,0,26
261101,2,1,1986,0,0,0,0,0,0,0,0,0,0
261102,1,1,1986,20,20,20,20,20,20,20,20,20,20
261103,1,1,1986,20,20,20,20,20,20,20,20,20,20
261104,1,1,1986,5,5,5,5,5,5,5,5,5,5
261105,1,1,1986,0,0,12,0,0,26,17,10,0,0
261106,1,1,1986,20,20,20,20,20,20,20,20,20,20
261107,1,1,1986,0,0,0,0,0,0,0,0,0,0
261107,2,1,1986,0,0,16,0,0,0,0,0,0,0
261108,0,1,1986,18,0,0,0,0,17,0,0,0,0
261108,1,1,1986,21,0,0,0,0,0,0,0,0,0
261109,1,1,1986,0,0,0,0,0,0,0,0,0,0
261109,2,1,1986,0,0,0,0,0,0,0,0,0,0
261109,3,1,1986,0,0,0,0,0,0,0,0,0,0
261109,4,1,1986,5,0,0,0,0,0,0,0,0,0
261110,1,1,1986,0,0,0,0,12,0,16,0,0,0
261110,2,1,1986,0,0,0,0,0,0,0,0,0,0
261111,1,1,1986,0,0,0,0,0,0,0,0,0,0
261111,2,1,1986,0,0,0,0,0,0,0,0,0,0
261112,0,5,1986,0,0,0,0,0,0,0,0,0,11
261112,1,1,1986,0,0,0,0,0,0,0,0,0,0
261113,1,1,1986,0,0,0,0,0,0,0,0,0,0
261114,1,1,1986,35,35,35,35,35,35,35,35,35,35
261114,2,1,1986,0,0,0,0,0,0,22,0,0,0
261115,1,1,1986,0,0,0,0,0,0,0,0,24,0
261115,2,1,1986,0,0,11,0,0,0,0,0,0,0
261116,0,1,1986,0,0,0,0,0,0,0,0,0,0
261116,1,1,1986,19,12,21,10,0,11,4,13,12,8
261118,1,1,1986,0,0,0,0,0,0,0,0,0,0
261118,2,1,1986,0,0,0,0,0,0,0,11,0,0
261119,1,1,1986,8,8,8,8,8,8,8,8,8,8
261119,2,1,1986,16,16,16,16,16,16,16,16,16,16
261120,1,1,1986,11,9,13,13,14,5,19,15,7,6
261121,1,1,1986,23,23,23,23,23,23,23,23,23,23
261122,1,1,1986,20,20,20,20,20,20,20,20,20,20
261123,1,1,1986,0,0,0,0,0,0,0,0,0,0
261123,2,1,1986,0,0,0,0,0,0,0,0,0,0
261124,1,1,1986,0,0,0,0,0,0,0,0,0,0
261125,1,1,1986,7,20,10,13,0,18,35,40,6,6
261126,0,1,1986,34,34,34,34,34,34,34,34,34,34
261126,1,1,1986,0,0,0,0,0,0,0,0,0,0
261127,1,1,1986,10,0,28,0,0,0,11,0,13,0
261128,1,1,1986,0,0,0,0,0,0,0,0,0,0
261128,2,1,1986,0,0,0,0,0,0,0,0,0,0
261130,1,1,1986,33,23,15,29,18,33,12,16,11,5
261131,1,1,1986,18,24,32,18,13,45,19,7,20,9
261132,1,1,1986,0,0,0,0,0,0,0,0,0,0
261133,0,1,1986,0,0,0,0,0,0,0,0,0,0
261133,1,1,1986,0,0,0,0,0,0,4,0,0,0
261134,1,1,1986,16,0,0,0,0,0,0,0,0,0
261134,2,1,1986,0,0,0,0,0,0,0,0,0,0
261135,1,1,1986,19,19,19,19,19,19,19,19,19,19
261136,1,1,1986,0,0,0,0,0,0,0,0,0,0
261136,2,1,1986,0,0,0,0,17,0,0,0,0,0
261137,1,1,1986,27,27,27,27,27,27,27,27,27,27
261138,1,1,1986,0,0,0,0,0,0,0,0,0,0
261138,2,1,1986,0,0,0,0,0,0,0,0,0,15
261139,0,1,1986,22,22,22,22,22,22,22,22,22,22
261139,1,1,1986,0,7,0,0,0,0,0,0,0,0
261140,1,1,1986,12,2,16,10,6,7,13,18,7,8
261140,2,1,1986,0,0,10,0,0,0,0,0,0,0
261141,1,1,1986,0,0,0,0,0,0,0,0,0,0
261141,2,1,1986,0,5,0,0,0,0,0,0,0,0
261142,0,1,1986,0,0,0,7,0,0,0,0,0,0
261142,1,1,1986,4,4,4,4,4,4,4,4,4,4
261143,1,1,1986,0,0,0,0,0,0,0,0,0,0
261143,2,1,1986,0,0,0,0,0,0,0,0,0,0
261144,1,1,1986,25,25,25,25,25,25,25,25,25,25
261145,1,1,1986,0,0,0,0,0,0,0,0,0,0
261145,2,1,1986,0,0,0,0,7,0,0,0,0,0
261146,0,1,1986,23,23,23,23,23,23,23,23,23,23
261146,1,1,1986,0,0,0,0,0,0,0,0,0,0
261147,1,1,1986,0,0,0,0,0,0,0,0,0,0
261147,2,1,1986,0,0,0,0,0,0,0,0,0,0
261148,1,1,1986,0,0,0,0,0,0,0,0,0,0
261148,2,1,1986,0,0,0,0,0,0,0,0,0,0
261149,0,1,1986,0,0,0,0,0,0,0,0,0,0
261149,0,2,1986,0,0,0,0,0,0,0,0,0,0
261149,1,1,1986,0,0,0,0,0,0,0,0,0,0
261150,1,1,1986,0,0,0,0,0,0,0,0,0,0
261150,2,1,1986,0,0,0,15,0,0,0,0,0,7
261151,0,1,1986,28,0,30,0,0,18,9,0,14,42
261151,1,1,1986,0,0,0,0,0,0,0,0,0,0
261152,0,1,1986,0,0,0,0,0,0,0,0,0,0
261152,1,1,1986,0,0,0,0,0,30,0,0,0,0
261153,0,1,1986,12,12,12,12,12,12,12,12,12,12
261153,1,1,1986,0,22,0,36,10,10,29,13,15,0
261154,1,1,1986,0,0,0,0,0,0,0,0,0,0
261154,2,1,1986,0,0,0,0,0,0,0,0,0,0
261155,0,1,1986,0,0,0,0,0,0,0,0,0,0
261155,1,1,1986,0,0,0,0,8,0,0,0,0,0
261156,1,1,1986,0,0,0,0,0,0,0,6,0,20
261157,1,1,1986,9,3,25,28,17,9,0,18,23,15
261157,2,1,1986,0,0,0,0,0,0,0,0,0,0
261158,1,1,1986,0,0,0,0,0,0,7,0,0,0
261158,2,1,1986,14,0,0,0,10,5,14,0,0,0
261159,1,1,1986,0,0,0,0,0,0,0,0,0,0
261160,2,1,1986,0,0,0,0,0,0,0,0,0,0
261161,1,1,1986,8,0,0,0,0,0,0,0,0,0
261161,2,1,1986,12,0,0,3,0,0,0,0,0,0
261162,1,1,1986,0,0,0,0,0,0,0,0,0,0
261162,2,1,1986,0,0,0,0,0,0,0,0,0,0
261163,1,1,1986,0,0,0,0,0,0,0,0,0,0
261163,2,1,1986,0,0,0,0,0,0,0,0,0,0
261164,1,1,1986,0,0,5,0,0,0,0,0,0,0
261164,2,1,1986,0,7,0,0,0,0,0,0,0,0
261165,0,1,1986,25,25,25,25,25,25,25,25,25,25
261165,1,1,1986,0,0,0,0,16,0,0,0,0,0
261165,2,1,1986,17,0,0,5,0,0,0,17,0,18
261167,1,1,1986,0,0,0,0,0,0,0,0,0,6
261168,1,1,1986,28,28,28,28,28,28,28,28,28,28
261169,1,1,1986,0,0,0,0,0,0,0,0,0,0
261169,2,1,1986,0,0,0,0,0,0,0,0,0,0
261170,0,1,1986,0,0,0,0,0,0,0,0,0,0
261170,1,1,1986,11,11,11,11,11,11,11,11,11,11
261171,1,1,1986,19,18,34,20,16,18,21,20,29,19
261172,1,1,1986,12,20,16,22,21,12,8,3,16,12
261172,2,1,1986,0,0,0,0,0,0,14,0,0,0
261174,1,1,1986,0,0,0,0,0,0,0,0,0,0
261174,2,1,1986,0,0,0,0,0,0,0,0,0,0
261175,0,1,1986,18,18,18,18,18,18,18,18,18,18
261175,1,1,1986,0,0,18,13,0,14,0,20,6,44
261176,1,1,1986,0,0,0,0,0,0,0,0,0,0
261176,2,1,1986,0,0,0,0,0,0,0,0,0,0
261177,1,1,1986,0,0,0,0,0,0,0,0,0,0
261177,2,1,1986,0,0,0,0,0,0,0,0,0,0
261179,1,1,1986,0,0,0,0,0,0,0,0,0,0
261179,2,1,1986,12,0,0,0,0,0,0,0,0,0
261180,1,1,1986,28,28,28,28,28,28,28,28,28,28
261181,0,1,1986,0,0,0,0,0,0,0,0,0,0
261181,1,1,1986,13,13,13,13,13,13,13,13,13,13
261182,1,1,1986,20,20,20,20,20,20,20,20,20,20
261183,0,1,1986,0,0,0,0,0,0,0,0,0,0
261183,1,1,1986,0,0,0,0,0,0,0,0,0,0
261184,1,1,1986,0,0,0,0,0,0,0,0,0,0
261184,2,1,1986,0,0,0,0,0,0,0,0,0,0
261185,1,1,1986,21,16,29,22,12,7,16,9,8,14
261185,2,1,1986,0,0,0,0,0,0,0,0,0,0
261186,1,1,1986,15,16,33,20,21,49,0,36,21,22
261187,1,1,1986,12,21,17,13,6,16,0,4,18,37
261188,1,1,1986,26,26,26,26,26,26,26,26,26,26
261189,1,1,1986,17,21,9,17,20,16,15,28,9,36
261189,2,1,1986,0,0,0,0,0,0,0,15,0,0
261190,1,1,1986,19,19,19,19,19,19,19,19,19,19
261191,1,1,1986,15,4,7,9,8,29,17,35,15,6
261192,0,1,1986,34,34,34,34,34,34,34,34,34,34
261192,1,1,1986,0,0,0,0,0,0,0,0,0,0
261193,0,1,1986,0,0,0,0,0,0,0,0,0,0
261193,1,1,1986,29,9,19,11,14,6,16,13,14,14
261194,1,1,1986,19,19,19,19,19,19,19,19,19,19
261194,2,1,1986,0,0,0,0,0,0,0,0,0,0
261194,3,1,1986,0,6,0,0,0,0,18,0,0,0
261195,1,1,1986,23,23,23,23,23,23,23,23,23,23
261196,0,1,1986,0,0,13,0,0,0,0,0,19,0
261196,1,1,1986,0,0,0,0,0,0,0,0,0,0
261197,1,1,1986,0,0,0,0,0,0,0,0,0,0
261197,2,1,1986,0,0,0,0,0,0,0,0,0,0
261198,1,1,1986,0,19,22,20,0,12,6,12,12,15
261198,2,1,1986,1,1,1,1,1,1,1,1,1,1
261199,1,1,1986,2,2,2,2,2,2,2,2,2,2
261200,1,1,1986,0,0,0,0,0,0,0,0,0,0
261200,2,1,1986,0,0,0,0,0,0,0,0,0,0
261201,1,1,1986,15,15,15,15,15,15,15,15,15,15
261202,0,1,1986,0,0,0,0,0,0,0,0,0,0
261202,1,1,1986,0,0,0,0,0,21,0,0,0,0
261203,1,1,1986,0,0,0,0,0,0,0,0,0,0
261204,0,1,1986,0,0,0,0,0,0,0,0,0,0
261204,0,2,1986,0,0,0,0,0,0,0,0,0,11
261204,1,1,1986,0,0,0,0,0,0,0,0,0,0
261205,1,1,1986,26,26,26,26,26,26,26,26,26,26
261206,1,1,1986,18,18,18,18,18,18,18,18,18,18
261207,1,1,1986,0,0,0,0,0,0,0,0,0,0
261208,0,1,1986,4,4,4,4,4,4,4,4,4,4
261208,1,1,1986,12,12,12,12,12,12,12,12,12,12
261209,1,1,1986,21,21,21,21,21,21,21,21,21,21
261210,1,1,1986,0,0,0,0,0,0,0,0,0,0
261210,2,1,1986,0,0,0,0,0,0,0,0,0,0
261211,1,1,1986,0,0,0,0,0,0,0,0,0,0
261212,0,1,1986,23,0,0,25,0,6,0,0,0,17
261212,1,1,1986,0,0,21,0,0,0,0,0,0,0
261213,1,1,1986,4,4,4,4,4,4,4,4,4,4
261214,1,1,1986,17,17,17,17,17,17,17,17,17,17
261215,1,1,1986,10,10,10,10,10,10,10,10,10,10
261215,2,1,1986,0,0,0,0,0,0,0,0,0,0
261216,1,1,1986,12,12,12,12,12,12,12,12,12,12
261216,2,1,1986,13,0,0,0,0,23,11,0,0,0
261217,1,1,1986,2,2,2,2,2,2,2,2,2,2
261218,1,1,1986,0,0,0,0,0,0,14,0,0,0
261218,2,1,1986,0,0,0,0,0,0,0,0,0,0
261219,1,1,1986,0,0,0,0,0,0,0,0,0,0
261220,1,1,1986,0,0,0,0,0,0,0,0,0,0
261220,2,1,1986,0,0,0,0,0,0,0,0,0,0
261221,1,1,1986,0,0,0,0,0,0,0,0,0,0
261222,0,1,1986,24,24,24,24,24,24,24,24,24,24
261222,1,1,1986,0,0,0,0,0,7,0,0,0,0
261223,1,1,1986,19,17,0,18,27,18,0,30,19,0
261223,2,1,1986,0,0,0,0,0,0,0,0,0,0
261224,1,1,1986,22,22,22,22,22,22,22,22,22,22
261225,1,1,1986,0,0,0,0,0,0,0,0,0,0
261225,2,1,1986,0,0,10,0,6,0,0,0,0,0
261226,1,1,1986,17,17,17,17,17,17,17,17,17,17
261226,2,1,1986,0,0,0,0,0,0,0,0,0,0
261227,1,1,1986,0,0,0,0,0,0,0,0,0,0
261228,1,1,1986,0,0,0,0,0,0,0,0,0,0
261228,2,1,1986,0,0,0,0,0,0,0,0,0,0
261229,1,1,1986,28,6,13,4,21,30,22,17,18,10
261230,1,1,1986,23,23,23,23,23,23,23,23,23,23
261230,2,1,1986,0,0,0,0,0,0,0,0,0,0
261231,1,1,1986,0,0,0,0,0,0,0,0,0,0
261231,2,1,1986,0,0,0,0,0,0,0,0,0,0
261232,1,1,1986,10,10,10,10,10,10,10,10,10,10
261233,1,1,1986,10,10,10,10,10,10,10,10,10,10
261233,2,1,1986,0,0,0,0,0,0,0,0,0,0
261234,1,1,1986,3,3,3,3,3,3,3,3,3,3
261235,1,1,1986,12,18,25,12,18,32,11,27,20,38
261237,1,1,1986,0,0,0,0,0,0,0,0,0,0
261237,2,1,1986,0,0,0,0,0,0,0,0,0,0
261238,1,1,1986,6,6,6,6,6,6,6,6,6,6
261239,1,1,1986,22,24,18,0,0,9,4,0,22,10
261240,1,1,1986,10,10,10,10,10,10,10,10,10,10
261241,1,1,1986,0,0,0,0,0,0,0,0,0,0
261242,1,1,1986,0,0,0,0,0,0,0,0,0,0
261243,1,1,1986,13,13,13,13,13,13,13,13,13,13
261244,1,1,1986,23,23,23,23,23,23,23,23,23,23
261245,1,1,1986,13,11,19,23,12,17,11,13,12,9
261246,0,1,1986,7,7,7,7,7,7,7,7,7,7
261246,1,1,1986,0,0,0,0,0,0,0,0,0,0
261247,1,1,1986,0,0,0,0,0,7,0,0,9,0
261247,2,1,1986,0,0,3,0,0,0,0,15,0,0
261247,3,1,1986,8,0,0,0,0,0,0,0,0,0
261248,1,1,1986,0,0,0,0,0,0,0,0,0,0
261249,1,1,1986,0,0,0,0,27,0,0,0,0,0
261250,1,1,1986,0,0,0,0,0,0,0,0,0,0
261250,2,1,1986,0,0,0,0,0,0,0,0,0,0
261251,1,1,1986,0,12,0,0,0,14,0,0,0,0
261251,2,1,1986,0,0,0,0,0,0,16,0,0,0
261252,1,1,1986,0,0,0,0,0,0,0,0,0,0
261252,2,1,1986,0,0,0,0,0,0,0,0,0,0
261253,1,1,1986,8,8,8,8,8,8,8,8,8,8
261254,1,1,1986,0,0,0,0,0,0,0,0,0,0
261254,2,1,1986,0,0,0,0,0,0,0,0,0,0
261255,1,1,1986,9,9,13,0,22,20,22,26,12,26
261256,1,1,1986,0,0,0,0,0,0,0,0,0,0