ST_CASE,VEH_NO,PER_NO,YEAR,P1,P2,P3,P4,P5,P6,P7,P8,P9,P10
280396,1,1,1986,4,17,0,12,0,13,16,21,0,23
280397,1,1,1986,0,0,0,0,3,0,0,0,0,0
280397,2,1,1986,7,0,0,0,0,0,0,6,0,0
280398,1,1,1986,0,17,0,0,19,0,0,0,0,0
280399,1,1,1986,0,0,0,0,0,0,0,0,0,0
280399,2,1,1986,0,0,0,0,0,0,19,0,0,21
280400,1,1,1986,0,16,21,6,14,0,7,0,6,15
280401,0,1,1986,0,0,0,0,0,0,0,0,0,0
280401,1,1,1986,0,0,0,0,0,0,0,0,0,0
280402,0,1,1986,0,0,0,0,0,0,0,0,0,9
280402,1,1,1986,9,0,0,0,0,0,17,0,0,0
280404,1,1,1986,0,0,0,0,0,0,0,0,0,0
280404,2,1,1986,0,9,0,9,0,0,0,0,0,0
280405,1,1,1986,24,0,0,0,0,0,5,0,0,0
280406,1,1,1986,0,0,0,0,0,0,0,0,0,0
280407,1,1,1986,0,0,20,0,0,0,16,0,0,0
280407,2,1,1986,12,0,0,32,2,0,18,0,14,19
280407,3,1,1986,0,0,19,0,0,0,0,0,0,18
280408,1,1,1986,10,0,0,11,16,0,0,0,0,9
280409,1,1,1986,0,0,0,0,0,0,0,0,18,0
280410,1,1,1986,0,0,0,0,0,0,0,0,0,0
280410,2,1,1986,0,0,0,0,0,8,0,0,14,0
280411,1,1,1986,0,0,0,0,0,0,0,0,0,0
280412,1,1,1986,0,0,0,0,0,0,0,0,0,0
280412,2,1,1986,0,0,0,0,0,11,0,0,0,0
280413,1,1,1986,25,0,19,0,20,0,15,13,0,0
280414,1,1,1986,0,0,0,0,0,0,0,0,0,0
280414,2,1,1986,0,0,0,14,0,0,0,0,0,0
280415,1,1,1986,0,11,0,3,16,0,0,0,0,0
280416,1,1,1986,0,0,0,0,0,0,0,0,0,0
280417,1,1,1986,0,0,0,0,0,0,0,0,0,0
280417,2,1,1986,0,0,0,0,0,0,0,0,0,0
280418,1,1,1986,0,0,15,13,19,17,9,5,11,0
280419,1,1,1986,9,10,0,0,0,0,13,0,0,0
280420,1,1,1986,25,25,25,25,25,25,25,25,25,25
280421,1,1,1986,0,0,0,0,0,0,0,13,8,17
280422,1,1,1986,0,0,0,0,0,0,0,0,0,0
280422,2,1,1986,0,0,0,0,0,0,0,0,0,0
280423,1,1,1986,0,0,0,0,0,0,0,0,27,0
280423,2,1,1986,0,0,0,0,0,0,0,0,0,0
280424,1,1,1986,0,0,0,0,0,0,0,0,0,0
280424,2,1,1986,0,0,0,0,0,0,0,0,0,0
280425,1,1,1986,0,0,0,0,0,9,6,0,0,0
280425,2,1,1986,0,0,0,0,0,0,0,0,0,10
280426,1,1,1986,0,0,0,0,0,0,0,0,18,0
280426,2,1,1986,0,0,0,0,0,0,0,0,0,0
280426,3,1,1986,0,0,0,0,0,0,0,0,0,0
280427,1,1,1986,0,0,0,0,0,0,12,0,0,0
280427,2,1,1986,0,0,0,0,0,0,0,0,0,0
280428,1,1,1986,0,0,0,0,0,0,0,0,0,0
280428,2,1,1986,0,0,0,0,0,0,0,0,0,0
280428,3,1,1986,0,0,0,0,0,0,0,0,0,0
280428,4,1,1986,0,0,0,0,0,0,0,0,0,0
280428,5,1,1986,0,0,0,0,0,0,4,0,0,0
280429,1,1,1986,0,0,0,0,0,0,29,0,0,15
280430,1,1,1986,0,0,0,0,0,0,0,23,0,0
280430,2,1,1986,9,0,0,0,0,0,0,0,19,0
280430,3,1,1986,0,0,0,0,0,0,0,0,0,0
280430,4,1,1986,0,0,0,0,0,0,0,0,0,0
280430,5,1,1986,0,0,0,0,0,0,6,0,0,0
280430,6,1,1986,0,0,0,0,0,0,0,0,0,0
280430,7,1,1986,0,0,0,0,0,0,0,0,0,0
280431,1,1,1986,0,0,0,0,0,0,0,0,0,10
280431,2,1,1986,0,0,0,0,0,0,0,0,0,0
280432,1,1,1986,0,0,0,7,0,0,0,0,0,0
280433,1,1,1986,20,0,0,0,0,0,0,0,0,15
280434,1,1,1986,0,0,11,0,0,0,0,0,0,0
280435,0,1,1986,0,0,0,0,0,15,0,0,0,0
280435,1,1,1986,0,0,0,0,0,8,0,0,0,0
280436,1,1,1986,0,0,0,0,0,0,9,0,0,0
280436,2,1,1986,0,0,0,0,0,0,0,0,0,0
280437,1,1,1986,0,0,0,0,14,0,0,0,0,0
280438,1,1,1986,0,0,0,0,0,0,0,0,0,0
280438,2,1,1986,0,0,0,0,0,0,0,15,24,0
280439,1,1,1986,18,0,10,20,0,13,20,0,0,0
280440,1,1,1986,0,0,0,0,0,0,0,15,0,12
280441,0,1,1986,0,0,7,0,0,12,33,0,0,0
280441,1,1,1986,0,0,0,0,0,0,0,0,0,0
280442,1,1,1986,16,16,16,16,16,16,16,16,16,16
280442,2,1,1986,13,0,0,0,0,0,0,0,0,11
280443,1,1,1986,0,9,0,23,0,0,0,0,0,23
280444,1,1,1986,0,0,0,0,15,0,15,11,0,0
280444,2,1,1986,0,0,22,0,0,0,0,0,0,0
280445,1,1,1986,16,16,16,16,16,16,16,16,16,16
280446,1,1,1986,10,10,10,10,10,10,10,10,10,10
280447,1,1,1986,4,4,4,4,4,4,4,4,4,4
280447,2,1,1986,0,0,0,0,0,0,0,0,0,0
280448,0,1,1986,0,0,0,0,0,17,0,0,0,0
280448,1,1,1986,13,6,0,13,14,8,0,0,0,16
280449,1,1,1986,0,0,0,0,26,0,26,0,0,0
280450,1,1,1986,0,0,0,16,0,0,37,0,0,0
280450,2,1,1986,0,0,0,0,0,0,0,0,0,0
280451,1,1,1986,0,0,0,23,12,0,0,0,0,0
280452,1,1,1986,11,0,0,0,0,0,0,0,0,0
280452,2,1,1986,0,17,0,0,0,6,0,13,23,0
280453,1,1,1986,0,0,13,0,0,0,0,0,18,0
280454,0,1,1986,25,23,0,0,0,17,29,26,27,0
280454,1,1,1986,0,5,0,0,0,0,0,0,0,0
280455,1,1,1986,6,6,6,6,6,6,6,6,6,6
280456,1,1,1986,0,0,0,0,0,0,0,0,0,0
280456,2,1,1986,0,0,5,14,8,0,0,0,0,27
280457,1,1,1986,0,0,0,0,0,0,0,0,16,0
280457,2,1,1986,0,0,0,0,0,0,0,0,0,0
280459,0,1,1986,0,0,0,0,0,0,0,0,0,0
280459,1,1,1986,0,0,0,0,0,0,0,0,0,0
280460,1,1,1986,0,0,0,0,0,0,0,0,0,0
280460,2,1,1986,0,0,0,6,3,0,0,0,0,0
280461,1,1,1986,0,0,0,20,0,0,0,0,0,14
280462,1,1,1986,0,0,0,0,0,0,0,0,0,0
280462,2,1,1986,31,0,0,0,0,38,0,0,0,0
280463,1,1,1986,0,23,0,3,0,0,0,0,0,0
280463,2,1,1986,0,20,0,0,11,27,0,0,11,0
280464,1,1,1986,7,8,12,21,0,11,14,30,0,0
280465,1,1,1986,0,0,0,0,0,0,0,0,7,0
280465,2,1,1986,2,0,0,0,0,0,0,0,0,0
280466,0,1,1986,0,0,0,0,0,0,0,0,0,0
280466,1,1,1986,0,0,0,0,0,0,0,0,0,0
280467,0,1,1986,8,0,0,0,0,0,0,0,0,0
280467,1,1,1986,0,0,0,0,0,0,0,0,0,0
280468,1,1,1986,0,0,0,0,0,0,0,0,0,0
280468,2,1,1986,0,0,0,10,0,0,0,0,0,0
280469,0,1,1986,26,26,26,26,26,26,26,26,26,26
280469,1,1,1986,0,0,0,0,0,0,0,0,0,0
280470,1,1,1986,18,8,25,20,25,0,17,17,6,13
280471,1,1,1986,0,0,0,0,0,18,31,0,0,17
280471,2,1,1986,0,0,32,0,0,0,0,0,10,0
280472,0,1,1986,0,17,0,0,28,24,0,0,0,0
280472,1,1,1986,16,0,7,0,1,0,0,0,0,0
280473,1,1,1986,0,0,0,0,0,0,0,0,0,0
280473,2,1,1986,0,0,0,0,0,0,0,0,0,0
280474,1,1,1986,0,5,0,0,11,0,0,10,0,0
280474,2,1,1986,0,5,0,0,0,6,0,0,0,0
280474,3,1,1986,0,0,0,0,0,0,0,0,0,0
280475,1,1,1986,0,0,0,0,0,0,0,0,0,0
280475,2,1,1986,0,0,0,0,0,8,0,0,0,0
280476,1,1,1986,16,0,0,0,0,0,0,16,24,0
280476,2,1,1986,0,0,0,0,0,0,0,0,0,0
280477,1,1,1986,0,7,0,0,16,8,22,0,16,0
280478,1,1,1986,0,0,0,0,0,23,24,0,0,0
280478,2,1,1986,0,0,0,0,0,0,0,0,0,0
280479,0,1,1986,21,0,37,0,21,0,14,0,7,0
280479,0,2,1986,4,42,22,12,33,31,22,15,26,7
280479,1,1,1986,0,0,13,14,0,0,0,0,0,0
280480,1,1,1986,0,0,21,0,17,0,0,0,7,0
280481,1,1,1986,0,0,28,0,0,0,7,0,0,0
280482,1,1,1986,10,0,0,0,15,0,0,0,0,16
280483,1,1,1986,0,0,0,0,0,0,0,0,0,0
280483,2,1,1986,0,0,0,0,0,0,0,0,0,0
280483,3,1,1986,0,0,0,0,0,0,0,0,0,0
280484,1,1,1986,9,0,0,18,0,13,10,19,0,0
280485,1,1,1986,0,0,35,6,0,0,0,0,0,0
280485,2,1,1986,2,2,2,2,2,2,2,2,2,2
280486,1,1,1986,0,0,0,0,0,0,0,0,8,19
280486,2,1,1986,0,0,0,0,0,0,15,0,12,0
280487,1,1,1986,0,0,0,0,0,0,0,0,0,0
280487,2,1,1986,0,0,14,0,0,0,0,0,0,0
280488,1,1,1986,0,0,3,0,0,0,0,0,0,0
280489,1,1,1986,0,0,18,0,0,0,0,0,6,0
280490,1,1,1986,24,0,21,0,17,0,15,0,27,0
280491,1,1,1986,0,0,0,0,0,0,0,0,0,0
280491,2,1,1986,0,0,0,0,0,0,0,0,0,0
280492,1,1,1986,0,0,0,0,0,0,0,0,0,6
280492,2,1,1986,0,0,0,0,0,0,0,0,0,0
280493,0,1,1986,0,0,0,18,37,0,13,0,0,0
280493,1,1,1986,11,8,20,14,0,0,30,2,17,17
280496,1,1,1986,0,0,0,0,0,0,0,0,0,0
280496,2,1,1986,0,0,0,0,0,0,0,0,0,0
280496,3,1,1986,0,0,0,0,0,0,20,0,0,0
280497,0,1,1986,0,0,0,0,0,0,0,0,0,0
280497,1,1,1986,0,0,0,0,0,0,0,0,0,0
280498,1,1,1986,23,23,23,23,23,23,23,23,23,23
280499,0,1,1986,0,0,0,0,0,0,0,0,0,0
280499,1,1,1986,0,0,0,16,0,0,0,0,0,0
280500,1,1,1986,0,26,4,0,0,0,0,23,19,0
280502,0,1,1986,0,0,18,0,0,0,0,0,0,0
280502,1,1,1986,6,22,0,5,0,0,0,0,0,0
280503,1,1,1986,31,12,0,20,0,23,0,0,0,0
280504,1,1,1986,18,23,0,22,0,12,22,9,8,8
280505,0,1,1986,0,0,5,0,0,0,0,0,0,0
280505,1,1,1986,0,0,0,0,0,0,0,0,0,0
280506,1,1,1986,0,0,0,0,0,0,0,0,0,0
280506,2,1,1986,24,24,24,24,24,24,24,24,24,24
280507,1,1,1986,25,0,7,19,11,35,0,34,18,13
280508,1,1,1986,0,0,0,0,8,7,0,0,0,0
280508,2,1,1986,0,0,0,0,0,0,0,0,0,0
280509,1,1,1986,0,0,0,0,0,0,0,0,0,0
280509,2,1,1986,0,0,0,0,13,0,0,0,0,0
280510,1,1,1986,13,0,0,0,8,0,9,9,0,7
280511,0,1,1986,0,0,0,0,0,0,0,0,0,0
280511,1,1,1986,0,0,5,13,0,0,0,0,0,0
280512,1,1,1986,0,0,0,0,0,0,0,11,0,0
280513,1,1,1986,21,21,21,21,21,21,21,21,21,21
280514,1,1,1986,0,0,0,0,0,0,0,0,0,0
280515,1,1,1986,0,0,0,0,0,0,0,0,0,2
280515,2,1,1986,0,0,0,0,3,0,0,0,0,0
280516,1,1,1986,0,9,4,16,0,0,17,0,0,15
280517,1,1,1986,0,25,0,0,0,14,0,0,0,0
280518,1,1,1986,30,10,17,0,25,0,9,5,0,0
280519,1,1,1986,0,0,0,0,0,0,0,0,0,0
280519,2,1,1986,0,0,0,0,0,0,0,0,0,0
280520,1,1,1986,0,0,9,0,0,0,0,8,27,0
280521,1,1,1986,0,0,0,0,0,2,0,0,0,0
280521,2,1,1986,0,0,0,0,7,0,0,12,0,0
280522,0,1,1986,0,29,39,11,28,0,19,0,0,33
280522,1,1,1986,0,17,0,0,0,0,0,0,16,0
280523,0,1,1986,0,0,0,0,0,0,0,0,0,0
280523,1,1,1986,0,0,0,0,0,0,0,0,0,0
280524,0,1,1986,0,0,32,0,16,0,0,0,26,0
280524,1,1,1986,9,9,9,9,9,9,9,9,9,9
280525,1,1,1986,29,26,0,12,0,19,22,15,0,19
280526,1,1,1986,0,0,0,0,0,0,0,0,0,0
280526,2,1,1986,0,0,0,0,0,0,0,0,0,0
280527,1,1,1986,0,17,25,0,0,14,0,13,0,0
280528,1,1,1986,25,3,19,5,0,10,7,16,17,19
280530,1,1,1986,0,0,0,0,0,0,0,0,0,0
280531,1,1,1986,22,22,22,22,22,22,22,22,22,22
280531,2,1,1986,0,0,0,0,0,0,0,0,0,0
280532,1,1,1986,0,0,0,0,0,0,0,0,0,0
280532,2,1,1986,0,0,0,0,0,0,0,0,0,0
280533,1,1,1986,25,18,0,10,13,23,14,34,0,0
280534,1,1,1986,0,0,0,0,11,16,0,5,0,0
280535,1,1,1986,0,0,0,0,0,0,0,0,0,0
280535,2,1,1986,9,12,5,30,0,0,0,8,0,0
280536,1,1,1986,0,0,0,0,0,0,0,0,0,0
280536,2,1,1986,0,0,0,0,0,0,0,0,0,0
280537,1,1,1986,11,0,15,4,13,0,19,0,0,0
280537,2,1,1986,0,0,0,0,0,9,0,0,12,0
280537,3,1,1986,17,0,0,0,0,0,12,0,0,0
280538,1,1,1986,8,0,9,0,0,6,0,11,0,15
280539,0,1,1986,0,0,0,0,0,0,0,0,0,0
280539,1,1,1986,0,0,0,0,0,0,0,0,0,0
280540,1,1,1986,13,13,13,13,13,13,13,13,13,13
280541,1,1,1986,0,0,0,0,0,0,0,9,0,0
280541,2,1,1986,14,14,14,14,14,14,14,14,14,14
280543,1,1,1986,14,0,24,0,0,0,0,0,0,0
280544,1,1,1986,0,38,0,0,14,0,0,0,0,0
280545,1,1,1986,19,0,15,10,0,16,10,0,0,16
280546,1,1,1986,0,9,0,0,9,7,0,0,0,0
280547,0,1,1986,8,0,12,0,0,0,0,44,22,0
280547,1,1,1986,20,6,12,22,10,0,18,11,6,19
280548,1,1,1986,0,16,0,0,0,0,5,0,0,17
280548,2,1,1986,14,18,0,0,0,0,0,0,9,0
280549,1,1,1986,0,0,0,10,0,20,0,0,6,0
280550,1,1,1986,0,0,0,0,0,0,0,0,0,0
280550,2,1,1986,20,0,0,0,0,0,0,0,0,0
280550,3,1,1986,0,0,0,0,0,0,0,0,0,0
280551,1,1,1986,23,0,15,0,0,0,0,12,8,28
280552,0,1,1986,0,0,0,0,0,0,0,0,0,0
280552,1,1,1986,0,0,0,0,0,0,0,0,8,0
280553,1,1,1986,0,0,0,5,0,0,0,0,0,0
280554,1,1,1986,0,0,0,0,0,0,8,5,0,0
280554,2,1,1986,0,0,0,0,0,0,12,17,0,10
280555,1,1,1986,6,6,6,6,6,6,6,6,6,6
280555,2,1,1986,5,0,0,0,0,0,0,14,0,0
280555,3,1,1986,6,0,0,0,0,0,0,0,0,0
280556,1,1,1986,0,17,6,0,13,25,13,0,14,22
280557,1,1,1986,0,0,0,0,0,0,0,0,0,0
280558,1,1,1986,0,0,0,0,0,0,0,15,0,0
280558,2,1,1986,0,0,0,0,0,0,0,0,0,0
280559,1,1,1986,0,0,0,0,0,0,0,0,0,0
280559,2,1,1986,0,0,0,0,0,0,14,12,22,0
280560,1,1,1986,13,0,0,0,0,20,0,0,0,24
280561,1,1,1986,0,0,0,0,0,0,0,0,0,0
280561,2,1,1986,0,0,0,0,0,0,0,0,0,9
280562,1,1,1986,15,0,15,7,0,11,0,0,0,0
280564,0,1,1986,0,0,0,0,0,0,0,0,0,0
280564,1,1,1986,0,0,0,11,0,0,0,0,0,0
280565,1,1,1986,0,0,0,0,16,0,0,0,0,0
280566,1,1,1986,0,0,0,0,0,0,0,0,0,0
280567,1,1,1986,39,39,39,39,39,39,39,39,39,39
280568,1,1,1986,0,0,5,0,0,0,0,0,0,0
280568,2,1,1986,0,0,0,0,0,0,0,0,0,0
280569,1,1,1986,0,0,0,0,0,0,0,0,0,0
280569,2,1,1986,0,0,0,0,0,0,0,0,15,0
280570,1,1,1986,9,0,0,0,0,0,0,0,0,17
280570,2,1,1986,6,6,6,6,6,6,6,6,6,6
280571,0,1,1986,0,0,0,0,0,0,0,0,0,0
280571,1,1,1986,0,0,0,0,0,0,0,0,0,12
280572,1,1,1986,0,0,0,0,0,0,0,0,0,0
280572,2,1,1986,0,0,0,0,0,0,0,0,0,0
280573,1,1,1986,43,13,19,16,3,8,19,6,0,0
280574,1,1,1986,0,0,0,0,0,0,0,0,0,0
280574,2,1,1986,0,0,0,0,0,0,0,0,0,0
280575,1,1,1986,26,26,26,26,26,26,26,26,26,26
280576,1,1,1986,0,0,0,0,0,0,0,10,12,0
280576,2,1,1986,0,0,0,0,0,14,0,0,0,0
280577,1,1,1986,17,0,4,0,19,9,0,30,0,12
280578,1,1,1986,0,0,0,0,0,0,0,0,0,0
280579,1,1,1986,0,0,0,0,10,0,0,0,0,0
280580,1,1,1986,21,14,0,11,0,0,0,0,9,9
280581,1,1,1986,0,0,0,0,0,22,17,0,0,0
280581,2,1,1986,0,0,0,0,0,0,0,0,0,0
280582,1,1,1986,0,0,0,0,0,0,0,3,0,0
280583,1,1,1986,12,9,0,4,0,0,0,0,0,6
280584,1,1,1986,0,0,0,0,0,0,0,0,0,0
280584,2,1,1986,0,0,0,0,9,0,0,0,0,0
280585,0,1,1986,0,0,0,0,0,0,0,0,0,0
280585,1,1,1986,0,0,0,0,0,0,0,0,0,0
280586,1,1,1986,0,0,0,0,0,0,0,0,0,0
280586,2,1,1986,0,0,0,0,0,0,0,0,0,0
280587,1,1,1986,12,24,0,0,0,0,0,0,0,0
280587,2,1,1986,0,0,0,0,0,0,0,0,0,0
280588,1,1,1986,0,0,0,0,0,0,0,30,0,0
280589,1,1,1986,12,0,0,0,0,0,0,0,13,0
280589,2,1,1986,0,0,0,0,6,0,0,0,0,0
280590,1,1,1986,0,0,0,0,0,0,0,0,0,0
280590,2,1,1986,0,18,0,0,0,18,0,0,0,15
280591,0,1,1986,0,0,0,0,14,0,0,0,18,0
280591,1,1,1986,0,0,0,0,0,0,0,0,0,0
280592,1,1,1986,0,0,0,0,0,0,0,0,0,0
280592,2,1,1986,28,28,28,28,28,28,28,28,28,28
280593,1,1,1986,0,0,0,0,0,0,0,0,0,0
280593,2,1,1986,0,0,0,0,15,0,0,0,0,0
280594,0,1,1986,0,0,0,0,0,0,0,0,0,0
280594,1,1,1986,0,0,0,0,0,0,0,0,0,0
280595,1,1,1986,0,0,0,0,0,10,0,0,0,0
280597,1,1,1986,0,0,0,18,0,0,0,0,0,0
280598,1,1,1986,22,25,24,15,0,12,30,21,15,0
280599,1,1,1986,0,0,0,0,0,0,0,0,0,0
280600,1,1,1986,0,0,0,0,16,0,0,0,0,0
280600,2,1,1986,0,0,0,0,0,0,0,0,0,0
280601,1,1,1986,0,0,0,0,0,0,0,0,0,0
280601,2,1,1986,32,12,0,13,6,0,0,19,0,0
280602,0,1,1986,0,0,0,0,0,0,33,0,0,18
280602,1,1,1986,0,0,0,0,0,0,0,0,0,0
280603,1,1,1986,0,0,0,0,0,0,0,0,0,0
280604,1,1,1986,0,0,0,0,0,0,0,0,0,0
280604,2,1,1986,0,0,0,0,0,0,0,0,0,0
280605,1,1,1986,0,0,0,0,0,0,0,0,0,0
280605,2,1,1986,0,0,0,0,0,0,0,20,0,0
280607,0,1,1986,0,32,0,15,16,26,0,20,16,21
280607,1,1,1986,11,0,0,0,0,0,0,0,7,9
280608,1,1,1986,0,0,0,0,0,0,0,15,0,0
280609,1,1,1986,0,0,0,0,0,0,0,0,19,0
280610,0,1,1986,0,0,0,0,0,0,0,0,0,0
280610,1,1,1986,0,0,0,0,0,0,0,0,0,0
280611,1,1,1986,0,0,0,0,0,0,0,0,0,0
280611,2,1,1986,0,0,0,0,0,0,0,0,0,0
280612,1,1,1986,10,12,18,15,12,10,10,22,6,14
280613,1,1,1986,13,0,0,0,0,0,0,0,0,0
280614,0,1,1986,0,0,0,0,0,0,0,0,0,0
280614,1,1,1986,0,0,0,0,0,4,0,0,0,0
280615,1,1,1986,0,0,0,0,8,15,10,10,5,11
280616,1,1,1986,31,0,0,0,0,14,0,26,0,15
280617,1,1,1986,0,0,0,0,0,0,0,0,0,0
280617,2,1,1986,0,0,0,0,0,0,0,0,0,0
280618,1,1,1986,0,0,0,12,12,0,0,0,0,0
280619,1,1,1986,0,0,0,0,0,0,0,0,10,0
280620,1,1,1986,21,0,21,14,11,34,11,11,0,0
280621,1,1,1986,0,0,25,0,0,0,0,0,11,0
280622,1,1,1986,0,0,0,0,0,0,0,0,0,0
280622,2,1,1986,0,0,0,0,0,0,0,0,0,0
280623,1,1,1986,15,15,15,15,15,15,15,15,15,15
280623,2,1,1986,22,22,22,22,22,22,22,22,22,22
280624,1,1,1986,0,0,0,0,0,0,0,0,0,0
280624,2,1,1986,0,0,18,0,0,0,0,21,0,0
280624,3,1,1986,0,0,0,0,0,0,0,0,0,0
280625,1,1,1986,0,18,0,13,46,22,0,0,0,15
280626,1,1,1986,0,0,6,0,0,0,0,0,0,0
280626,2,1,1986,0,0,0,19,0,0,0,0,0,11
280627,1,1,1986,13,13,13,13,13,13,13,13,13,13
280628,1,1,1986,0,0,0,20,0,0,0,0,0,0
280629,1,1,1986,0,0,0,0,5,0,6,0,0,0
280630,1,1,1986,12,0,9,30,27,0,10,16,0,0
280631,1,1,1986,0,0,0,7,0,12,0,20,0,17
280631,2,1,1986,0,0,11,0,0,0,0,20,0,0
280632,1,1,1986,21,21,21,21,21,21,21,21,21,21
280632,2,1,1986,10,10,10,10,10,10,10,10,10,10
280633,1,1,1986,0,0,0,9,0,0,26,0,11,0
280634,0,1,1986,0,0,0,0,0,0,0,0,0,14
280634,1,1,1986,0,0,0,0,0,0,0,0,0,0
280635,1,1,1986,17,12,13,0,24,17,4,10,19,0
280636,1,1,1986,0,0,0,0,0,8,0,0,9,0
280636,2,1,1986,0,0,0,0,0,0,0,0,0,0
280636,3,1,1986,21,0,0,0,0,7,25,11,0,40
280637,0,1,1986,0,21,24,0,10,12,12,0,0,20
280637,1,1,1986,0,0,0,0,0,0,0,0,0,0
280638,1,1,1986,0,0,0,19,0,0,19,0,0,0
280639,1,1,1986,0,11,5,19,0,0,0,0,0,5
280640,1,1,1986,0,0,0,0,0,0,0,0,0,0
280641,1,1,1986,0,17,0,0,0,0,0,0,0,0
280642,1,1,1986,17,10,20,11,18,0,24,23,10,0
280643,1,1,1986,0,0,0,0,0,4,0,0,0,0
280643,2,1,1986,0,0,0,0,0,0,0,10,0,0
280644,1,1,1986,0,15,28,0,0,0,12,0,23,0
280644,2,1,1986,0,0,0,0,0,0,0,0,0,0
280645,1,1,1986,0,16,9,13,13,5,5,19,16,0
280646,1,1,1986,21,0,0,11,0,19,0,24,22,23
280646,2,1,1986,0,0,0,0,0,0,0,0,0,4
280647,1,1,1986,0,0,0,18,0,0,0,0,0,0
280647,2,1,1986,0,0,0,0,10,0,10,0,22,0
280648,1,1,1986,25,25,25,25,25,25,25,25,25,25
280649,1,1,1986,0,0,0,0,0,0,0,0,0,0
280649,2,1,1986,0,8,0,0,0,0,24,0,0,0
280650,1,1,1986,0,0,0,0,0,6,0,0,0,0
280650,2,1,1986,0,0,0,0,0,0,0,0,0,0
280650,3,1,1986,0,13,19,34,16,0,0,12,0,0
280651,1,1,1986,0,0,0,0,0,6,0,0,0,0
280651,2,1,1986,20,20,20,20,20,20,20,20,20,20
280652,1,1,1986,0,0,16,0,0,8,0,0,0,33
280652,2,1,1986,0,12,8,0,0,10,0,0,0,0
280653,1,1,1986,0,31,10,0,0,0,0,0,0,8
280653,2,1,1986,0,0,0,0,0,0,0,0,0,9
280655,1,1,1986,0,10,0,0,0,0,0,0,17,0
280655,2,1,1986,24,0,0,0,0,0,0,0,0,0
280656,1,1,1986,26,26,26,26,26,26,26,26,26,26
280656,2,1,1986,0,0,0,0,0,16,0,0,0,0
280657,1,1,1986,0,0,0,0,14,0,0,6,0,0
280658,1,1,1986,0,0,0,0,0,0,7,0,9,5
280658,2,1,1986,0,0,0,0,0,0,0,0,0,0
280659,1,1,1986,8,0,0,0,0,0,0,0,0,0
280659,2,1,1986,6,0,0,0,0,0,0,0,0,0
280660,1,1,1986,6,0,18,17,17,18,0,0,0,25
280661,1,1,1986,0,0,0,0,0,0,0,0,0,0
280661,2,1,1986,0,0,0,0,8,0,0,0,0,0
280662,1,1,1986,0,0,0,0,0,0,0,0,0,0
280662,2,1,1986,0,0,0,25,0,0,0,18,18,24
280663,1,1,1986,14,32,15,0,15,0,16,16,0,18
280664,1,1,1986,0,0,0,0,0,0,0,0,0,0
280664,2,1,1986,0,0,0,0,0,0,0,2,0,15
280665,1,1,1986,18,18,18,18,18,18,18,18,18,18
280666,0,1,1986,0,0,0,0,0,0,0,0,15,0
280666,1,1,1986,0,0,0,0,0,0,17,0,0,0
280667,1,1,1986,0,0,17,0,0,0,0,0,0,0
280667,2,1,1986,0,0,0,0,0,0,0,0,0,0
280668,1,1,1986,5,0,0,0,0,0,22,12,4,0
280668,2,1,1986,0,8,16,0,0,0,11,7,14,6
280669,1,1,1986,0,0,0,20,0,9,0,0,0,0
280670,1,1,1986,18,0,25,0,0,19,22,11,15,0
280670,2,1,1986,9,0,0,0,0,0,0,0,0,0
280671,1,1,1986,0,0,0,0,0,0,0,0,0,0
280671,2,1,1986,0,0,0,0,0,0,0,0,0,0
280672,1,1,1986,0,0,0,0,0,0,0,0,5,0
280672,2,1,1986,0,0,0,0,0,0,0,0,0,0
280673,1,1,1986,0,0,0,0,0,0,0,0,0,0
280673,2,1,1986,0,3,0,0,0,0,0,0,0,0
280674,1,1,1986,0,0,0,0,0,0,0,0,0,3
280674,2,1,1986,0,0,0,0,0,0,0,0,0,0
280675,1,1,1986,0,0,0,0,0,0,0,8,0,0
280676,1,1,1986,13,0,0,16,10,12,0,20,17,0
280677,1,1,1986,0,0,0,5,0,0,0,0,0,0
280677,2,1,1986,0,0,0,0,0,0,0,0,0,0
280678,1,1,1986,0,0,0,0,0,0,0,0,0,0
280678,2,1,1986,11,11,11,11,11,11,11,11,11,11
280679,1,1,1986,0,0,20,0,0,0,0,0,0,0
280679,2,1,1986,0,0,0,0,0,0,0,0,0,0
280680,1,1,1986,0,0,0,0,0,0,0,0,0,0
280681,1,1,1986,0,0,0,0,0,0,0,0,0,0
280681,2,1,1986,0,0,13,0,0,0,0,0,0,11
280682,0,1,1986,0,16,14,0,0,0,0,0,0,0
280682,1,1,1986,0,0,11,15,16,0,25,18,0,0
280683,1,1,1986,0,12,4,3,0,0,0,15,21,0
280684,1,1,1986,0,0,0,0,0,0,0,14,0,0
280684,2,1,1986,0,0,0,15,0,0,0,0,0,0
280684,3,1,1986,0,0,0,0,0,0,0,0,0,0
280685,1,1,1986,11,23,18,17,11,27,25,6,0,14
280686,1,1,1986,28,0,0,19,30,0,8,14,0,15
280687,1,1,1986,0,0,0,0,0,0,0,0,8,0
280687,2,1,1986,0,0,0,0,0,4,0,0,0,0
280688,1,1,1986,0,0,0,0,0,7,0,0,0,0
280688,2,1,1986,15,0,0,0,0,0,0,0,15,0
280689,1,1,1986,0,0,0,0,0,0,0,0,0,0
280689,2,1,1986,0,18,0,0,0,0,0,0,0,0
280690,1,1,1986,0,0,0,0,0,0,0,0,0,0
280690,2,1,1986,0,0,0,0,0,0,0,0,0,0
280691,1,1,1986,0,0,0,0,0,0,6,0,6,0
280691,2,1,1986,0,20,0,7,17,4,14,17,7,0
280692,1,1,1986,0,0,0,0,0,0,0,0,0,0
280692,2,1,1986,0,0,0,0,0,0,0,0,0,0
280693,1,1,1986,27,27,12,11,19,14,21,23,18,8
280694,1,1,1986,10,0,8,22,7,29,16,20,0,17
280695,0,1,1986,29,29,29,29,29,29,29,29,29,29