ST_CASE,VEH_NO,PER_NO,YEAR,P1,P2,P3,P4,P5,P6,P7,P8,P9,P10
290288,1,1,1986,0,0,0,0,0,0,0,0,0,0
290289,1,1,1986,0,0,0,14,0,0,0,0,0,0
290290,1,1,1986,0,0,0,0,0,0,0,0,0,0
290290,2,1,1986,0,0,0,0,0,0,0,0,0,0
290291,1,1,1986,0,0,0,0,0,0,0,0,0,0
290291,2,1,1986,0,0,0,0,0,0,0,0,0,0
290292,1,1,1986,0,0,0,0,4,0,0,0,0,0
290293,1,1,1986,0,0,0,0,0,0,0,0,0,0
290293,2,1,1986,0,0,0,0,0,0,0,0,0,0
290293,3,1,1986,0,0,0,0,0,0,0,0,0,0
290294,1,1,1986,0,0,0,0,0,0,0,0,0,0
290295,1,1,1986,17,17,17,17,17,17,17,17,17,17
290296,1,1,1986,12,12,12,12,12,12,12,12,12,12
290297,1,1,1986,0,28,0,0,0,0,0,0,0,0
290298,1,1,1986,11,18,32,15,7,13,17,15,16,7
290299,1,1,1986,0,0,0,3,3,17,14,14,19,0
290300,1,1,1986,0,0,0,0,0,0,0,0,0,0
290300,2,1,1986,0,0,6,0,0,0,0,0,0,10
290301,1,1,1986,0,0,0,0,0,0,0,0,0,0
290301,2,1,1986,0,0,0,0,0,0,17,0,0,11
290302,1,1,1986,0,0,0,0,0,0,0,0,0,0
290303,1,1,1986,8,8,8,8,8,8,8,8,8,8
290303,2,1,1986,0,0,0,0,0,0,0,0,0,0
290304,1,1,1986,0,0,0,0,0,0,0,0,0,0
290305,1,1,1986,4,0,0,0,0,0,0,6,0,0
290305,2,1,1986,0,0,0,0,0,0,0,0,0,0
290306,1,1,1986,36,36,36,36,36,36,36,36,36,36
290306,2,1,1986,0,0,0,0,0,0,0,0,0,0
290306,3,1,1986,0,0,0,15,0,0,0,0,0,0
290307,1,1,1986,0,0,0,0,0,0,0,0,0,0
290307,2,1,1986,0,0,0,0,0,0,0,0,0,0
290308,1,1,1986,0,0,0,0,0,0,0,0,0,0
290308,2,1,1986,0,0,0,0,11,0,0,0,0,9
290309,1,1,1986,0,0,0,0,0,0,0,0,0,0
290309,2,1,1986,0,0,8,0,0,0,0,0,0,0
290310,1,1,1986,22,22,22,22,22,22,22,22,22,22
290311,1,1,1986,11,2,26,23,26,21,9,14,19,15
290312,0,1,1986,0,0,0,0,0,0,0,0,0,0
290312,1,1,1986,0,0,0,0,0,7,0,28,0,0
290313,1,1,1986,0,0,0,0,0,0,0,0,0,0
290314,1,1,1986,8,0,12,9,10,7,0,0,0,0
290315,0,1,1986,0,0,0,0,0,0,0,0,0,0
290315,1,1,1986,0,0,0,0,0,0,0,0,0,0
290316,1,1,1986,16,16,16,16,16,16,16,16,16,16
290317,0,1,1986,0,16,0,0,32,24,0,0,0,0
290317,1,1,1986,12,12,12,12,12,12,12,12,12,12
290318,1,1,1986,0,0,0,0,0,0,0,0,0,0
290318,2,1,1986,0,0,0,4,0,0,0,0,0,0
290319,0,1,1986,13,15,0,9,0,23,30,0,0,0
290319,1,1,1986,0,0,0,0,0,0,0,0,0,0
290320,1,1,1986,20,20,20,20,20,20,20,20,20,20
290320,2,1,1986,0,0,0,21,0,0,0,0,0,0
290321,1,1,1986,0,0,0,0,0,0,0,0,0,0
290321,2,1,1986,0,0,0,0,0,0,0,0,0,0
290322,1,3,1986,6,6,6,6,6,6,6,6,6,6
290323,1,1,1986,0,0,0,0,0,0,0,0,0,0
290323,2,1,1986,2,2,2,2,2,2,2,2,2,2
290323,3,1,1986,0,7,0,0,0,0,0,0,0,0
290324,0,1,1986,0,0,0,0,0,0,0,0,0,0
290324,1,1,1986,6,0,0,0,0,0,0,0,0,0
290325,1,1,1986,0,0,0,0,0,0,0,0,0,0
290326,1,1,1986,0,0,4,0,0,0,0,0,0,0
290326,2,1,1986,0,0,0,0,0,0,0,0,0,0
290327,1,1,1986,21,27,15,24,13,15,13,15,21,13
290328,1,1,1986,13,13,13,13,13,13,13,13,13,13
290328,2,1,1986,0,0,0,0,0,0,17,0,0,0
290329,1,1,1986,9,0,0,11,21,0,12,32,20,13
290330,0,1,1986,0,0,0,0,0,3,0,7,11,4
290330,0,2,1986,0,7,0,0,0,13,0,0,0,0
290330,0,3,1986,0,12,0,0,0,0,0,0,0,0
290330,0,4,1986,0,0,0,0,0,0,0,0,0,0
290330,1,1,1986,21,4,18,11,20,22,8,13,24,9
290331,1,1,1986,30,23,19,4,22,18,20,6,11,16
290331,2,1,1986,0,0,0,0,0,0,0,0,0,0
290332,1,1,1986,0,11,22,2,13,0,15,0,13,0
290333,1,1,1986,0,0,0,0,0,0,0,0,0,0
290333,2,1,1986,0,0,0,0,0,0,0,0,0,0
290334,1,1,1986,0,0,0,18,0,0,0,0,0,0
290335,1,1,1986,12,7,17,17,14,4,23,3,21,0
290336,1,1,1986,24,24,24,24,24,24,24,24,24,24
290337,1,1,1986,0,0,0,0,0,0,0,0,0,0
290337,2,1,1986,0,0,0,0,0,0,0,0,0,0
290338,1,1,1986,0,0,0,0,0,0,0,0,0,0
290338,2,1,1986,0,0,0,0,0,0,0,0,0,0
290339,1,1,1986,18,18,18,18,18,18,18,18,18,18
290340,1,1,1986,0,0,0,0,0,0,0,0,0,0
290340,2,1,1986,2,2,2,2,2,2,2,2,2,2
290341,1,1,1986,13,13,13,13,13,13,13,13,13,13
290342,1,1,1986,0,0,0,0,0,0,0,0,0,0
290343,1,1,1986,22,22,22,22,22,22,22,22,22,22
290344,1,1,1986,0,0,0,0,0,0,0,0,0,0
290344,2,1,1986,0,0,0,0,0,0,0,0,0,0
290345,1,1,1986,0,0,0,0,0,0,0,0,0,0
290345,2,1,1986,0,0,0,0,0,0,0,0,0,0
290346,1,1,1986,0,0,0,0,0,0,0,0,12,0
290346,2,1,1986,28,0,14,0,0,0,21,0,0,0
290347,1,1,1986,0,0,0,0,0,0,0,0,0,0
290348,1,1,1986,18,18,18,18,18,18,18,18,18,18
290349,1,1,1986,0,5,0,0,0,0,8,0,0,0
290349,2,1,1986,20,20,20,20,20,20,20,20,20,20
290350,1,1,1986,19,19,19,19,19,19,19,19,19,19
290351,1,1,1986,17,10,15,6,15,26,14,14,3,25
290352,0,1,1986,27,27,27,27,27,27,27,27,27,27
290352,1,1,1986,0,0,0,0,0,0,0,0,0,0
290353,1,1,1986,0,0,0,0,0,0,0,0,0,1
290354,1,1,1986,20,20,20,20,20,20,20,20,20,20
290354,2,1,1986,0,0,0,0,0,0,0,0,0,0
290355,1,1,1986,20,11,11,10,15,6,24,19,24,16
290356,0,1,1986,0,0,0,0,0,0,0,0,0,0
290356,1,1,1986,0,0,0,0,0,0,0,0,10,0
290357,1,1,1986,0,0,0,0,0,0,0,0,14,0
290357,2,1,1986,0,0,0,0,0,0,0,0,0,0
290358,1,1,1986,0,0,0,0,0,0,0,0,0,0
290359,1,1,1986,19,19,19,19,19,19,19,19,19,19
290360,1,1,1986,4,4,4,4,4,4,4,4,4,4
290360,2,1,1986,0,0,0,0,0,0,0,0,0,0
290361,0,1,1986,0,0,0,0,0,0,0,0,0,0
290361,1,1,1986,0,0,0,0,0,0,0,0,0,0
290362,1,1,1986,12,18,13,0,13,14,0,0,0,8
290363,1,1,1986,0,0,0,0,0,0,0,0,0,0
290363,2,1,1986,0,0,0,0,0,0,0,0,0,0
290363,3,1,1986,0,0,0,0,0,0,0,0,0,0
290363,4,1,1986,0,0,0,0,0,0,0,0,0,0
290363,5,1,1986,0,0,0,0,0,0,0,0,0,0
290364,1,1,1986,5,10,14,0,18,4,8,13,14,28
290365,1,1,1986,14,14,14,14,14,14,14,14,14,14
290365,2,1,1986,0,0,0,0,0,0,0,0,0,0
290366,1,1,1986,14,23,0,11,3,19,6,0,6,5
290366,2,1,1986,13,12,8,17,13,17,18,11,10,19
290367,1,1,1986,0,0,0,0,0,0,0,8,0,0
290368,1,1,1986,3,9,8,9,10,18,24,13,4,7
290368,2,1,1986,0,0,0,0,0,0,0,0,0,0
290369,1,1,1986,12,0,22,11,16,0,7,20,0,0
290370,1,1,1986,17,17,17,17,17,17,17,17,17,17
290370,2,1,1986,0,0,0,0,0,0,0,0,0,0
290370,3,1,1986,0,0,0,0,0,0,0,0,3,0
290371,1,1,1986,0,0,0,0,0,0,0,0,0,0
290371,2,1,1986,0,0,0,0,0,0,0,0,0,0
290371,3,1,1986,0,0,0,0,0,0,0,0,0,0
290372,1,1,1986,0,0,0,0,0,0,0,0,0,0
290372,2,1,1986,0,0,0,0,0,0,0,0,0,0
290373,1,1,1986,29,29,29,29,29,29,29,29,29,29
290373,2,1,1986,0,0,0,0,0,0,0,0,0,0
290374,1,1,1986,0,4,0,0,0,0,0,0,7,0
290375,1,1,1986,0,0,0,0,0,0,0,0,0,0
290375,2,1,1986,0,0,0,0,0,0,0,0,0,0
290376,1,1,1986,0,0,0,0,0,0,0,0,0,0
290376,2,1,1986,0,0,0,0,0,0,0,0,0,0
290377,1,1,1986,0,0,0,0,0,0,0,0,0,0
290378,1,1,1986,0,0,0,0,0,0,0,0,0,0
290378,2,1,1986,0,0,0,0,0,0,0,0,0,0
290379,0,1,1986,0,0,0,0,0,0,0,0,0,0
290379,1,1,1986,0,0,0,0,0,0,0,0,0,0
290380,1,1,1986,20,24,13,0,17,5,28,23,0,21
290380,2,1,1986,19,17,13,12,16,15,11,14,0,43
290381,1,1,1986,0,0,0,0,0,8,0,8,0,0
290382,0,1,1986,0,0,0,0,0,0,0,0,0,0
290382,1,1,1986,0,0,0,0,0,0,0,0,0,0
290383,1,1,1986,0,0,0,0,0,0,0,0,0,0
290384,0,1,1986,25,25,25,25,25,25,25,25,25,25
290384,1,1,1986,0,0,12,18,0,0,0,16,0,0
290385,1,1,1986,12,12,12,12,12,12,12,12,12,12
290386,1,1,1986,9,28,0,20,15,11,0,0,16,23
290387,1,1,1986,0,0,0,0,0,0,0,20,0,0
290387,2,1,1986,0,0,0,0,0,0,0,0,0,5
290388,1,1,1986,0,0,0,0,8,22,0,0,0,14
290388,2,1,1986,0,0,0,0,0,0,0,0,0,5
290389,1,1,1986,10,0,19,23,17,18,0,20,15,35
290390,1,1,1986,0,0,0,0,0,0,0,0,0,0
290390,2,1,1986,0,0,0,0,0,0,0,0,0,0
290391,1,1,1986,0,0,0,0,0,0,0,0,0,0
290391,2,1,1986,0,0,0,0,0,0,0,0,0,0
290392,1,1,1986,7,6,0,0,0,0,0,0,0,16
290392,2,1,1986,21,14,4,21,15,11,0,18,17,22
290393,1,1,1986,0,0,0,0,0,0,0,0,0,0
290394,1,1,1986,15,15,15,15,15,15,15,15,15,15
290395,1,1,1986,0,0,0,0,0,0,0,0,0,0
290395,2,1,1986,0,0,0,0,0,0,0,0,0,0
290396,1,1,1986,0,0,0,0,0,0,0,0,0,0
290397,1,1,1986,25,25,31,23,22,34,23,37,16,21
290398,1,1,1986,16,16,16,16,16,16,16,16,16,16
290399,0,1,1986,0,0,0,0,0,0,0,0,0,0
290399,1,1,1986,0,0,0,0,0,0,0,0,4,0
290400,1,1,1986,5,0,0,25,20,0,0,0,0,0
290401,1,1,1986,0,0,0,0,0,0,0,8,0,7
290401,2,1,1986,0,0,0,0,0,0,0,0,0,0
290402,1,1,1986,0,0,0,0,0,0,0,0,16,0
290403,1,1,1986,0,0,0,0,0,0,0,0,0,0
290403,2,1,1986,0,0,0,0,0,0,0,0,0,0
290404,1,1,1986,12,12,12,12,12,12,12,12,12,12
290405,1,1,1986,12,12,12,12,12,12,12,12,12,12
290405,2,1,1986,13,13,13,13,13,13,13,13,13,13
290406,0,1,1986,0,0,0,0,0,0,0,0,0,0
290406,1,1,1986,0,0,0,0,17,0,0,22,39,0
290407,1,1,1986,29,11,14,0,49,14,0,29,22,11
290408,1,1,1986,0,0,0,0,14,0,0,9,0,0
290409,1,1,1986,0,14,11,21,10,24,12,0,22,12
290410,1,1,1986,0,0,0,0,0,0,0,0,0,0
290411,1,1,1986,0,12,13,12,25,16,8,32,12,23
290412,1,1,1986,0,0,0,0,0,0,0,0,0,0
290413,0,1,1986,0,0,0,0,0,0,0,0,0,0
290413,1,1,1986,0,0,0,0,0,0,0,0,0,0
290414,1,1,1986,30,30,30,30,30,30,30,30,30,30
290414,2,1,1986,0,0,0,0,0,0,0,0,0,0
290415,1,1,1986,0,6,0,0,0,0,0,0,0,0
290415,2,1,1986,0,0,0,0,0,0,0,0,0,0
290416,1,1,1986,0,0,14,0,0,11,0,8,0,0
290417,1,1,1986,12,14,16,10,20,13,29,11,26,6
290418,1,1,1986,0,0,0,0,0,0,0,0,0,0
290419,1,1,1986,0,0,0,0,0,0,0,0,0,0
290419,2,1,1986,0,0,0,0,0,0,0,0,0,0
290420,1,1,1986,0,0,0,0,0,0,0,0,0,0
290421,1,1,1986,15,13,13,23,17,19,12,5,14,26
290422,1,1,1986,0,0,0,0,0,12,0,0,15,0
290423,1,1,1986,0,0,0,0,0,0,0,0,0,0
290424,1,1,1986,35,35,35,35,35,35,35,35,35,35
290424,2,1,1986,0,0,0,0,0,0,0,0,0,0
290425,1,1,1986,0,0,0,0,0,0,0,0,0,0
290425,2,1,1986,0,0,0,0,0,0,0,0,0,0
290426,1,1,1986,0,0,0,0,0,0,0,0,0,4
290426,2,1,1986,0,0,0,0,0,0,0,0,0,0
290427,1,1,1986,0,0,0,0,0,0,0,0,0,0
290427,2,1,1986,0,0,0,0,8,0,0,0,0,0
290428,1,1,1986,0,0,20,21,0,0,0,24,21,0
290429,1,1,1986,0,8,0,0,0,22,0,0,10,22
290430,1,1,1986,20,20,20,20,20,20,20,20,20,20
290431,1,1,1986,3,3,3,3,3,3,3,3,3,3
290431,2,1,1986,0,0,0,0,0,0,0,0,0,0
290432,0,1,1986,12,12,12,12,12,12,12,12,12,12
290432,1,1,1986,0,0,0,16,0,0,0,0,0,0
290433,1,1,1986,0,0,0,0,0,0,0,0,0,0
290433,2,1,1986,15,15,15,15,15,15,15,15,15,15
290434,1,1,1986,0,0,16,0,8,7,18,4,14,12
290434,2,1,1986,0,0,0,0,0,0,0,0,0,0
290434,3,1,1986,0,0,0,0,0,0,0,0,0,0
290434,4,1,1986,0,0,0,0,0,0,0,0,0,0
290435,1,1,1986,23,23,23,23,23,23,23,23,23,23
290436,1,1,1986,0,0,0,0,0,0,0,0,0,0
290437,1,1,1986,19,19,19,19,19,19,19,19,19,19
290439,1,1,1986,15,4,13,5,10,6,8,6,21,7
290439,2,1,1986,3,3,3,3,3,3,3,3,3,3
290440,1,1,1986,0,0,0,0,0,0,0,0,0,0
290440,2,1,1986,14,38,9,2,13,8,25,12,19,0
290440,3,1,1986,0,0,0,0,0,0,0,0,0,0
290441,0,1,1986,34,34,34,34,34,34,34,34,34,34
290441,1,1,1986,0,0,15,0,0,0,0,0,0,0
290442,0,1,1986,21,21,21,21,21,21,21,21,21,21
290442,1,1,1986,0,0,0,5,0,0,0,0,0,0
290443,0,1,1986,0,0,0,0,0,0,0,0,0,0
290443,1,1,1986,0,0,0,0,0,0,0,0,0,0
290444,0,1,1986,0,0,0,0,0,7,0,15,0,0
290444,1,1,1986,0,0,0,0,0,0,0,0,0,0
290445,0,1,1986,0,4,8,0,0,0,0,0,18,0
290445,0,2,1986,12,12,12,12,12,12,12,12,12,12
290445,0,3,1986,17,0,0,0,0,11,16,0,17,0
290445,0,4,1986,6,6,6,6,6,6,6,6,6,6
290445,1,1,1986,7,13,11,17,10,4,17,18,34,24
290446,1,1,1986,18,18,18,18,18,18,18,18,18,18
290446,2,1,1986,0,15,0,0,0,0,0,0,0,0
290447,1,1,1986,0,0,0,0,0,0,0,0,7,0
290448,1,1,1986,9,9,9,9,9,9,9,9,9,9
290449,1,1,1986,0,21,27,0,21,0,22,0,0,24
290449,2,1,1986,0,0,0,0,0,0,0,0,0,0
290450,0,1,1986,23,23,23,23,23,23,23,23,23,23
290450,1,1,1986,0,0,0,0,10,0,0,0,0,0
290451,1,1,1986,17,17,17,17,17,17,17,17,17,17
290452,1,1,1986,20,15,27,11,16,10,22,11,43,15
290453,1,1,1986,13,0,0,0,0,0,0,0,0,0
290453,2,1,1986,0,0,0,0,0,0,0,0,0,0
290454,1,1,1986,19,0,0,2,22,0,0,0,0,0
290455,1,1,1986,19,19,19,19,19,19,19,19,19,19
290456,1,1,1986,0,0,0,0,0,0,0,0,0,0
290456,2,1,1986,0,0,0,0,0,0,0,0,0,0
290457,1,1,1986,0,0,0,0,0,0,0,0,0,0
290457,2,1,1986,0,0,0,14,0,0,0,0,0,0
290458,1,1,1986,0,12,0,0,0,0,0,0,0,1
290458,2,1,1986,0,0,0,0,0,0,0,0,0,0
290459,1,1,1986,11,21,10,12,5,19,20,27,20,15
290460,1,1,1986,0,3,18,0,8,0,8,0,0,0
290461,1,1,1986,0,0,0,0,0,0,0,0,0,0
290461,2,1,1986,4,4,4,4,4,4,4,4,4,4
290461,3,1,1986,0,3,0,0,0,0,5,0,0,0
290462,1,1,1986,28,0,4,0,0,25,35,9,10,0
290463,1,1,1986,29,18,32,12,31,7,0,22,16,6
290464,1,1,1986,26,26,26,26,26,26,26,26,26,26
290465,0,1,1986,23,0,29,0,0,16,0,7,9,16
290465,2,1,1986,14,12,9,5,3,13,0,14,8,9
290466,1,1,1986,17,17,17,17,17,17,17,17,17,17
290466,2,1,1986,0,0,0,0,0,0,17,0,0,0
290467,1,1,1986,0,0,0,0,0,0,0,0,0,0
290467,2,1,1986,0,0,0,0,0,0,0,0,0,0
290468,1,1,1986,23,23,23,23,23,23,23,23,23,23
290469,0,1,1986,21,21,21,21,21,21,21,21,21,21
290469,1,1,1986,0,0,0,0,0,0,0,0,0,0
290470,0,1,1986,0,0,0,0,0,0,0,0,4,0
290470,0,2,1986,17,0,0,0,0,0,0,0,24,6
290470,0,3,1986,0,0,0,0,0,0,0,0,5,0
290470,0,4,1986,0,0,0,0,0,0,0,14,0,19
290470,1,1,1986,0,0,0,0,0,0,0,0,0,0
290471,1,1,1986,0,0,0,0,0,0,0,0,0,0
290472,1,1,1986,6,0,0,0,0,0,0,0,0,0
290472,2,1,1986,0,0,0,0,0,0,0,0,0,0
290473,1,1,1986,29,29,29,29,29,29,29,29,29,29
290473,2,1,1986,0,0,0,0,0,0,0,0,0,0
290474,1,1,1986,0,0,0,0,0,0,0,0,0,0
290475,1,1,1986,5,7,16,33,8,11,17,8,20,9
290475,2,1,1986,0,0,0,0,0,0,0,0,0,0
290476,0,1,1986,33,17,20,11,12,19,22,17,15,8
290476,1,1,1986,13,10,0,0,0,0,0,5,0,0
290477,1,1,1986,18,18,18,18,18,18,18,18,18,18
290478,0,1,1986,27,5,29,35,27,35,11,13,29,33
290478,1,1,1986,14,12,19,6,10,4,19,5,18,25
290479,1,1,1986,17,17,17,17,17,17,17,17,17,17
290480,1,1,1986,15,17,0,15,25,14,19,16,10,20
290481,1,1,1986,10,0,0,19,0,0,4,8,14,0
290482,1,1,1986,21,0,7,8,12,16,12,14,10,13
290483,1,1,1986,5,5,5,5,5,5,5,5,5,5
290484,1,1,1986,21,21,21,21,21,21,21,21,21,21
290485,1,1,1986,10,0,0,0,36,0,0,0,0,0
290486,1,1,1986,0,0,0,0,16,14,0,0,0,0
290487,1,1,1986,0,0,0,0,0,0,0,0,0,0
290487,2,1,1986,0,0,0,0,0,0,0,0,0,0
290488,1,1,1986,0,0,0,0,7,0,0,0,0,15
290489,1,1,1986,26,10,19,34,14,17,23,10,20,0
290490,1,1,1986,30,30,30,30,30,30,30,30,30,30
290491,1,1,1986,0,0,0,0,0,0,18,19,13,0
290492,1,1,1986,0,0,0,0,0,21,17,0,0,0
290492,2,1,1986,9,9,9,9,9,9,9,9,9,9
290493,1,1,1986,0,21,12,21,10,16,17,6,13,27
290493,2,1,1986,0,0,12,10,10,0,0,0,0,0
290494,1,1,1986,0,0,0,0,0,0,0,0,7,0
290495,1,1,1986,0,9,0,0,0,0,15,0,20,0
290495,2,1,1986,0,0,0,0,0,15,0,0,0,0
290496,1,1,1986,0,0,0,0,0,0,0,0,0,0
290497,1,1,1986,3,3,3,3,3,3,3,3,3,3
290497,2,1,1986,0,0,19,0,0,0,0,0,0,0
290497,3,1,1986,8,0,0,0,0,15,0,0,0,7
290498,1,1,1986,0,23,0,8,0,9,3,7,0,0
290498,2,1,1986,9,16,0,13,12,9,7,13,6,8
290499,1,1,1986,0,0,0,0,0,0,0,0,0,0
290499,2,1,1986,0,10,0,0,0,0,0,0,12,0
290500,1,1,1986,0,1,0,0,16,0,0,0,0,0
290500,2,1,1986,0,0,0,0,0,0,0,0,0,0
290500,3,1,1986,0,0,0,0,0,0,0,0,0,0
290500,4,1,1986,0,0,0,0,0,0,0,0,0,0
290500,5,1,1986,0,0,0,0,0,0,0,0,0,10
290500,6,1,1986,0,0,0,0,0,0,0,0,0,0
290501,1,1,1986,5,7,0,0,5,29,31,19,19,14
290502,1,1,1986,0,0,0,0,0,5,0,0,0,0
290502,2,1,1986,0,0,0,0,0,0,0,0,0,0
290502,3,1,1986,0,0,0,0,0,0,0,0,0,0
290503,1,1,1986,7,17,4,19,19,5,10,13,4,0
290504,1,1,1986,21,21,21,21,21,21,21,21,21,21
290505,1,1,1986,0,0,0,0,0,0,0,0,0,0
290505,2,1,1986,8,0,23,0,0,0,0,0,0,0
290506,1,1,1986,0,0,0,21,6,0,0,0,0,0
290507,1,1,1986,0,0,0,0,0,0,0,0,0,0
290508,1,1,1986,0,0,0,0,0,0,0,0,0,13
290508,2,1,1986,16,16,16,16,16,16,16,16,16,16
290509,1,1,1986,0,0,0,0,0,17,10,0,0,18
290510,1,1,1986,21,21,21,21,21,21,21,21,21,21
290511,1,1,1986,0,0,0,0,0,0,0,0,0,0
290511,2,1,1986,21,21,21,21,21,21,21,21,21,21
290512,1,1,1986,22,22,22,22,22,22,22,22,22,22
290512,2,1,1986,0,0,0,0,6,0,0,0,0,0
290513,0,1,1986,0,0,0,0,0,0,0,0,0,0
290513,1,1,1986,0,0,0,0,0,0,0,0,0,0
290514,0,1,1986,0,16,22,22,0,0,0,0,0,26
290514,1,1,1986,0,0,0,0,0,10,0,0,0,0
290515,1,1,1986,3,3,3,3,3,3,3,3,3,3
290516,1,1,1986,14,0,5,24,15,10,16,5,9,18
290516,2,1,1986,0,0,0,0,0,0,0,0,0,0
290517,1,1,1986,0,0,0,0,0,0,0,0,0,0
290517,2,1,1986,0,0,0,0,0,0,0,0,0,0
290518,1,1,1986,0,0,0,0,0,0,0,2,0,0
290518,2,1,1986,0,9,0,0,0,0,0,0,0,0
290519,1,1,1986,12,12,12,12,12,12,12,12,12,12
290520,1,1,1986,10,4,0,16,9,21,26,16,9,21
290521,1,1,1986,0,0,0,0,0,0,0,0,0,0
290522,1,1,1986,17,10,25,10,19,10,7,4,13,20
290523,1,1,1986,0,0,0,0,0,0,0,0,0,0
290524,1,1,1986,14,15,0,0,0,11,0,0,16,13
290525,1,1,1986,0,0,0,0,0,0,0,9,0,16
290526,1,1,1986,0,0,0,0,0,0,0,0,0,0
290527,0,1,1986,0,0,0,0,0,0,0,0,0,0
290527,1,1,1986,0,0,0,0,0,0,0,0,0,0
290528,1,1,1986,0,0,0,0,0,0,0,0,0,0
290529,1,1,1986,0,0,0,0,0,0,0,0,0,0
290529,2,1,1986,0,0,19,0,12,0,0,0,13,0
290530,1,1,1986,11,0,23,26,0,13,10,31,6,10
290531,1,1,1986,17,17,17,17,17,17,17,17,17,17
290531,2,1,1986,0,0,0,0,0,0,0,0,0,0
290532,1,1,1986,19,19,19,19,19,19,19,19,19,19
290533,1,1,1986,17,17,17,17,17,17,17,17,17,17
290533,2,1,1986,0,0,0,0,0,0,0,0,0,0
290534,1,1,1986,0,0,0,0,0,0,0,5,0,0
290534,2,1,1986,0,0,0,0,0,0,0,0,0,0
290535,1,1,1986,20,20,20,20,20,20,20,20,20,20
290535,2,1,1986,12,0,10,7,26,30,0,22,26,16
290536,0,1,1986,0,0,0,0,0,0,0,0,0,0
290536,1,1,1986,0,0,0,0,0,0,0,0,0,0
290537,1,1,1986,4,10,20,18,8,9,26,17,7,18
290537,2,1,1986,0,0,0,0,0,0,0,0,0,0
290538,1,1,1986,23,9,25,19,23,19,9,21,29,4
290538,2,1,1986,0,0,0,0,0,0,0,0,0,0
290539,1,1,1986,10,32,14,24,17,18,29,18,17,13
290540,1,1,1986,13,13,13,13,13,13,13,13,13,13
290541,1,1,1986,18,18,18,18,18,18,18,18,18,18
290542,1,1,1986,0,0,0,0,0,0,0,0,0,0
290543,0,1,1986,15,15,15,15,15,15,15,15,15,15
290543,1,1,1986,15,15,15,15,15,15,15,15,15,15
290544,1,1,1986,8,13,14,14,26,13,16,13,19,9
290545,1,1,1986,26,17,22,21,21,7,10,22,17,14
290546,1,1,1986,11,11,11,11,11,11,11,11,11,11
290547,1,1,1986,7,7,7,7,7,7,7,7,7,7
290548,1,1,1986,0,0,0,0,0,0,0,0,20,0
290549,1,1,1986,0,0,0,8,0,30,0,0,16,0
290550,1,1,1986,0,0,0,0,0,11,0,24,0,0
290550,2,1,1986,0,0,0,0,0,0,0,0,0,0
290551,1,1,1986,19,19,19,19,19,19,19,19,19,19
290552,1,1,1986,16,16,16,16,16,16,16,16,16,16
290552,2,1,1986,0,0,0,0,0,0,0,0,0,0
290553,1,1,1986,0,0,0,0,0,0,0,0,0,0
290553,2,1,1986,0,0,0,0,0,0,0,0,0,0
290554,1,1,1986,2,2,2,2,2,2,2,2,2,2
290555,1,1,1986,34,0,6,0,11,30,0,7,0,35
290555,2,1,1986,22,12,10,19,21,27,12,7,21,0
290556,1,1,1986,0,15,13,13,13,10,22,0,15,22
290557,1,1,1986,0,0,0,0,0,0,0,0,0,0
290557,2,1,1986,0,0,0,0,0,16,0,0,0,0
290558,1,1,1986,0,0,0,0,0,0,0,0,0,0
290558,2,1,1986,0,0,0,0,0,0,0,0,0,0
290559,0,1,1986,0,0,0,0,0,0,0,0,0,0
290559,1,1,1986,0,0,0,0,0,0,0,0,0,0
290560,1,1,1986,1,1,1,1,1,1,1,1,1,1
290560,2,1,1986,0,0,0,0,0,0,0,0,0,0
290560,3,1,1986,0,0,0,0,0,0,0,0,0,0
290561,1,1,1986,0,0,0,0,0,0,0,0,0,0
290562,1,1,1986,0,0,0,0,0,0,13,0,0,0
290563,1,1,1986,21,21,21,21,21,21,21,21,21,21
290563,2,1,1986,0,0,0,0,0,0,0,0,6,0
290564,1,1,1986,0,0,0,22,6,25,17,0,0,10
290564,2,1,1986,0,0,7,8,11,0,8,13,0,6
290565,1,1,1986,7,5,18,15,13,15,35,15,11,7
290565,2,1,1986,0,0,0,0,0,0,0,0,0,0
290566,1,1,1986,19,19,19,19,19,19,19,19,19,19
290566,2,1,1986,0,0,0,0,0,0,0,0,0,0
290567,0,1,1986,0,0,0,0,0,0,0,0,0,0
290567,1,1,1986,12,0,21,18,7,28,0,0,0,0
290568,1,1,1986,0,0,0,0,0,0,0,0,0,19
290568,2,1,1986,0,0,0,0,0,0,0,0,0,0
290569,1,1,1986,7,7,7,7,7,7,7,7,7,7
290570,1,1,1986,18,18,18,18,18,18,18,18,18,18
290570,2,1,1986,0,0,0,0,0,0,0,0,0,0
290570,3,1,1986,0,0,0,0,0,0,0,0,0,0
290571,1,1,1986,0,0,0,0,0,0,0,0,6,0
290572,1,1,1986,0,18,6,9,9,0,19,26,10,0
290573,1,1,1986,11,12,9,16,2,4,20,21,19,0
290574,0,1,1986,0,0,0,0,0,0,0,0,0,0