ST_CASE,VEH_NO,PER_NO,YEAR,P1,P2,P3,P4,P5,P6,P7,P8,P9,P10
290870,1,1,1986,19,13,19,20,11,13,13,29,16,11
290871,1,1,1986,0,0,0,0,0,0,0,0,0,0
290871,2,1,1986,0,0,0,0,0,0,0,0,0,0
290872,1,1,1986,27,27,27,27,27,27,27,27,27,27
290873,0,1,1986,0,0,0,0,0,0,0,0,0,23
290873,1,1,1986,0,0,0,0,0,0,0,0,0,0
290874,1,1,1986,0,0,0,0,0,0,0,0,0,8
290874,2,1,1986,9,9,16,16,11,0,0,37,9,24
290875,1,1,1986,0,0,0,0,0,0,0,0,0,0
290876,0,1,1986,0,0,0,0,0,0,0,0,0,0
290876,1,1,1986,0,0,0,0,0,0,0,0,0,0
290877,1,1,1986,5,14,16,17,18,12,15,9,14,8
290877,2,1,1986,0,0,0,0,0,0,0,0,0,0
290878,1,1,1986,20,18,0,14,0,14,0,25,15,19
290879,1,1,1986,0,0,0,0,0,0,0,0,0,0
290879,2,1,1986,0,0,0,0,0,0,0,0,0,0
290880,1,1,1986,31,25,8,7,0,14,8,20,11,16
290880,2,1,1986,5,5,5,5,5,5,5,5,5,5
290881,1,1,1986,0,0,0,0,0,0,0,0,0,0
290881,2,1,1986,0,0,0,0,0,0,0,0,0,0
290882,1,1,1986,12,12,12,12,12,12,12,12,12,12
290882,2,1,1986,10,8,17,14,0,25,12,17,18,18
290883,1,1,1986,21,21,21,21,21,21,21,21,21,21
290884,1,1,1986,0,0,0,0,0,0,0,0,0,0
290885,1,1,1986,20,19,8,33,24,9,6,16,24,10
290885,2,1,1986,18,0,0,11,22,23,7,3,11,4
290886,1,1,1986,0,0,0,0,0,0,0,0,0,0
290886,2,1,1986,0,0,0,0,0,0,0,0,0,0
290887,0,1,1986,0,0,0,0,0,0,0,0,0,0
290887,1,1,1986,0,0,0,0,0,0,0,0,0,0
290887,2,1,1986,0,0,0,6,0,0,0,0,0,0
290888,1,1,1986,0,0,0,0,0,0,0,0,0,0
290888,2,1,1986,0,0,0,0,0,0,0,0,0,0
290889,1,1,1986,26,26,26,26,26,26,26,26,26,26
290889,2,1,1986,0,0,0,0,0,15,0,0,0,0
290890,1,1,1986,0,0,0,0,0,0,0,13,0,0
290890,2,1,1986,0,0,0,0,0,0,0,0,0,0
290891,1,1,1986,0,0,0,0,0,0,0,0,0,0
290892,1,1,1986,0,35,0,0,0,0,0,0,0,0
290892,2,1,1986,0,0,0,0,0,0,0,0,0,0
290893,1,1,1986,0,0,0,0,0,0,0,0,0,0
290893,2,1,1986,13,0,0,0,0,0,0,0,0,0
290894,1,1,1986,0,0,0,0,0,0,0,0,0,0
290894,2,1,1986,0,0,0,0,0,0,0,0,0,0
290895,1,1,1986,0,0,0,0,0,0,0,0,0,0
290896,1,1,1986,0,0,0,0,0,0,0,0,0,0
290896,2,1,1986,30,30,30,30,30,30,30,30,30,30
290897,1,1,1986,19,19,19,19,19,19,19,19,19,19
290898,1,1,1986,0,0,0,0,0,0,0,0,0,0
290898,2,1,1986,0,0,0,0,0,0,0,0,0,0
290899,0,1,1986,0,0,0,0,0,0,0,0,0,0
290899,1,1,1986,0,0,0,0,0,0,0,0,0,0
290900,1,1,1986,0,19,0,12,8,0,5,28,11,0
290900,2,1,1986,23,2,16,0,5,9,8,7,31,25
290901,1,1,1986,0,0,0,0,0,0,0,0,0,0
290901,2,1,1986,0,0,0,0,0,0,0,0,0,0
290902,1,1,1986,5,0,0,0,15,0,0,0,20,0
290902,2,1,1986,0,0,0,0,0,0,0,0,0,0
290903,1,1,1986,0,0,0,0,0,0,0,0,0,0
290903,2,1,1986,0,0,0,0,23,10,0,0,0,0
290904,0,1,1986,8,8,8,8,8,8,8,8,8,8
290904,0,2,1986,22,13,14,9,30,37,15,0,6,3
290904,1,1,1986,21,10,16,2,26,12,26,7,19,3
290904,2,1,1986,0,0,0,0,0,13,0,0,2,0
290905,1,1,1986,22,22,22,22,22,22,22,22,22,22
290906,1,1,1986,23,23,23,23,23,23,23,23,23,23
290907,1,1,1986,0,0,0,0,0,0,0,0,0,0
290908,1,1,1986,0,20,8,29,0,0,18,0,0,18
290909,1,1,1986,0,0,0,0,0,0,0,0,0,0
290909,2,1,1986,11,11,11,11,11,11,11,11,11,11
290910,1,1,1986,14,12,15,0,9,10,11,20,18,19
290911,1,1,1986,0,0,0,0,0,0,0,0,0,0
290911,2,1,1986,0,0,0,0,0,0,0,0,0,0
290911,3,1,1986,0,0,0,0,0,0,0,0,0,0
290912,1,1,1986,0,0,0,21,6,0,12,9,0,0
290912,2,1,1986,0,0,0,0,0,0,0,0,0,0
290913,1,1,1986,0,0,0,0,0,0,19,11,8,0
290913,2,1,1986,15,20,27,16,8,18,14,8,11,12
290914,1,1,1986,0,0,0,0,0,0,0,0,0,0
290915,1,1,1986,18,18,18,18,18,18,18,18,18,18
290916,1,1,1986,22,0,0,0,0,30,0,0,12,10
290917,1,1,1986,0,0,0,0,0,0,0,0,0,0
290918,1,1,1986,16,16,16,16,16,16,16,16,16,16
290918,2,1,1986,0,0,0,0,0,0,0,0,0,0
290919,1,1,1986,17,17,17,17,17,17,17,17,17,17
290920,1,1,1986,25,25,25,25,25,25,25,25,25,25
290921,1,1,1986,0,0,0,0,0,0,0,0,0,0
290922,1,1,1986,18,0,25,12,19,18,17,0,35,16
290923,1,1,1986,0,0,0,0,1,0,0,0,8,0
290923,2,1,1986,19,0,0,0,0,0,0,18,0,0
290923,3,1,1986,27,27,27,27,27,27,27,27,27,27
290924,0,1,1986,0,0,0,0,0,0,0,0,0,0
290924,1,1,1986,0,0,0,2,0,0,0,0,0,0
290925,1,1,1986,24,13,24,7,23,16,10,9,5,15
290925,2,1,1986,0,0,0,0,0,0,0,0,0,0
290925,3,1,1986,0,0,0,0,0,0,0,0,0,0
290926,1,1,1986,0,0,0,0,0,0,0,0,0,0
290926,2,1,1986,20,20,20,20,20,20,20,20,20,20
290927,1,1,1986,0,0,0,0,0,0,0,0,0,0
290927,2,1,1986,0,0,0,0,0,0,0,0,0,0
290928,1,1,1986,0,0,0,0,0,0,0,0,0,0
290928,2,1,1986,0,0,0,0,0,0,0,0,0,0
290929,1,1,1986,32,32,32,32,32,32,32,32,32,32
290930,0,1,1986,0,0,0,0,0,0,0,0,0,0
290930,1,1,1986,0,0,0,11,0,0,0,0,0,0
290931,1,1,1986,6,0,0,0,0,0,0,0,0,0
290931,2,1,1986,0,0,0,0,0,0,0,0,0,0
290932,1,1,1986,23,23,23,23,23,23,23,23,23,23
290933,0,1,1986,0,0,0,0,0,0,0,0,0,0
290933,1,1,1986,0,0,0,0,0,0,0,0,0,0
290934,1,1,1986,0,0,0,0,0,0,0,0,0,0
290934,2,1,1986,0,0,0,0,0,0,0,0,0,0
290935,1,1,1986,0,0,0,0,0,0,0,0,0,0
290936,1,1,1986,10,6,5,3,0,0,0,0,0,18
290936,2,1,1986,0,0,0,0,0,0,0,0,0,0
290937,1,1,1986,0,4,0,0,0,0,0,0,0,0
290937,2,1,1986,0,0,0,0,0,0,0,0,6,0
290938,1,1,1986,13,13,13,13,13,13,13,13,13,13
290939,1,1,1986,14,9,16,7,11,0,8,14,11,15
290940,0,1,1986,0,0,0,0,0,0,0,0,0,0
290940,1,1,1986,0,0,0,0,0,18,0,0,0,0
290941,1,1,1986,0,16,0,0,0,0,0,0,0,0
290941,2,1,1986,0,0,0,0,0,0,0,0,0,0
290942,1,1,1986,0,0,24,0,0,5,0,0,12,0
290943,1,1,1986,0,0,0,0,0,17,0,0,0,0
290944,1,1,1986,31,10,13,23,33,0,34,23,15,16
290945,1,1,1986,0,0,0,0,0,0,0,0,0,0
290946,1,1,1986,15,0,0,0,13,0,0,0,0,0
290946,2,1,1986,0,0,0,0,0,0,0,0,0,0
290946,3,1,1986,0,0,0,0,0,0,0,0,0,0
290947,1,1,1986,0,0,0,0,0,0,0,0,0,0
290947,2,1,1986,18,18,18,18,18,18,18,18,18,18
290948,0,1,1986,12,12,12,12,12,12,12,12,12,12
290948,1,1,1986,0,8,20,0,0,18,16,5,16,7
290949,1,1,1986,0,0,0,0,0,0,0,0,0,0
290949,2,1,1986,0,0,0,14,0,0,0,0,0,0
290950,1,1,1986,17,17,17,17,17,17,17,17,17,17
290951,1,1,1986,0,0,0,0,0,0,0,0,0,0
290951,2,1,1986,0,14,6,0,0,0,0,19,0,0
290952,1,1,1986,33,33,33,33,33,33,33,33,33,33
290953,1,1,1986,0,0,0,0,0,0,0,0,0,0
290953,2,1,1986,0,0,0,0,0,0,0,0,0,0
290954,1,1,1986,31,31,31,31,31,31,31,31,31,31
290955,1,1,1986,12,11,43,8,38,11,22,22,10,0
290956,1,1,1986,0,0,0,0,0,0,0,0,0,0
290956,2,1,1986,0,0,0,0,0,0,0,0,0,0
290957,1,1,1986,0,0,0,0,0,17,0,0,0,0
290958,1,1,1986,13,13,13,13,13,13,13,13,13,13
290959,1,1,1986,0,0,0,0,0,0,0,0,0,0
290960,1,1,1986,5,5,5,5,5,5,5,5,5,5
290961,1,1,1986,0,0,4,15,10,15,10,14,24,0
290961,2,1,1986,0,0,0,0,0,0,0,0,0,0
290962,0,1,1986,0,0,0,0,0,0,0,0,0,0
290962,1,1,1986,0,0,0,0,0,0,0,0,0,0
290963,1,1,1986,0,0,0,0,0,0,0,0,0,0
290963,2,1,1986,21,21,21,21,21,21,21,21,21,21
290964,1,1,1986,0,0,0,0,0,0,0,0,0,0
290965,1,1,1986,13,18,4,15,17,4,13,10,19,17
290965,2,1,1986,25,0,13,0,15,0,5,0,12,5
290966,1,1,1986,6,6,6,6,6,6,6,6,6,6
290966,2,1,1986,0,0,0,0,0,0,0,0,0,0
290967,1,1,1986,17,17,17,17,17,17,17,17,17,17
290968,1,1,1986,0,0,0,0,0,0,0,0,0,0
290969,0,1,1986,0,0,0,0,0,0,0,0,0,0
290969,1,1,1986,0,0,0,0,13,0,11,0,0,0
290970,1,1,1986,14,14,14,14,14,14,14,14,14,14
290971,0,1,1986,0,0,0,0,0,0,0,0,0,0
290971,1,1,1986,0,0,0,0,0,0,0,0,0,0
290972,1,1,1986,0,0,0,0,0,0,0,0,0,0
290972,2,1,1986,0,0,0,0,0,0,0,0,0,0
290973,1,1,1986,0,0,0,0,0,0,0,0,0,0
290975,1,1,1986,0,5,0,0,0,0,0,12,0,0
290975,2,1,1986,9,0,9,10,7,9,5,10,5,6
290976,0,1,1986,17,6,0,0,16,9,15,14,21,0
290976,1,1,1986,0,0,0,0,0,0,0,0,0,0
290977,1,1,1986,0,0,0,0,0,0,0,0,0,0
290978,1,1,1986,0,0,0,0,0,0,0,0,0,0
290978,2,1,1986,0,0,0,0,0,0,0,0,0,0
290979,1,1,1986,14,14,14,14,14,14,14,14,14,14
290980,1,1,1986,15,9,19,25,18,7,12,14,0,17
290981,1,1,1986,12,9,0,0,0,0,0,0,0,0
300001,1,1,1986,0,0,0,0,0,0,0,0,0,0
300001,2,1,1986,0,0,0,0,0,0,0,0,0,0
300002,1,1,1986,12,12,12,12,12,12,12,12,12,12
300002,2,1,1986,0,0,0,7,0,0,0,0,0,0
300003,1,1,1986,20,20,20,20,20,20,20,20,20,20
300004,1,1,1986,0,0,0,0,0,0,0,0,0,0
300004,2,1,1986,0,0,0,0,0,0,0,0,13,0
300005,1,1,1986,0,0,0,0,0,0,0,0,0,0
300006,1,1,1986,0,0,0,0,0,0,0,0,0,0
300006,2,1,1986,0,0,0,0,0,0,0,0,0,0
300007,1,1,1986,0,0,0,0,0,0,0,0,0,0
300007,2,1,1986,12,12,12,12,12,12,12,12,12,12
300008,1,1,1986,0,0,0,0,0,0,0,0,0,0
300008,2,1,1986,0,0,0,0,0,0,0,0,0,0
300009,1,1,1986,24,24,24,24,24,24,24,24,24,24
300010,1,1,1986,33,33,33,33,33,33,33,33,33,33
300011,1,1,1986,0,0,0,0,0,0,0,0,0,0
300011,2,1,1986,0,0,0,0,0,0,0,0,0,0
300012,1,1,1986,24,24,24,24,24,24,24,24,24,24
300013,1,1,1986,0,0,0,0,0,0,0,0,0,0
300013,2,1,1986,2,2,2,2,2,2,2,2,2,2
300015,1,1,1986,0,0,0,0,0,0,0,0,0,0
300015,2,1,1986,0,0,0,0,0,0,0,0,0,0
300016,1,1,1986,0,0,0,0,0,0,0,0,0,0
300016,2,1,1986,0,0,0,0,0,0,0,0,0,0
300017,1,1,1986,9,9,9,9,9,9,9,9,9,9
300017,2,1,1986,0,0,0,0,0,0,0,0,0,0
300018,1,1,1986,1,1,1,1,1,1,1,1,1,1
300019,1,1,1986,1,1,1,1,1,1,1,1,1,1
300020,0,1,1986,21,14,0,0,0,31,0,0,0,8
300020,0,2,1986,0,0,0,0,0,0,0,0,0,0
300020,1,1,1986,0,0,0,0,0,0,0,0,0,0
300021,1,1,1986,0,0,0,0,0,0,0,0,0,0
300022,1,1,1986,0,0,0,0,0,0,0,0,0,0
300022,2,1,1986,22,22,22,22,22,22,22,22,22,22
300023,1,1,1986,25,25,25,25,25,25,25,25,25,25
300024,1,1,1986,18,18,18,18,18,18,18,18,18,18
300025,1,1,1986,0,0,0,0,0,0,0,0,0,0
300026,1,1,1986,0,0,0,0,0,0,0,0,0,0
300026,2,1,1986,0,0,0,13,0,0,0,0,0,0
300027,1,1,1986,24,0,0,0,0,0,0,0,0,0
300027,2,1,1986,20,20,20,20,20,20,20,20,20,20
300028,1,1,1986,0,0,0,0,0,0,0,0,0,0
300029,1,1,1986,21,21,21,21,21,21,21,21,21,21
300030,1,1,1986,17,17,17,17,17,17,17,17,17,17
300030,2,1,1986,30,30,30,30,30,30,30,30,30,30
300031,1,1,1986,0,0,0,0,0,0,0,0,0,0
300032,1,1,1986,15,15,15,15,15,15,15,15,15,15
300032,2,1,1986,12,12,12,12,12,12,12,12,12,12
300033,1,1,1986,0,0,0,0,0,0,0,0,0,0
300033,2,1,1986,0,0,0,0,0,0,0,0,0,0
300034,1,1,1986,21,21,21,21,21,21,21,21,21,21
300035,1,1,1986,23,23,23,23,23,23,23,23,23,23
300036,1,1,1986,23,23,23,23,23,23,23,23,23,23
300037,1,1,1986,0,0,0,0,0,0,0,0,0,0
300038,1,1,1986,20,20,20,20,20,20,20,20,20,20
300039,1,1,1986,19,19,19,19,19,19,19,19,19,19
300040,1,1,1986,17,17,17,17,17,17,17,17,17,17
300041,0,1,1986,23,23,23,23,23,23,23,23,23,23
300041,1,1,1986,16,0,0,10,0,0,0,0,16,0
300042,1,1,1986,22,22,22,22,22,22,22,22,22,22
300043,1,1,1986,0,0,0,5,0,0,0,29,0,0
300044,1,1,1986,0,0,0,0,0,0,0,0,0,0
300044,2,1,1986,0,0,0,0,0,0,0,0,0,0
300045,1,1,1986,0,0,0,0,0,0,0,0,0,0
300046,1,1,1986,16,16,16,16,16,16,16,16,16,16
300047,1,1,1986,0,0,0,0,0,0,0,0,0,0
300048,1,1,1986,0,0,0,0,0,0,0,0,0,0
300049,1,1,1986,10,10,10,10,10,10,10,10,10,10
300050,1,1,1986,2,2,2,2,2,2,2,2,2,2
300051,1,1,1986,15,15,15,15,15,15,15,15,15,15
300052,1,1,1986,0,0,0,0,0,0,0,0,0,0
300053,1,1,1986,0,0,0,0,0,0,0,0,0,0
300054,0,1,1986,12,23,32,34,0,17,0,0,20,0
300054,0,2,1986,25,17,0,35,21,46,22,25,35,14
300054,1,1,1986,21,21,21,21,21,21,21,21,21,21
300055,1,1,1986,0,0,0,0,0,0,0,0,0,0
300056,1,1,1986,0,0,0,0,0,0,0,0,0,0
300057,0,1,1986,18,18,18,18,18,18,18,18,18,18
300057,1,1,1986,6,35,6,33,4,20,8,22,0,5
300058,1,1,1986,0,0,0,0,0,0,0,0,0,0
300059,1,1,1986,0,0,0,0,0,0,0,0,0,0
300060,1,1,1986,24,24,24,24,24,24,24,24,24,24
300061,1,1,1986,32,32,32,32,32,32,32,32,32,32
300061,2,1,1986,0,0,0,0,0,0,0,0,0,0
300062,1,1,1986,2,2,2,2,2,2,2,2,2,2
300062,2,1,1986,0,0,0,0,0,0,0,0,0,0
300063,1,1,1986,0,0,0,0,0,0,0,0,0,0
300063,2,1,1986,11,11,11,11,11,11,11,11,11,11
300064,1,1,1986,22,22,22,22,22,22,22,22,22,22
300065,1,1,1986,0,0,0,0,0,0,0,0,0,0
300065,2,1,1986,0,0,0,0,0,0,0,0,0,0
300066,1,1,1986,24,24,24,24,24,24,24,24,24,24
300067,1,1,1986,0,0,0,0,19,0,0,0,0,0
300068,1,1,1986,4,4,4,4,4,4,4,4,4,4
300068,2,1,1986,0,0,0,0,0,0,0,0,0,0
300069,1,1,1986,0,0,0,0,3,0,0,0,23,0
300070,1,1,1986,17,17,17,17,17,17,17,17,17,17
300071,1,1,1986,0,0,0,0,0,0,0,0,0,0
300071,2,1,1986,0,0,0,0,0,0,0,0,0,0
300072,1,1,1986,0,0,0,0,0,0,0,9,0,0
300072,2,1,1986,0,0,0,0,0,0,0,0,0,0
300072,3,1,1986,0,0,0,0,0,0,0,0,0,0
300073,1,1,1986,21,21,21,21,21,21,21,21,21,21
300074,1,1,1986,0,0,0,0,0,0,0,0,0,0
300075,1,1,1986,21,21,21,21,21,21,21,21,21,21
300075,2,1,1986,0,0,0,0,0,0,0,0,0,0
300076,1,1,1986,0,0,0,0,0,0,0,0,0,0
300076,2,1,1986,0,0,0,0,0,0,0,0,0,0
300077,1,1,1986,27,14,17,19,29,35,21,12,21,15
300078,1,1,1986,36,36,36,36,36,36,36,36,36,36
300078,2,1,1986,0,0,0,7,14,0,0,0,0,0
300079,1,1,1986,13,13,13,13,13,13,13,13,13,13
300079,2,1,1986,16,16,16,16,16,16,16,16,16,16
300080,1,1,1986,13,13,13,13,13,13,13,13,13,13
300081,1,1,1986,0,0,0,0,0,0,0,0,0,0
300082,1,1,1986,0,0,0,0,0,0,0,0,0,0
300083,1,1,1986,0,0,0,0,0,0,0,0,0,0
300083,2,1,1986,0,0,0,0,0,0,0,0,0,0
300084,1,1,1986,2,2,2,2,2,2,2,2,2,2
300085,1,1,1986,20,20,20,20,20,20,20,20,20,20
300086,0,1,1986,0,0,0,0,0,0,0,0,0,0
300086,1,1,1986,0,0,0,0,0,0,0,0,0,0
300087,1,1,1986,28,18,21,0,12,12,0,18,9,30
300088,1,1,1986,0,0,0,0,0,0,0,0,0,0
300088,2,1,1986,0,12,0,0,0,0,0,0,0,0
300088,3,1,1986,0,0,0,0,0,0,0,0,0,0
300089,1,1,1986,0,0,0,0,0,0,0,0,0,0
300089,2,1,1986,25,25,25,25,25,25,25,25,25,25
300090,1,1,1986,0,0,0,0,0,0,0,0,0,0
300091,0,1,1986,0,0,0,0,0,0,0,0,0,0
300091,1,1,1986,5,5,5,5,5,5,5,5,5,5
300092,1,1,1986,0,0,0,0,0,0,0,0,0,0
300093,1,1,1986,0,0,0,0,0,0,0,0,0,0
300093,2,1,1986,19,19,19,19,19,19,19,19,19,19
300094,1,1,1986,18,18,18,18,18,18,18,18,18,18
300095,1,1,1986,23,23,23,23,23,23,23,23,23,23
300095,2,1,1986,0,0,0,0,0,0,0,0,0,0
300095,3,1,1986,7,0,6,8,9,4,15,6,5,3
300096,1,1,1986,5,5,5,5,5,5,5,5,5,5
300097,1,1,1986,21,21,21,21,21,21,21,21,21,21
300098,1,1,1986,0,0,0,0,0,0,0,0,0,0
300098,2,1,1986,0,0,0,0,0,0,0,0,0,0
300099,1,1,1986,0,0,0,0,0,0,0,0,0,0
300100,1,1,1986,13,13,13,13,13,13,13,13,13,13
300101,1,1,1986,0,0,0,0,0,0,0,0,0,0
300101,2,1,1986,10,10,10,10,10,10,10,10,10,10
300102,1,1,1986,15,15,15,15,15,15,15,15,15,15
300103,1,1,1986,0,0,0,0,0,0,0,0,0,0
300104,1,1,1986,0,0,0,0,0,0,0,0,0,0
300105,1,1,1986,0,0,0,0,0,0,0,0,0,0
300106,1,1,1986,0,0,0,0,0,0,0,0,0,0
300106,2,1,1986,0,0,0,0,0,0,0,0,0,0
300107,1,1,1986,6,6,6,6,6,6,6,6,6,6
300107,2,1,1986,17,17,17,17,17,17,17,17,17,17
300108,1,1,1986,27,27,27,27,27,27,27,27,27,27
300109,1,1,1986,0,0,0,0,0,0,0,21,0,0
300110,1,1,1986,0,0,0,0,0,0,0,0,0,0
300110,2,1,1986,0,0,0,0,0,0,0,0,0,0
300111,1,1,1986,0,0,0,0,0,0,0,0,0,0
300111,2,1,1986,0,0,0,0,0,0,0,0,0,0
300112,0,1,1986,0,0,0,0,0,0,0,0,0,0
300112,1,1,1986,0,0,0,0,0,0,0,0,0,0
300113,1,1,1986,26,26,26,26,26,26,26,26,26,26
300114,1,1,1986,0,0,0,0,0,0,0,0,0,0
300115,1,1,1986,6,6,6,6,6,6,6,6,6,6
300116,1,1,1986,20,20,20,20,20,20,20,20,20,20
300117,1,1,1986,0,0,0,0,0,0,0,0,0,0
300117,2,1,1986,0,0,0,0,12,0,0,0,0,0
300118,1,1,1986,0,0,0,0,0,0,0,0,0,0
300118,2,1,1986,0,0,0,0,0,0,0,0,0,0
300119,1,1,1986,0,0,0,0,0,0,0,0,0,0
300120,0,1,1986,0,0,0,0,0,0,0,0,0,0
300120,1,1,1986,12,12,12,12,12,12,12,12,12,12
300121,0,1,1986,9,9,9,9,9,9,9,9,9,9
300121,1,1,1986,4,7,15,7,24,20,7,18,16,25
300122,1,1,1986,25,25,25,25,25,25,25,25,25,25
300123,1,1,1986,0,0,0,0,0,0,0,0,0,0
300124,1,1,1986,21,21,21,21,21,21,21,21,21,21
300124,2,1,1986,0,0,0,0,0,0,12,0,0,0
300124,3,1,1986,0,13,0,0,0,0,0,0,0,0
300125,1,1,1986,23,23,23,23,23,23,23,23,23,23
300126,1,1,1986,0,0,0,0,0,0,0,0,0,0
300127,1,1,1986,12,12,12,12,12,12,12,12,12,12
300128,1,1,1986,15,15,15,15,15,15,15,15,15,15
300129,1,1,1986,14,14,14,14,14,14,14,14,14,14
300130,1,1,1986,10,10,10,10,10,10,10,10,10,10
300131,0,1,1986,0,0,0,0,0,0,0,0,0,0
300131,1,1,1986,0,0,0,0,0,0,0,0,0,0
300132,1,1,1986,14,14,14,14,14,14,14,14,14,14
300133,1,1,1986,16,16,16,16,16,16,16,16,16,16
300134,1,1,1986,18,18,18,18,18,18,18,18,18,18
300135,1,1,1986,0,0,0,0,0,0,0,0,0,0
300136,1,1,1986,0,0,0,0,0,0,0,0,0,0
300136,2,1,1986,0,0,0,0,0,0,0,0,0,0
300137,1,1,1986,0,0,0,0,0,0,0,0,0,0
300138,1,1,1986,0,0,0,0,0,0,0,0,0,0
300139,1,1,1986,0,0,0,0,0,0,0,0,0,0
300140,1,1,1986,0,0,0,0,0,0,0,0,0,0
300141,1,1,1986,0,0,0,0,0,0,0,0,0,0
300142,1,1,1986,24,24,24,24,24,24,24,24,24,24
300143,1,1,1986,6,6,6,6,6,6,6,6,6,6
300144,0,1,1986,0,0,0,0,0,0,0,0,0,0
300144,1,1,1986,0,0,0,0,0,0,0,0,0,0
300145,1,1,1986,0,0,0,0,0,0,0,0,0,0
300145,2,1,1986,0,0,0,0,0,0,0,0,0,0
300146,1,1,1986,0,0,0,0,0,0,0,0,0,0
300146,2,1,1986,24,24,24,24,24,24,24,24,24,24
300147,1,1,1986,7,0,29,45,28,15,27,24,13,22
300148,1,1,1986,0,0,0,0,0,0,0,0,0,0
300149,1,1,1986,9,9,9,9,9,9,9,9,9,9
300149,2,1,1986,10,10,10,10,10,10,10,10,10,10
300150,1,1,1986,25,17,11,17,16,0,12,29,14,14
300150,2,1,1986,7,7,7,7,7,7,7,7,7,7
300151,1,1,1986,0,0,0,0,0,0,0,0,0,0
300152,1,1,1986,0,0,0,0,0,0,0,0,0,0
300152,2,1,1986,0,0,0,0,0,0,0,0,0,0
300153,1,1,1986,14,14,14,14,14,14,14,14,14,14
300154,1,1,1986,0,0,0,0,0,0,0,0,0,0
300154,2,1,1986,0,0,0,0,0,0,0,0,0,0
300155,0,1,1986,33,33,33,33,33,33,33,33,33,33
300155,1,1,1986,0,0,0,0,0,13,0,0,0,0
300156,1,1,1986,0,0,0,0,0,0,0,0,0,0
300157,1,1,1986,0,0,0,0,0,0,0,0,0,0
300158,1,1,1986,0,0,0,0,0,0,0,0,0,0
300158,2,1,1986,0,0,5,0,0,0,0,0,0,0
300159,1,1,1986,0,0,0,0,0,0,0,26,0,0
300159,2,1,1986,0,0,0,0,0,0,0,0,0,0
300160,1,1,1986,0,0,0,0,0,9,0,0,0,0
300161,1,1,1986,11,11,11,11,11,11,11,11,11,11
300161,2,1,1986,0,0,0,0,0,0,0,0,0,0
300162,1,1,1986,25,25,25,25,25,25,25,25,25,25
300163,1,1,1986,0,0,0,0,0,0,0,0,0,0
300163,2,1,1986,0,0,0,0,0,0,0,0,0,0
300163,3,1,1986,0,0,0,0,9,0,16,0,0,0
300163,4,1,1986,0,0,0,0,0,0,0,0,0,0
300164,1,1,1986,17,17,17,17,17,17,17,17,17,17
300165,1,1,1986,15,15,15,15,15,15,15,15,15,15
300166,1,1,1986,27,27,27,27,27,27,27,27,27,27
300166,2,1,1986,0,0,0,0,0,22,0,0,0,0
300167,1,1,1986,0,0,0,0,0,0,0,0,0,0
300168,0,1,1986,0,0,34,0,8,0,0,0,0,0
300168,1,1,1986,0,0,0,0,0,0,0,0,0,0
300169,1,1,1986,12,12,12,12,12,12,12,12,12,12
300170,1,1,1986,29,29,29,29,29,29,29,29,29,29
300171,1,1,1986,16,16,16,16,16,16,16,16,16,16
300172,1,1,1986,0,0,0,12,0,0,0,0,0,0
300173,1,1,1986,0,0,0,0,0,0,0,0,0,0
300173,2,1,1986,16,0,0,0,19,16,0,0,0,0
300174,1,1,1986,0,0,0,0,0,0,0,0,0,0
300174,2,1,1986,0,0,0,0,0,0,0,0,0,0
300175,1,1,1986,0,0,0,0,0,0,0,0,0,0
300175,2,1,1986,12,12,12,12,12,12,12,12,12,12
300176,1,1,1986,0,0,0,0,0,0,0,0,0,0
300177,1,1,1986,0,0,0,0,0,0,0,0,0,0
300177,3,1,1986,0,0,0,0,0,0,0,0,0,0
300177,4,1,1986,0,0,0,0,0,0,0,0,0,0
300178,1,1,1986,33,33,33,33,33,33,33,33,33,33
300178,2,1,1986,0,0,0,0,0,0,0,0,0,0
300179,1,1,1986,0,0,0,0,0,0,0,0,0,0
300179,2,1,1986,0,0,0,0,0,0,0,0,0,0
300180,1,1,1986,15,15,15,15,15,15,15,15,15,15
300181,1,1,1986,0,0,0,0,0,0,0,0,0,0
300181,2,1,1986,14,0,6,13,13,7,12,13,0,0
300182,1,1,1986,0,0,0,0,0,0,0,0,0,0
300182,2,1,1986,0,15,0,4,0,0,0,0,0,0
300183,1,1,1986,0,0,0,0,0,0,0,0,0,10
300183,2,1,1986,0,0,0,0,0,0,0,0,0,0
300184,1,1,1986,0,0,0,0,0,0,0,0,0,0
300185,1,1,1986,1,1,1,1,1,1,1,1,1,1
300185,2,1,1986,0,7,0,0,0,0,0,0,0,0
300186,1,1,1986,39,39,39,39,39,39,39,39,39,39
300186,2,1,1986,0,0,0,0,0,0,0,0,0,0
300187,1,1,1986,22,22,22,22,22,22,22,22,22,22
300187,2,1,1986,0,0,0,0,0,0,0,0,0,0