ST_CASE,VEH_NO,PER_NO,YEAR,P1,P2,P3,P4,P5,P6,P7,P8,P9,P10
320015,0,1,1986,0,0,0,0,0,0,0,0,0,0
320015,1,1,1986,11,11,11,11,11,11,11,11,11,11
320016,0,1,1986,24,24,24,24,24,24,24,24,24,24
320016,1,1,1986,13,19,0,37,0,11,0,0,0,0
320017,1,1,1986,20,20,20,20,20,20,20,20,20,20
320018,1,1,1986,0,0,0,0,0,0,0,0,0,0
320018,2,1,1986,0,0,0,0,0,0,0,0,0,0
320019,1,1,1986,0,0,0,0,0,0,0,0,0,0
320019,2,1,1986,0,0,0,0,0,0,0,0,0,0
320020,1,1,1986,21,21,21,21,21,21,21,21,21,21
320020,2,1,1986,0,0,0,0,0,0,0,0,0,0
320020,3,1,1986,23,0,0,0,0,0,0,0,0,0
320020,4,1,1986,0,9,0,0,0,0,0,0,0,0
320021,1,1,1986,0,0,0,0,0,0,0,0,0,0
320022,1,1,1986,0,0,0,0,0,0,0,0,0,0
320023,1,1,1986,11,11,11,11,11,11,11,11,11,11
320024,1,1,1986,0,0,0,0,0,0,0,0,0,0
320025,1,1,1986,9,9,9,9,9,9,9,9,9,9
320026,1,1,1986,5,5,5,5,5,5,5,5,5,5
320026,2,1,1986,0,0,0,0,0,0,0,0,0,0
320027,1,1,1986,11,11,11,11,11,11,11,11,11,11
320028,1,1,1986,12,12,12,12,12,12,12,12,12,12
320029,1,1,1986,16,16,16,16,16,16,16,16,16,16
320030,1,1,1986,11,11,11,11,11,11,11,11,11,11
320031,1,1,1986,17,17,17,17,17,17,17,17,17,17
320031,2,1,1986,19,0,0,0,0,14,5,0,0,0
320032,1,1,1986,22,22,22,22,22,22,22,22,22,22
320032,2,1,1986,16,16,16,16,16,16,16,16,16,16
320033,1,1,1986,29,29,29,29,29,29,29,29,29,29
320034,1,1,1986,26,7,15,21,0,0,0,7,0,0
320035,0,1,1986,0,0,0,0,0,0,0,0,0,0
320035,1,1,1986,0,0,0,0,0,0,0,0,0,0
320036,1,1,1986,0,0,0,0,0,0,0,0,0,0
320037,1,1,1986,5,5,5,5,5,5,5,5,5,5
320038,1,1,1986,0,0,0,0,0,9,0,0,0,0
320039,1,1,1986,34,34,34,34,34,34,34,34,34,34
320040,1,1,1986,20,20,20,20,20,20,20,20,20,20
320041,1,1,1986,11,11,11,11,11,11,11,11,11,11
320042,1,1,1986,0,0,0,0,0,0,0,0,0,0
320042,2,1,1986,0,0,0,0,0,0,0,0,0,0
320043,1,1,1986,0,0,4,0,0,0,0,0,0,0
320044,1,1,1986,0,0,0,0,0,0,0,0,0,0
320045,1,1,1986,1,1,1,1,1,1,1,1,1,1
320046,1,1,1986,27,27,27,27,27,27,27,27,27,27
320047,1,1,1986,17,17,17,17,17,17,17,17,17,17
320048,1,1,1986,15,15,15,15,15,15,15,15,15,15
320048,2,1,1986,16,16,16,16,16,16,16,16,16,16
320049,1,1,1986,0,0,0,0,0,0,0,0,0,0
320050,1,1,1986,0,0,0,0,0,0,0,0,0,0
320051,1,1,1986,15,15,15,15,15,15,15,15,15,15
320052,1,1,1986,29,29,29,29,29,29,29,29,29,29
320052,2,1,1986,0,0,0,0,0,0,0,0,0,0
320053,1,1,1986,0,0,0,0,0,0,0,0,0,0
320054,0,1,1986,0,0,0,0,0,0,0,0,0,0
320054,1,1,1986,0,0,0,0,0,0,0,0,0,0
320055,1,1,1986,12,12,12,12,12,12,12,12,12,12
320055,2,1,1986,0,0,0,0,0,0,0,0,0,0
320056,1,1,1986,9,9,9,9,9,9,9,9,9,9
320056,2,1,1986,9,9,9,9,9,9,9,9,9,9
320057,1,1,1986,0,0,0,0,0,0,0,0,0,0
320058,1,1,1986,24,24,24,24,24,24,24,24,24,24
320058,2,1,1986,0,0,0,0,0,0,0,0,0,0
320059,1,1,1986,0,0,0,0,0,0,0,0,0,0
320060,1,1,1986,0,0,0,0,0,9,0,0,0,0
320060,2,1,1986,0,0,0,0,0,0,0,0,0,0
320061,1,1,1986,2,2,2,2,2,2,2,2,2,2
320062,1,1,1986,0,0,0,0,0,0,0,0,0,0
320063,1,1,1986,0,0,0,0,0,0,0,0,0,0
320064,1,1,1986,0,0,0,0,0,0,0,0,0,0
320064,2,1,1986,0,0,0,0,0,0,0,0,0,0
320066,1,1,1986,0,0,0,0,0,0,0,0,0,0
320066,2,1,1986,23,27,17,8,4,0,10,9,5,55
320067,1,1,1986,0,0,0,0,0,0,0,0,0,0
320068,1,1,1986,0,0,0,0,0,0,0,0,0,0
320069,1,1,1986,3,3,3,3,3,3,3,3,3,3
320069,2,1,1986,2,2,2,2,2,2,2,2,2,2
320070,0,1,1986,0,0,0,0,0,0,0,0,0,0
320070,1,1,1986,0,0,0,0,17,5,0,0,9,12
320071,1,1,1986,22,22,22,22,22,22,22,22,22,22
320072,1,1,1986,0,0,0,0,0,0,0,0,0,0
320073,1,1,1986,12,12,12,12,12,12,12,12,12,12
320074,1,1,1986,15,15,15,15,15,15,15,15,15,15
320075,1,1,1986,0,0,0,0,0,0,0,0,0,0
320076,1,1,1986,21,21,21,21,21,21,21,21,21,21
320077,0,1,1986,29,29,29,29,29,29,29,29,29,29
320077,1,1,1986,0,0,0,0,0,0,0,0,0,0
320078,1,1,1986,8,8,8,8,8,8,8,8,8,8
320079,1,1,1986,0,0,0,0,0,0,0,0,0,0
320080,1,1,1986,23,23,23,23,23,23,23,23,23,23
320080,2,1,1986,8,8,8,8,8,8,8,8,8,8
320082,0,1,1986,20,20,20,20,20,20,20,20,20,20
320082,1,1,1986,0,0,0,0,0,33,0,0,9,0
320083,1,1,1986,0,0,0,0,0,0,0,0,0,0
320084,0,1,1986,0,0,0,0,0,0,0,0,0,0
320084,1,1,1986,0,0,0,0,0,0,0,24,0,0
320084,2,1,1986,6,0,0,0,0,0,0,0,0,0
320084,3,1,1986,0,0,0,0,0,0,0,0,0,0
320085,0,1,1986,0,0,0,0,0,0,0,0,0,0
320085,1,1,1986,27,27,27,27,27,27,27,27,27,27
320086,0,1,1986,0,0,0,0,0,0,0,0,0,0
320086,1,1,1986,11,0,24,0,0,0,3,0,0,0
320086,2,1,1986,0,0,17,0,0,0,0,9,0,0
320087,1,1,1986,0,0,11,0,0,0,0,0,0,0
320088,1,1,1986,0,0,0,0,0,0,0,0,0,0
320089,1,1,1986,17,8,0,22,0,0,35,0,0,10
320089,2,1,1986,5,5,5,5,5,5,5,5,5,5
320090,1,1,1986,0,0,0,0,0,0,0,0,0,0
320091,0,1,1986,26,26,26,26,26,26,26,26,26,26
320091,1,1,1986,0,0,0,0,0,0,0,0,0,0
320092,1,1,1986,20,20,20,20,20,20,20,20,20,20
320093,1,1,1986,0,8,0,0,0,0,0,0,0,0
320095,1,1,1986,0,0,0,0,0,0,0,0,0,0
320096,1,1,1986,7,7,7,7,7,7,7,7,7,7
320097,1,1,1986,0,0,0,0,0,0,0,0,0,0
320098,1,1,1986,14,14,14,14,14,14,14,14,14,14
320099,1,1,1986,15,15,15,15,15,15,15,15,15,15
320100,1,1,1986,2,2,2,2,2,2,2,2,2,2
320101,1,1,1986,0,0,0,0,0,0,0,0,0,0
320102,1,1,1986,16,16,16,16,16,16,16,16,16,16
320103,1,1,1986,0,0,0,0,14,0,0,0,0,0
320104,1,1,1986,0,0,0,0,0,0,0,0,0,0
320105,1,1,1986,0,0,28,0,0,0,0,0,0,0
320106,1,1,1986,0,11,0,0,0,0,0,0,0,0
320107,1,1,1986,1,1,1,1,1,1,1,1,1,1
320107,2,1,1986,0,0,0,0,0,0,0,0,0,0
320108,1,1,1986,19,19,19,19,19,19,19,19,19,19
320109,1,1,1986,17,17,17,17,17,17,17,17,17,17
320110,0,1,1986,0,0,0,0,0,0,0,0,0,0
320110,0,2,1986,19,0,15,0,0,0,0,9,8,9
320110,1,1,1986,29,29,29,29,29,29,29,29,29,29
320111,1,1,1986,0,0,0,0,0,0,0,0,0,0
320112,1,1,1986,0,0,0,0,0,0,0,0,0,0
320113,1,1,1986,19,19,19,19,19,19,19,19,19,19
320114,0,1,1986,0,0,0,0,0,0,0,0,0,0
320114,1,1,1986,24,24,24,24,24,24,24,24,24,24
320116,1,1,1986,8,8,8,8,8,8,8,8,8,8
320117,1,1,1986,2,2,2,2,2,2,2,2,2,2
320119,1,1,1986,17,26,12,23,15,14,13,10,11,38
320120,1,1,1986,17,0,12,0,23,17,15,0,19,16
320121,1,1,1986,15,15,15,15,15,15,15,15,15,15
320122,1,1,1986,4,6,0,10,5,0,0,0,0,15
320124,0,1,1986,0,0,0,0,0,0,0,0,0,0
320124,1,1,1986,0,0,0,0,0,0,0,0,0,0
320125,1,1,1986,0,0,0,0,0,0,0,0,0,0
320125,2,1,1986,0,0,0,0,20,0,8,26,0,50
320126,1,1,1986,25,25,25,25,25,25,25,25,25,25
320126,2,1,1986,3,3,3,3,3,3,3,3,3,3
320127,0,1,1986,0,20,32,0,0,0,24,25,0,20
320127,1,1,1986,19,0,0,0,0,0,0,0,0,0
320128,1,1,1986,24,24,24,24,24,24,24,24,24,24
320129,1,1,1986,0,0,0,0,0,0,0,0,0,0
320129,2,1,1986,0,0,0,0,0,0,0,0,0,0
320130,1,1,1986,0,0,0,0,0,0,0,0,0,0
320131,1,1,1986,17,17,17,17,17,17,17,17,17,17
320132,1,1,1986,0,0,0,0,0,0,0,0,0,0
320132,2,1,1986,0,5,0,0,0,0,0,0,15,11
320133,1,1,1986,0,0,0,0,0,0,0,0,0,0
320134,1,1,1986,0,0,0,0,0,0,0,0,0,0
320136,0,1,1986,14,14,14,14,14,14,14,14,14,14
320136,1,1,1986,0,0,0,0,0,0,8,0,0,0
320137,1,1,1986,0,0,0,0,0,0,0,0,0,0
320137,2,1,1986,0,0,0,0,0,0,0,0,0,0
320138,1,1,1986,0,0,0,0,0,0,0,0,0,0
320138,2,1,1986,0,0,0,0,0,0,0,0,0,0
320139,1,1,1986,12,0,0,0,0,0,0,0,0,0
320139,2,1,1986,0,0,0,0,0,0,7,0,0,0
320140,1,2,1986,11,11,11,11,11,11,11,11,11,11
320141,1,1,1986,0,0,0,0,0,0,0,0,0,0
320141,2,1,1986,0,0,0,0,0,0,0,0,0,0
320142,1,1,1986,0,0,0,0,0,0,0,0,0,0
320144,1,1,1986,20,20,20,20,20,20,20,20,20,20
320144,2,1,1986,0,0,0,0,0,0,0,0,0,0
320145,0,1,1986,0,0,0,0,0,0,0,0,0,0
320145,1,1,1986,0,0,0,0,0,0,0,0,0,0
320146,0,1,1986,0,0,0,0,0,0,0,0,0,0
320146,1,1,1986,8,38,0,13,13,7,4,11,0,10
320147,1,1,1986,16,16,16,16,16,16,16,16,16,16
320148,1,1,1986,0,0,0,0,0,0,0,0,0,0
320149,1,1,1986,0,0,0,0,0,0,4,0,0,0
320149,2,1,1986,0,0,0,0,0,0,0,0,0,0
320150,1,1,1986,23,23,23,23,23,23,23,23,23,23
320151,1,1,1986,20,20,20,20,20,20,20,20,20,20
320151,2,1,1986,0,0,0,0,0,0,0,0,0,0
320152,1,1,1986,0,0,0,0,0,0,0,0,0,0
320152,2,1,1986,0,0,0,0,0,0,0,0,0,0
320153,1,1,1986,15,15,15,15,15,15,15,15,15,15
320154,0,1,1986,0,30,9,13,44,27,0,23,0,0
320154,1,1,1986,0,0,0,0,0,0,0,0,0,0
320155,1,1,1986,20,20,20,20,20,20,20,20,20,20
320156,1,1,1986,20,20,20,20,20,20,20,20,20,20
320157,1,1,1986,0,0,0,0,0,0,0,0,0,0
320157,2,1,1986,13,22,0,0,0,0,0,0,9,0
320158,1,1,1986,18,18,18,18,18,18,18,18,18,18
320159,1,1,1986,0,0,0,0,0,0,0,0,0,0
320160,1,1,1986,0,0,0,0,0,0,0,0,0,0
320161,1,1,1986,21,21,21,21,21,21,21,21,21,21
320162,1,1,1986,21,21,21,21,21,21,21,21,21,21
320162,2,1,1986,0,0,0,0,0,0,0,0,0,0
320163,0,1,1986,26,26,26,26,26,26,26,26,26,26
320163,1,1,1986,0,0,0,0,0,0,0,0,0,0
320164,1,1,1986,15,15,15,15,15,15,15,15,15,15
320165,1,1,1986,21,21,21,21,21,21,21,21,21,21
320165,2,1,1986,0,0,0,0,0,0,0,0,0,0
320166,1,1,1986,0,0,3,0,0,0,0,0,0,0
320166,2,1,1986,0,0,0,0,0,14,0,0,0,0
320167,0,1,1986,0,0,0,0,0,0,0,0,0,0
320167,1,1,1986,0,0,0,0,0,0,0,0,0,0
320168,1,1,1986,11,11,11,11,11,11,11,11,11,11
320169,1,1,1986,0,0,0,0,0,6,0,0,0,0
320170,1,1,1986,23,23,23,23,23,23,23,23,23,23
320171,1,1,1986,26,26,26,26,26,26,26,26,26,26
320171,2,1,1986,0,0,0,0,0,0,0,0,0,0
320172,1,1,1986,5,5,5,5,5,5,5,5,5,5
320173,1,1,1986,22,22,22,22,22,22,22,22,22,22
320174,1,1,1986,0,0,0,0,0,0,0,0,0,0
320174,2,1,1986,0,0,0,0,0,0,0,0,0,0
320175,0,1,1986,0,0,0,0,0,0,0,0,0,0
320175,1,1,1986,23,23,23,23,23,23,23,23,23,23
320176,1,1,1986,0,0,0,0,0,0,0,0,0,0
320176,2,1,1986,0,0,0,0,0,0,0,0,0,0
320177,1,1,1986,10,10,10,10,10,10,10,10,10,10
320178,1,1,1986,0,0,0,0,0,0,0,0,0,0
320179,1,1,1986,2,2,2,2,2,2,2,2,2,2
320180,1,1,1986,0,0,0,0,0,0,0,0,0,0
320181,1,1,1986,0,0,0,0,0,0,0,0,0,0
320181,2,1,1986,0,0,0,0,0,0,0,0,0,0
320182,1,1,1986,0,0,0,0,0,0,0,0,0,0
320183,0,1,1986,19,19,19,19,19,19,19,19,19,19
320183,1,1,1986,0,7,0,0,0,0,0,0,0,0
320184,1,1,1986,0,0,0,0,0,0,0,0,0,0
320184,2,1,1986,0,0,0,0,0,0,0,0,0,0
320185,1,1,1986,17,17,17,17,17,17,17,17,17,17
320186,0,1,1986,0,0,0,0,0,0,0,0,0,0
320186,1,1,1986,0,0,0,0,0,0,9,0,0,0
320187,1,1,1986,0,6,0,0,0,0,0,0,0,0
320188,1,1,1986,7,7,7,7,7,7,7,7,7,7
320189,0,1,1986,14,14,14,14,14,14,14,14,14,14
320189,1,1,1986,0,0,0,0,0,0,0,0,0,0
320190,1,1,1986,15,15,15,15,15,15,15,15,15,15
320190,2,1,1986,16,0,0,6,0,0,0,0,0,0
320191,1,1,1986,0,0,0,0,0,0,0,0,0,0
320192,1,1,1986,29,29,29,29,29,29,29,29,29,29
320193,1,1,1986,18,18,18,18,18,18,18,18,18,18
320193,2,1,1986,10,0,20,0,0,19,0,0,0,0
320194,1,1,1986,14,14,14,14,14,14,14,14,14,14
320194,2,1,1986,0,0,0,0,0,0,0,0,0,0
320195,1,1,1986,19,19,19,19,19,19,19,19,19,19
320196,1,1,1986,0,0,0,0,0,0,0,0,0,0
320197,1,1,1986,26,26,26,26,26,26,26,26,26,26
320197,2,1,1986,0,0,0,0,0,0,0,0,0,0
320198,1,1,1986,17,17,17,17,17,17,17,17,17,17
320199,1,1,1986,16,16,16,16,16,16,16,16,16,16
320200,1,1,1986,31,31,31,31,31,31,31,31,31,31
320200,2,1,1986,0,0,0,0,0,0,0,0,0,0
320201,1,1,1986,19,19,19,19,19,19,19,19,19,19
320201,2,1,1986,17,17,17,17,17,17,17,17,17,17
320201,3,1,1986,0,0,0,0,0,0,0,0,0,0
320202,1,1,1986,4,4,4,4,4,4,4,4,4,4
320202,2,1,1986,0,0,24,0,0,0,0,0,0,0
320203,1,1,1986,27,27,27,27,27,27,27,27,27,27
320204,0,1,1986,40,40,40,40,40,40,40,40,40,40
320204,1,1,1986,12,0,20,36,9,9,17,21,8,28
320205,1,1,1986,0,0,0,0,0,0,0,0,0,0
320205,2,1,1986,0,0,15,0,0,0,0,0,6,0
320206,1,1,1986,9,9,9,9,9,9,9,9,9,9
320209,1,1,1986,0,0,0,0,0,0,0,0,0,0
320210,1,1,1986,0,0,0,0,0,0,0,0,0,0
320210,2,1,1986,0,0,0,0,0,0,0,0,0,0
320211,1,1,1986,17,17,17,17,17,17,17,17,17,17
320212,1,1,1986,25,25,25,25,25,25,25,25,25,25
320213,1,1,1986,18,0,0,0,0,0,0,0,0,0
320214,1,1,1986,0,0,0,0,0,0,0,0,0,0
320214,2,1,1986,14,14,14,14,14,14,14,14,14,14
330001,1,1,1986,3,0,0,0,0,0,0,0,0,0
330002,1,1,1986,0,0,0,0,0,0,11,0,0,0
330002,2,1,1986,0,0,0,0,0,0,0,0,0,0
330003,0,1,1986,19,19,19,19,19,19,19,19,19,19
330003,1,1,1986,12,12,12,12,12,12,12,12,12,12
330004,1,1,1986,0,9,0,0,0,0,0,0,0,0
330004,2,1,1986,24,24,24,24,24,24,24,24,24,24
330004,3,1,1986,0,0,0,0,0,0,0,0,0,0
330005,1,1,1986,0,0,0,0,0,0,0,0,0,0
330005,2,1,1986,0,0,0,0,0,0,0,0,0,0
330005,3,1,1986,0,0,0,0,0,0,0,0,0,0
330006,0,1,1986,23,0,0,0,0,0,0,0,0,0
330006,1,1,1986,3,21,0,0,14,0,0,0,27,0
330007,0,1,1986,0,0,0,0,0,0,0,0,0,0
330007,1,1,1986,0,0,0,0,0,0,0,0,0,0
330008,1,1,1986,9,9,9,9,9,9,9,9,9,9
330009,0,1,1986,1,1,1,1,1,1,1,1,1,1
330009,1,1,1986,0,18,0,0,16,13,16,8,0,3
330010,1,1,1986,1,1,1,1,1,1,1,1,1,1
330011,1,1,1986,20,20,20,20,20,20,20,20,20,20
330012,0,1,1986,7,7,7,7,7,7,7,7,7,7
330012,1,1,1986,10,0,0,0,0,0,0,0,0,0
330013,1,1,1986,21,21,21,21,21,21,21,21,21,21
330013,2,1,1986,8,0,0,0,0,0,0,0,0,0
330014,0,1,1986,0,0,0,0,0,0,0,0,0,0
330014,1,1,1986,2,2,2,2,2,2,2,2,2,2
330015,1,1,1986,16,16,16,16,16,16,16,16,16,16
330016,1,1,1986,0,0,0,0,0,0,13,0,0,0
330016,2,1,1986,1,1,1,1,1,1,1,1,1,1
330018,1,1,1986,1,1,1,1,1,1,1,1,1,1
330018,2,1,1986,0,0,0,0,10,0,0,0,0,0
330019,1,1,1986,1,1,1,1,1,1,1,1,1,1
330019,2,1,1986,0,0,0,0,0,0,0,0,0,0
330020,1,1,1986,8,8,8,8,8,8,8,8,8,8
330021,1,1,1986,1,1,1,1,1,1,1,1,1,1
330021,2,1,1986,0,0,0,0,0,0,0,0,0,0
330022,1,1,1986,23,23,23,23,23,23,23,23,23,23
330022,2,1,1986,0,0,0,0,0,0,0,7,0,0
330023,0,1,1986,1,1,1,1,1,1,1,1,1,1
330023,1,1,1986,0,0,0,0,0,0,0,0,0,0
330024,1,1,1986,17,17,17,17,17,17,17,17,17,17
330025,1,1,1986,1,1,1,1,1,1,1,1,1,1
330025,2,1,1986,1,1,1,1,1,1,1,1,1,1
330026,1,1,1986,0,0,0,13,17,9,0,18,9,0
330028,0,1,1986,32,32,32,32,32,32,32,32,32,32
330028,1,1,1986,0,0,0,0,11,0,17,0,0,0
330029,1,1,1986,1,1,1,1,1,1,1,1,1,1
330030,1,1,1986,6,6,6,6,6,6,6,6,6,6
330031,1,1,1986,0,0,0,0,0,0,0,0,0,0
330031,2,1,1986,1,1,1,1,1,1,1,1,1,1
330032,1,1,1986,1,1,1,1,1,1,1,1,1,1
330034,1,1,1986,1,1,1,1,1,1,1,1,1,1
330034,2,1,1986,13,0,0,0,0,0,0,0,0,0
330035,1,1,1986,18,18,18,18,18,18,18,18,18,18
330036,0,1,1986,24,24,24,24,24,24,24,24,24,24
330036,1,1,1986,0,0,0,14,0,0,0,0,0,0
330037,0,1,1986,0,0,0,0,0,0,0,0,0,0
330037,1,1,1986,0,0,0,0,0,14,0,0,0,0
330038,1,1,1986,0,0,0,0,4,0,0,0,0,0
330038,2,1,1986,10,0,20,0,0,0,14,19,13,16
330039,1,1,1986,18,18,18,18,18,18,18,18,18,18
330040,1,1,1986,0,0,0,0,0,0,0,0,0,0
330040,2,1,1986,0,11,0,0,0,0,0,0,0,0
330041,1,1,1986,0,0,0,0,0,0,0,0,0,6
330041,2,1,1986,1,1,1,1,1,1,1,1,1,1
330043,0,1,1986,1,1,1,1,1,1,1,1,1,1
330043,1,1,1986,1,1,1,1,1,1,1,1,1,1
330044,1,1,1986,2,2,2,2,2,2,2,2,2,2
330044,2,1,1986,0,0,0,9,0,0,0,0,0,0
330045,1,1,1986,0,0,0,0,0,0,0,0,0,0
330045,2,1,1986,1,1,1,1,1,1,1,1,1,1
330046,0,1,1986,0,0,0,0,0,0,0,0,0,0
330046,1,1,1986,1,1,1,1,1,1,1,1,1,1
330047,1,1,1986,13,13,13,13,13,13,13,13,13,13
330047,2,1,1986,6,6,6,6,6,6,6,6,6,6
330048,1,1,1986,26,26,26,26,26,26,26,26,26,26
330049,1,1,1986,9,9,9,9,9,9,9,9,9,9
330050,1,1,1986,1,1,1,1,1,1,1,1,1,1
330051,0,1,1986,0,0,0,0,0,0,0,0,0,0
330051,1,1,1986,0,0,0,0,0,0,0,0,0,0
330052,1,1,1986,0,0,27,31,20,14,24,30,0,15
330053,1,1,1986,1,1,1,1,1,1,1,1,1,1
330053,2,1,1986,0,0,0,0,0,0,0,0,0,0
330054,0,1,1986,1,1,1,1,1,1,1,1,1,1
330054,1,1,1986,0,0,0,0,0,0,0,0,0,0
330055,1,1,1986,0,0,0,0,0,0,0,17,19,19
330056,1,1,1986,1,1,1,1,1,1,1,1,1,1
330056,2,1,1986,0,0,0,0,0,0,0,0,0,0
330058,1,1,1986,11,11,11,11,11,11,11,11,11,11
330059,1,1,1986,14,14,14,14,14,14,14,14,14,14
330059,2,1,1986,16,9,18,24,28,13,13,10,24,16
330060,1,1,1986,0,0,0,0,0,0,0,0,0,17
330060,2,1,1986,0,0,0,0,0,0,16,0,0,0
330061,1,1,1986,1,1,1,1,1,1,1,1,1,1
330061,2,1,1986,26,26,26,26,26,26,26,26,26,26
330062,1,1,1986,12,12,12,12,12,12,12,12,12,12
330063,0,1,1986,0,0,0,0,0,0,0,0,0,0
330063,0,2,1986,0,0,0,0,0,0,0,0,0,0
330063,0,3,1986,0,0,0,0,0,0,0,0,0,0
330063,0,4,1986,0,0,0,0,0,0,0,0,0,0
330063,1,1,1986,1,1,1,1,1,1,1,1,1,1
330064,1,1,1986,14,14,14,14,14,14,14,14,14,14
330065,1,1,1986,9,9,9,9,9,9,9,9,9,9
330066,1,1,1986,0,0,0,0,0,0,0,0,0,0
330066,2,1,1986,0,0,0,0,0,0,5,0,0,0
330067,1,1,1986,0,0,0,0,0,0,0,0,0,0
330067,2,1,1986,1,1,1,1,1,1,1,1,1,1
330068,1,1,1986,0,0,0,10,0,0,9,0,0,13
330068,2,1,1986,0,6,0,0,8,0,0,0,0,0
330069,1,1,1986,1,1,1,1,1,1,1,1,1,1
330070,1,1,1986,27,27,27,27,27,27,27,27,27,27
330071,1,1,1986,0,0,0,0,0,0,0,0,0,0
330071,2,1,1986,0,0,0,0,0,0,0,12,0,0
330072,1,1,1986,0,0,0,0,0,0,0,0,0,14
330072,2,1,1986,4,4,4,4,4,4,4,4,4,4
330073,1,1,1986,8,8,8,8,8,8,8,8,8,8
330074,0,1,1986,0,13,0,0,0,0,0,26,0,0
330074,1,1,1986,0,9,9,21,5,0,17,0,0,37
330075,1,1,1986,18,18,18,18,18,18,18,18,18,18
330076,1,1,1986,2,2,2,2,2,2,2,2,2,2
330076,2,1,1986,0,0,0,0,0,0,6,0,0,0
330077,1,1,1986,7,7,7,7,7,7,7,7,7,7
330078,1,1,1986,11,11,11,11,11,11,11,11,11,11
330078,2,1,1986,20,0,0,0,0,0,0,11,11,0
330079,1,1,1986,19,19,19,19,19,19,19,19,19,19
330081,1,1,1986,1,1,1,1,1,1,1,1,1,1
330081,2,1,1986,1,1,1,1,1,1,1,1,1,1
330082,1,1,1986,18,18,18,18,18,18,18,18,18,18
330083,1,1,1986,22,22,22,22,22,22,22,22,22,22
330084,1,1,1986,16,16,16,16,16,16,16,16,16,16
330084,2,1,1986,0,0,0,0,0,12,0,0,0,0
330084,3,1,1986,0,0,0,0,0,0,0,0,0,0
330085,1,1,1986,0,9,15,17,0,4,5,0,11,0
330086,1,1,1986,13,13,13,13,13,13,13,13,13,13
330087,1,1,1986,1,1,1,1,1,1,1,1,1,1
330087,2,1,1986,0,8,0,3,0,0,0,0,0,4
330088,0,1,1986,0,0,9,0,0,0,0,0,0,0
330088,1,1,1986,0,0,0,0,0,0,0,0,0,0
330089,1,1,1986,1,1,1,1,1,1,1,1,1,1
330090,1,1,1986,0,0,0,0,0,0,0,0,0,0
330090,2,1,1986,10,10,10,10,10,10,10,10,10,10
330091,1,1,1986,0,0,26,0,7,21,0,21,0,0
330092,1,1,1986,24,24,24,24,24,24,24,24,24,24
330092,2,1,1986,0,0,0,0,0,0,0,0,0,0
330093,1,1,1986,27,27,27,27,27,27,27,27,27,27
330094,1,1,1986,0,0,0,0,0,0,0,0,0,0
330094,2,1,1986,5,5,5,5,5,5,5,5,5,5
330095,1,1,1986,23,23,23,23,23,23,23,23,23,23
330096,1,1,1986,0,0,0,0,0,5,0,0,0,0
330097,1,1,1986,1,1,1,1,1,1,1,1,1,1
330097,2,1,1986,1,1,1,1,1,1,1,1,1,1
330098,1,1,1986,20,20,20,20,20,20,20,20,20,20
330099,1,1,1986,0,0,0,0,0,0,0,0,0,0
330099,2,1,1986,1,1,1,1,1,1,1,1,1,1
330100,1,1,1986,13,13,13,13,13,13,13,13,13,13
330101,1,1,1986,22,22,22,22,22,22,22,22,22,22
330102,0,1,1986,0,0,0,0,0,0,0,0,0,0
330102,1,1,1986,0,0,0,0,0,0,0,0,0,0
330103,1,1,1986,6,6,6,6,6,6,6,6,6,6
330103,2,1,1986,5,0,14,0,22,0,0,0,0,0
330104,1,1,1986,1,1,1,1,1,1,1,1,1,1
330105,1,1,1986,0,0,0,0,0,0,0,0,0,0
330105,2,3,1986,0,0,0,0,0,0,0,0,0,0
330106,0,1,1986,1,1,1,1,1,1,1,1,1,1
330106,1,1,1986,0,0,0,0,0,0,0,0,10,0
330107,1,1,1986,0,0,0,0,0,0,0,0,0,0
330107,2,1,1986,10,10,10,10,10,10,10,10,10,10
330108,1,1,1986,0,0,0,0,0,0,0,0,0,0
330108,2,1,1986,1,1,1,1,1,1,1,1,1,1
330109,1,1,1986,22,22,22,22,22,22,22,22,22,22
330110,1,1,1986,0,0,0,0,0,0,0,0,0,0
330111,1,1,1986,15,15,15,15,15,15,15,15,15,15
330112,0,1,1986,27,27,27,27,27,27,27,27,27,27
330112,1,1,1986,13,18,0,26,0,8,25,0,11,0
330113,1,1,1986,0,0,0,0,0,0,0,0,11,0
330113,2,1,1986,1,1,1,1,1,1,1,1,1,1
330114,1,1,1986,1,1,1,1,1,1,1,1,1,1
330115,1,1,1986,1,1,1,1,1,1,1,1,1,1
330116,0,1,1986,0,0,0,0,0,0,0,0,0,0
330116,1,1,1986,0,0,0,0,0,0,0,0,0,0
330117,0,1,1986,12,8,6,18,22,0,18,25,0,46
330117,1,1,1986,0,0,0,0,0,0,0,0,0,0
330118,1,1,1986,1,1,1,1,1,1,1,1,1,1