ST_CASE,VEH_NO,PER_NO,YEAR,P1,P2,P3,P4,P5,P6,P7,P8,P9,P10
330118,2,1,1986,0,0,0,0,0,0,0,0,0,0
330119,1,1,1986,9,9,9,9,9,9,9,9,9,9
330119,2,1,1986,0,0,16,0,0,0,0,16,0,0
330120,1,1,1986,16,16,16,16,16,16,16,16,16,16
330121,1,1,1986,28,28,28,28,28,28,28,28,28,28
330122,1,1,1986,1,1,1,1,1,1,1,1,1,1
330122,2,1,1986,0,0,0,0,0,0,0,0,0,0
330123,0,1,1986,1,1,1,1,1,1,1,1,1,1
330123,1,1,1986,0,0,0,0,0,0,0,17,0,0
330124,1,1,1986,0,0,0,0,0,0,0,0,19,0
330124,2,1,1986,22,22,22,22,22,22,22,22,22,22
330125,1,1,1986,1,1,1,1,1,1,1,1,1,1
330125,2,1,1986,1,1,1,1,1,1,1,1,1,1
330126,0,1,1986,0,0,0,0,0,0,0,0,0,0
330126,1,1,1986,0,0,0,0,0,20,0,0,0,0
330127,1,1,1986,12,12,12,12,12,12,12,12,12,12
330128,1,1,1986,17,17,17,17,17,17,17,17,17,17
330129,1,1,1986,17,17,17,17,17,17,17,17,17,17
330130,1,1,1986,18,18,18,18,18,18,18,18,18,18
330131,1,1,1986,20,20,20,20,20,20,20,20,20,20
330132,1,1,1986,0,0,0,0,0,0,0,0,0,17
330132,2,1,1986,0,0,17,0,0,0,0,0,0,0
330133,1,1,1986,17,17,17,17,17,17,17,17,17,17
330133,2,1,1986,0,0,8,0,8,0,0,0,0,0
330134,1,1,1986,0,9,14,0,0,0,0,0,0,0
330134,2,1,1986,5,0,0,0,0,0,0,0,8,4
330135,1,1,1986,26,26,26,26,26,26,26,26,26,26
330137,1,1,1986,4,4,4,4,4,4,4,4,4,4
330139,1,1,1986,0,15,9,32,0,20,18,0,26,0
330140,0,1,1986,15,15,15,15,15,15,15,15,15,15
330140,1,1,1986,0,0,0,0,18,0,0,30,8,0
330141,1,1,1986,0,0,0,0,0,0,0,0,0,0
330141,2,1,1986,0,0,0,0,0,0,0,0,0,0
330141,3,1,1986,0,0,0,0,0,0,0,0,0,0
330141,4,1,1986,0,0,0,0,0,0,0,0,0,0
330142,1,1,1986,0,0,0,0,0,0,0,0,13,0
330142,2,1,1986,0,0,0,0,0,0,0,0,0,0
330142,3,1,1986,0,0,0,0,0,9,0,0,0,0
330143,1,1,1986,0,0,0,0,0,0,0,0,0,0
330143,2,1,1986,0,0,0,0,0,0,0,0,0,0
330144,1,1,1986,1,1,1,1,1,1,1,1,1,1
330144,2,1,1986,0,0,0,0,0,0,0,0,0,0
330145,1,1,1986,0,0,0,0,20,0,7,0,0,0
330146,0,1,1986,0,0,0,0,0,0,0,0,0,0
330146,1,1,1986,0,0,0,0,0,0,16,0,0,0
330147,1,1,1986,22,22,22,22,22,22,22,22,22,22
330148,1,1,1986,20,20,20,20,20,20,20,20,20,20
330150,1,1,1986,1,1,1,1,1,1,1,1,1,1
330151,1,1,1986,11,11,11,11,11,11,11,11,11,11
330152,1,1,1986,3,0,0,34,17,18,0,0,0,25
330153,1,1,1986,27,27,27,27,27,27,27,27,27,27
330154,1,1,1986,0,0,0,0,0,0,0,0,0,0
330154,2,1,1986,0,0,0,0,0,0,0,0,0,0
330155,1,1,1986,1,1,1,1,1,1,1,1,1,1
330155,2,1,1986,1,1,1,1,1,1,1,1,1,1
330156,0,1,1986,1,1,1,1,1,1,1,1,1,1
330156,0,2,1986,0,0,0,0,0,0,0,0,0,0
330156,1,1,1986,0,0,0,0,0,0,10,0,0,0
330157,1,1,1986,1,1,1,1,1,1,1,1,1,1
330157,2,1,1986,1,1,1,1,1,1,1,1,1,1
330158,1,1,1986,1,1,1,1,1,1,1,1,1,1
330159,1,1,1986,0,0,0,0,0,0,8,0,0,0
330159,2,1,1986,0,0,0,0,0,0,0,0,0,0
330159,3,1,1986,1,1,1,1,1,1,1,1,1,1
330160,1,1,1986,1,1,1,1,1,1,1,1,1,1
330162,1,1,1986,0,0,0,0,12,0,0,0,0,0
330163,1,1,1986,1,1,1,1,1,1,1,1,1,1
330163,2,1,1986,0,0,0,0,0,0,0,0,0,0
330165,1,1,1986,0,0,0,0,0,0,0,0,0,0
330166,0,1,1986,1,1,1,1,1,1,1,1,1,1
330166,1,1,1986,10,3,0,16,29,13,0,27,0,24
330167,1,1,1986,10,10,10,10,10,10,10,10,10,10
330168,1,1,1986,1,1,1,1,1,1,1,1,1,1
330168,2,1,1986,16,16,16,16,16,16,16,16,16,16
330169,1,1,1986,0,0,0,0,0,0,0,0,0,0
330170,1,1,1986,1,1,1,1,1,1,1,1,1,1
330170,2,1,1986,1,1,1,1,1,1,1,1,1,1
330171,1,1,1986,0,0,0,0,0,0,0,0,0,0
330171,2,1,1986,0,0,0,0,0,0,0,0,0,0
330171,3,1,1986,1,1,1,1,1,1,1,1,1,1
330171,4,1,1986,0,0,0,0,0,0,0,0,0,0
330172,1,1,1986,9,9,9,9,9,9,9,9,9,9
330172,2,1,1986,0,0,0,0,0,0,0,11,0,0
330173,1,1,1986,0,0,0,0,0,0,0,0,0,0
330173,2,1,1986,1,1,1,1,1,1,1,1,1,1
340001,0,1,1986,0,0,0,12,0,3,0,23,17,0
340001,1,1,1986,13,13,13,13,13,13,13,13,13,13
340002,0,1,1986,0,0,0,0,0,0,0,0,0,0
340002,1,1,1986,0,0,6,8,0,0,0,0,0,0
340003,1,1,1986,0,0,0,20,19,0,0,0,0,0
340004,1,1,1986,11,11,11,11,11,11,11,11,11,11
340005,1,1,1986,0,0,0,0,0,0,0,0,0,0
340005,2,1,1986,0,0,0,0,0,0,0,0,0,0
340006,1,1,1986,0,0,0,0,0,0,0,0,0,0
340006,2,1,1986,0,0,20,29,0,0,0,0,0,0
340007,1,1,1986,20,20,20,20,20,20,20,20,20,20
340008,0,1,1986,0,0,14,0,33,0,0,0,27,4
340008,1,1,1986,0,0,0,0,0,0,0,0,0,0
340008,2,1,1986,13,10,0,14,0,15,8,14,10,20
340010,1,1,1986,0,0,0,0,14,0,0,0,0,0
340011,1,1,1986,0,0,0,0,0,0,0,0,0,0
340011,2,1,1986,0,0,0,0,0,0,0,0,0,0
340012,1,1,1986,0,0,0,0,0,0,0,0,0,0
340013,1,1,1986,0,0,0,0,0,0,0,0,0,0
340013,2,1,1986,0,0,0,0,0,0,0,0,0,0
340015,0,1,1986,0,0,0,0,0,0,0,0,0,0
340015,1,1,1986,0,0,0,0,0,0,0,0,0,0
340016,1,1,1986,0,0,0,0,0,0,0,0,0,0
340016,2,1,1986,0,0,0,0,0,0,0,0,0,0
340017,1,1,1986,0,0,0,0,0,0,0,0,0,0
340017,2,1,1986,17,17,17,17,17,17,17,17,17,17
340017,3,1,1986,0,0,0,0,7,0,0,0,0,0
340019,1,1,1986,9,0,0,0,0,0,0,0,0,0
340019,2,1,1986,0,0,0,0,0,0,0,0,0,0
340021,0,1,1986,0,24,0,0,0,0,0,29,28,0
340021,1,1,1986,0,0,0,0,12,0,0,5,0,0
340022,1,1,1986,0,0,0,0,0,0,0,0,0,0
340022,2,1,1986,0,0,0,0,0,0,0,0,0,0
340023,1,1,1986,0,0,0,0,0,0,0,0,0,0
340024,0,1,1986,19,19,19,19,19,19,19,19,19,19
340024,1,1,1986,0,0,0,0,8,0,0,0,0,0
340025,0,1,1986,0,0,0,0,0,0,0,0,0,0
340025,1,1,1986,13,0,10,0,0,7,0,17,0,0
340026,1,1,1986,0,0,0,0,0,0,0,0,0,0
340026,2,1,1986,0,0,0,0,0,0,0,0,0,0
340027,1,1,1986,0,0,0,0,0,0,0,0,0,0
340028,0,1,1986,0,0,0,0,0,0,0,0,0,0
340028,1,1,1986,0,0,0,0,0,0,0,0,0,0
340028,2,1,1986,0,0,0,0,7,0,9,0,0,0
340029,1,1,1986,20,20,20,20,20,20,20,20,20,20
340031,0,1,1986,3,0,13,0,0,9,0,30,0,0
340031,1,1,1986,0,0,0,0,0,0,0,0,0,0
340032,0,1,1986,0,0,0,0,0,0,0,0,0,0
340032,1,1,1986,0,0,0,0,0,0,0,0,0,0
340033,1,1,1986,9,9,9,9,9,9,9,9,9,9
340034,0,1,1986,0,0,0,0,0,0,0,0,0,0
340034,1,1,1986,0,0,0,0,0,0,0,0,0,0
340035,1,1,1986,0,0,0,25,0,0,0,0,0,0
340036,1,1,1986,0,0,0,0,0,0,0,0,0,0
340037,1,1,1986,6,21,16,6,4,21,30,27,17,7
340037,2,1,1986,0,0,8,0,12,0,0,0,0,0
340038,0,1,1986,16,16,16,16,16,16,16,16,16,16
340038,1,1,1986,0,0,0,0,0,0,0,0,0,0
340039,1,1,1986,0,0,0,0,0,0,0,0,0,0
340039,2,1,1986,0,0,0,0,0,0,13,0,0,0
340040,1,1,1986,0,0,0,0,0,0,0,0,0,0
340040,2,1,1986,0,0,0,0,0,0,0,0,0,0
340040,3,1,1986,0,0,0,0,0,0,0,0,0,0
340041,0,1,1986,0,0,0,0,0,0,0,0,0,0
340041,1,1,1986,0,0,0,0,0,0,0,0,0,0
340042,0,1,1986,19,19,19,19,19,19,19,19,19,19
340042,1,1,1986,0,0,0,0,0,0,0,0,0,0
340044,1,1,1986,0,0,0,0,0,0,0,0,0,0
340044,2,1,1986,0,5,0,0,0,0,0,0,0,0
340047,1,1,1986,20,15,20,24,20,16,0,20,19,13
340048,1,1,1986,0,0,0,0,0,0,0,0,0,0
340048,2,1,1986,0,0,0,0,0,0,0,0,0,0
340050,1,2,1986,0,0,0,0,0,0,0,0,0,0
340050,2,1,1986,0,13,0,0,0,0,0,9,0,0
340051,1,1,1986,19,19,19,19,19,19,19,19,19,19
340052,0,1,1986,16,16,16,16,16,16,16,16,16,16
340052,1,1,1986,5,5,5,5,5,5,5,5,5,5
340053,1,1,1986,10,10,10,10,10,10,10,10,10,10
340054,1,1,1986,22,22,22,22,22,22,22,22,22,22
340055,1,1,1986,0,0,0,0,0,0,0,0,0,0
340055,2,1,1986,13,0,0,0,0,0,0,0,0,0
340056,1,1,1986,10,10,10,10,10,10,10,10,10,10
340056,2,1,1986,0,0,0,0,0,0,0,0,0,0
340057,1,1,1986,0,0,0,0,0,0,0,0,0,0
340057,2,1,1986,0,0,0,0,0,0,0,0,0,0
340058,1,1,1986,0,0,0,0,0,0,0,0,0,0
340058,2,1,1986,13,13,13,13,13,13,13,13,13,13
340059,1,1,1986,0,0,0,0,0,0,0,0,0,0
340060,1,1,1986,0,0,0,0,0,0,0,0,0,0
340061,1,1,1986,0,0,0,0,0,0,0,0,0,0
340062,1,1,1986,0,0,0,0,0,0,0,0,0,0
340063,0,1,1986,12,0,19,0,0,0,0,0,0,2
340063,1,1,1986,0,0,0,0,0,0,0,0,0,0
340064,1,1,1986,0,0,0,0,0,0,0,0,0,0
340064,2,1,1986,23,23,23,23,23,23,23,23,23,23
340065,1,1,1986,0,0,0,0,0,0,0,0,0,0
340066,1,1,1986,8,8,8,8,8,8,8,8,8,8
340066,2,1,1986,0,0,0,0,0,0,0,0,0,0
340067,1,1,1986,18,18,18,18,18,18,18,18,18,18
340068,0,1,1986,0,0,0,0,0,0,0,0,0,0
340068,1,1,1986,23,23,23,23,23,23,23,23,23,23
340069,0,1,1986,0,0,0,0,0,0,0,0,0,0
340069,1,1,1986,0,0,0,0,0,0,0,12,0,0
340070,1,1,1986,0,0,0,0,0,0,0,0,0,0
340070,2,1,1986,0,0,0,0,0,0,0,0,0,0
340072,0,1,1986,0,0,0,0,0,0,0,0,0,0
340072,1,1,1986,0,0,0,34,0,0,14,0,0,0
340073,1,1,1986,12,12,12,12,12,12,12,12,12,12
340074,1,1,1986,0,0,0,0,0,0,0,0,0,0
340074,2,1,1986,0,0,0,0,0,0,0,0,0,0
340075,1,1,1986,0,0,0,0,0,0,0,0,0,0
340076,1,1,1986,20,20,20,20,20,20,20,20,20,20
340077,0,1,1986,0,0,0,0,0,0,0,0,0,0
340077,1,1,1986,0,0,0,0,0,0,0,0,0,0
340078,0,1,1986,0,0,0,0,0,0,0,0,0,0
340078,1,1,1986,0,0,0,0,14,0,0,0,0,0
340079,0,1,1986,0,0,0,0,0,0,0,0,0,0
340079,1,1,1986,0,0,0,0,16,0,0,0,0,0
340080,0,1,1986,0,0,0,0,0,0,0,0,0,0
340080,1,1,1986,4,4,4,4,4,4,4,4,4,4
340081,0,1,1986,8,8,8,8,8,8,8,8,8,8
340081,1,1,1986,3,3,3,3,3,3,3,3,3,3
340082,0,1,1986,17,17,17,17,17,17,17,17,17,17
340082,1,1,1986,0,0,0,0,0,0,0,0,0,0
340083,1,1,1986,0,0,0,0,0,0,0,0,0,0
340084,1,1,1986,11,11,11,11,11,11,11,11,11,11
340085,1,1,1986,0,0,0,0,0,0,0,0,0,0
340085,2,1,1986,0,0,0,0,0,0,0,0,0,0
340086,1,1,1986,17,17,17,17,17,17,17,17,17,17
340086,2,1,1986,0,0,0,0,0,0,0,0,0,0
340086,3,1,1986,0,9,0,0,0,0,0,0,0,0
340086,4,1,1986,0,0,0,0,0,0,0,0,0,0
340087,1,1,1986,0,0,0,0,0,0,0,0,0,0
340087,2,1,1986,0,0,0,0,0,0,0,0,0,0
340088,0,1,1986,0,0,0,0,0,0,0,0,0,0
340088,1,1,1986,23,0,11,16,0,0,8,0,0,0
340089,0,1,1986,0,0,0,0,0,0,0,0,0,0
340089,1,1,1986,0,0,0,0,0,0,0,0,0,0
340091,1,1,1986,9,9,9,9,9,9,9,9,9,9
340092,1,1,1986,25,25,25,25,25,25,25,25,25,25
340093,1,1,1986,0,0,0,0,0,0,0,12,0,0
340093,2,1,1986,22,22,22,22,22,22,22,22,22,22
340094,1,1,1986,0,0,0,0,0,0,0,0,0,0
340094,2,1,1986,0,0,0,0,0,0,0,0,15,0
340094,3,1,1986,0,0,0,0,0,0,0,0,0,0
340095,1,1,1986,0,0,0,0,0,0,0,0,0,0
340095,2,1,1986,0,0,0,0,0,0,0,0,0,0
340096,1,4,1986,12,12,12,12,12,12,12,12,12,12
340097,0,1,1986,19,19,19,19,19,19,19,19,19,19
340097,1,1,1986,0,0,0,0,0,0,0,0,11,0
340098,1,1,1986,0,0,0,0,0,0,0,0,0,0
340098,2,1,1986,0,0,0,0,0,0,0,0,0,0
340099,1,1,1986,0,0,0,0,0,0,5,0,0,0
340099,2,1,1986,0,0,0,0,0,9,0,0,0,0
340100,0,1,1986,0,0,0,0,0,0,0,0,0,0
340100,1,1,1986,0,0,0,0,0,0,0,0,0,0
340102,1,1,1986,0,6,0,0,0,0,18,0,0,16
340102,2,1,1986,0,0,0,0,0,0,0,0,0,0
340103,0,1,1986,15,15,15,15,15,15,15,15,15,15
340103,1,1,1986,14,18,8,22,2,31,24,0,17,9
340104,1,1,1986,0,0,0,0,0,0,0,0,0,0
340104,2,1,1986,0,0,0,0,0,0,0,0,0,0
340105,1,1,1986,0,0,0,0,0,0,0,0,0,0
340105,2,1,1986,25,25,25,25,25,25,25,25,25,25
340106,1,1,1986,0,0,0,0,0,0,0,0,0,0
340107,1,1,1986,0,0,0,0,0,0,0,0,0,0
340107,2,1,1986,0,0,0,0,0,0,0,0,0,0
340108,1,1,1986,0,13,0,0,24,14,0,0,0,0
340108,2,1,1986,13,13,13,13,13,13,13,13,13,13
340109,0,1,1986,6,6,6,6,6,6,6,6,6,6
340109,1,1,1986,0,0,0,0,0,0,0,0,0,0
340110,0,1,1986,0,0,0,0,0,0,0,0,0,0
340110,1,1,1986,0,0,0,0,0,0,0,0,0,0
340111,1,1,1986,0,26,0,20,0,0,0,0,0,4
340112,1,1,1986,0,0,0,0,0,0,0,0,0,0
340112,2,1,1986,0,0,0,0,0,0,0,0,15,0
340113,1,1,1986,0,0,3,0,28,0,0,6,0,0
340114,1,1,1986,15,15,15,15,15,15,15,15,15,15
340114,2,1,1986,4,0,0,0,0,0,0,0,0,0
340115,0,1,1986,18,18,18,18,18,18,18,18,18,18
340115,1,1,1986,0,10,0,12,0,0,0,16,0,0
340117,1,1,1986,9,9,9,9,9,9,9,9,9,9
340118,1,1,1986,0,0,0,0,0,0,0,0,0,0
340118,2,1,1986,16,16,16,16,16,16,16,16,16,16
340118,3,1,1986,0,0,0,0,0,0,0,0,0,0
340119,1,1,1986,0,0,0,2,4,0,0,0,0,0
340119,2,1,1986,0,0,0,0,0,0,0,0,0,0
340120,1,1,1986,7,7,7,7,7,7,7,7,7,7
340121,0,1,1986,18,0,0,6,11,0,0,9,5,0
340121,1,1,1986,0,0,0,0,0,0,0,0,0,0
340122,1,1,1986,0,0,0,0,0,0,0,0,0,0
340123,1,1,1986,7,7,7,7,7,7,7,7,7,7
340124,1,1,1986,16,16,16,16,16,16,16,16,16,16
340125,1,1,1986,3,3,3,3,3,3,3,3,3,3
340126,1,2,1986,13,13,13,13,13,13,13,13,13,13
340127,1,1,1986,4,4,4,4,4,4,4,4,4,4
340128,1,1,1986,0,0,0,0,0,0,0,0,0,0
340128,2,1,1986,0,0,0,0,0,0,11,7,4,0
340129,1,1,1986,11,11,11,11,11,11,11,11,11,11
340130,0,1,1986,4,4,4,4,4,4,4,4,4,4
340130,1,1,1986,0,0,0,0,0,0,0,0,0,0
340132,0,1,1986,0,0,0,0,0,0,0,0,0,0
340132,1,1,1986,0,0,0,0,0,0,0,0,0,0
340134,1,1,1986,0,0,0,0,0,0,0,0,0,16
340134,2,1,1986,0,0,0,0,0,0,0,0,0,0
340134,3,1,1986,0,0,0,0,0,0,0,0,0,0
340136,1,1,1986,0,32,0,0,0,0,0,0,0,0
340136,2,1,1986,28,28,28,28,28,28,28,28,28,28
340138,0,1,1986,11,11,11,11,11,11,11,11,11,11
340138,1,1,1986,6,27,12,18,3,6,0,8,0,10
340139,1,1,1986,0,0,0,0,0,0,0,0,0,0
340139,2,1,1986,0,0,0,0,0,0,0,0,0,0
340140,1,1,1986,0,0,15,12,0,0,10,2,0,21
340140,2,1,1986,0,11,14,0,0,0,6,0,10,0
340141,1,1,1986,0,0,0,0,0,0,0,0,0,0
340141,2,1,1986,6,6,6,6,6,6,6,6,6,6
340142,0,1,1986,7,7,7,7,7,7,7,7,7,7
340142,1,1,1986,0,0,0,0,0,0,0,11,0,0
340143,0,1,1986,3,3,3,3,3,3,3,3,3,3
340143,1,1,1986,0,0,0,0,0,0,0,0,0,0
340144,0,1,1986,0,0,0,0,0,0,0,0,0,0
340144,1,1,1986,0,0,0,0,0,0,0,0,0,0
340145,1,1,1986,0,0,0,0,0,0,0,0,0,0
340145,2,1,1986,0,0,0,0,0,0,0,0,0,0
340145,3,1,1986,0,0,0,0,0,0,0,0,0,0
340146,1,1,1986,0,0,0,0,0,0,0,0,0,0
340147,1,1,1986,0,0,0,0,0,0,0,0,0,0
340147,2,1,1986,0,0,0,0,0,0,0,0,0,0
340148,1,1,1986,0,0,0,0,0,0,0,0,0,0
340149,0,1,1986,15,0,0,0,0,0,0,0,0,9
340149,1,1,1986,0,0,0,7,10,8,0,0,0,0
340150,1,1,1986,18,18,18,18,18,18,18,18,18,18
340151,0,1,1986,0,0,0,0,0,0,0,0,0,0
340151,1,1,1986,0,0,0,0,0,0,2,0,0,0
340152,1,1,1986,14,14,14,14,14,14,14,14,14,14
340153,1,1,1986,10,10,10,10,10,10,10,10,10,10
340153,2,1,1986,14,14,14,14,14,14,14,14,14,14
340154,0,1,1986,19,19,19,19,19,19,19,19,19,19
340154,1,1,1986,0,0,0,0,0,0,0,0,0,0
340155,0,1,1986,20,20,20,20,20,20,20,20,20,20
340155,1,1,1986,0,0,0,0,0,0,0,0,0,0
340156,1,1,1986,0,0,0,0,0,0,0,0,0,0
340156,2,1,1986,0,0,0,0,0,16,0,20,9,16
340157,1,2,1986,0,0,0,0,0,0,0,0,0,0
340157,2,1,1986,0,0,0,0,0,0,0,0,0,0
340158,0,1,1986,10,10,10,10,10,10,10,10,10,10
340158,1,1,1986,0,0,0,0,0,0,0,0,0,0
340159,0,1,1986,0,0,0,0,0,0,0,0,0,0
340159,1,1,1986,0,0,0,0,0,0,0,0,0,0
340160,1,1,1986,0,0,0,0,0,0,0,9,0,0
340160,2,1,1986,0,0,0,0,0,0,0,0,0,0
340161,0,1,1986,0,0,0,0,0,0,0,0,0,0
340161,1,1,1986,0,0,0,0,11,0,0,0,0,0
340163,0,1,1986,0,0,0,0,0,0,0,0,0,0
340163,1,1,1986,0,0,0,0,0,0,0,0,0,0
340163,2,1,1986,0,0,0,0,0,0,0,0,0,0
340164,1,1,1986,0,0,0,0,0,0,0,0,0,0
340165,0,1,1986,36,36,36,36,36,36,36,36,36,36
340165,1,1,1986,0,0,0,0,0,0,0,0,0,0
340166,1,1,1986,0,0,0,0,0,0,0,0,0,0
340168,1,1,1986,0,0,0,0,0,0,0,0,0,0
340168,2,1,1986,0,0,0,0,0,0,0,0,0,0
340169,0,1,1986,11,11,11,11,11,11,11,11,11,11
340169,1,1,1986,0,0,10,0,16,4,0,18,0,0
340171,0,1,1986,0,0,0,0,0,0,0,0,0,0
340171,1,1,1986,0,0,0,0,0,0,0,10,0,0
340172,0,1,1986,0,0,0,0,0,0,0,0,0,0
340172,0,2,1986,0,0,0,0,0,0,0,0,0,0
340172,1,1,1986,0,0,0,0,0,0,0,0,0,0
340173,1,1,1986,9,9,9,9,9,9,9,9,9,9
340174,1,1,1986,0,0,0,0,0,0,0,0,0,0
340174,2,1,1986,0,0,0,0,0,0,0,0,0,0
340174,3,1,1986,0,0,0,0,0,0,0,0,0,0
340175,1,1,1986,0,0,0,0,0,0,0,0,0,0
340175,2,1,1986,0,0,0,0,0,0,0,0,0,0
340176,0,1,1986,0,0,0,0,0,0,0,0,0,0
340176,1,1,1986,0,0,0,0,0,0,0,0,0,0
340177,1,1,1986,0,0,0,0,0,0,0,0,0,0
340177,2,1,1986,0,0,0,0,0,0,0,0,0,0
340177,3,1,1986,0,0,0,0,0,0,0,0,0,10
340178,1,1,1986,0,0,0,0,0,0,0,0,0,0
340178,2,1,1986,3,3,3,3,3,3,3,3,3,3
340179,0,1,1986,13,13,13,13,13,13,13,13,13,13
340179,1,1,1986,0,0,0,0,0,0,11,16,0,0
340180,0,1,1986,0,0,0,0,0,0,0,0,0,0
340180,1,1,1986,0,0,0,0,0,0,0,0,0,0
340181,1,1,1986,0,0,0,0,0,0,0,0,0,0
340182,0,1,1986,0,0,0,0,0,0,0,0,0,0
340182,1,1,1986,0,0,0,0,0,0,0,0,0,0
340184,2,1,1986,0,0,0,0,0,3,3,22,0,0
340184,3,1,1986,24,24,24,24,24,24,24,24,24,24
340185,0,1,1986,0,0,0,0,0,0,0,0,0,0
340185,1,1,1986,11,23,24,12,9,40,12,18,6,6
340186,0,1,1986,15,15,15,15,15,15,15,15,15,15
340186,1,1,1986,0,0,0,0,0,0,0,0,0,3
340187,1,1,1986,0,0,0,0,0,0,0,0,0,0
340187,2,1,1986,0,0,0,0,0,0,0,0,0,0
340187,3,1,1986,0,0,0,0,0,0,0,0,0,0
340187,4,1,1986,0,0,0,0,0,0,0,0,0,0
340188,1,1,1986,0,0,0,0,0,0,0,0,0,0
340188,2,1,1986,0,6,0,0,0,0,0,0,0,0
340189,1,1,1986,0,7,0,0,0,0,0,0,0,0
340189,2,1,1986,24,24,24,24,24,24,24,24,24,24
340190,1,1,1986,7,7,7,7,7,7,7,7,7,7
340190,2,1,1986,13,13,13,13,13,13,13,13,13,13
340191,0,1,1986,0,0,0,0,0,0,0,0,0,0
340191,1,1,1986,0,0,0,0,0,0,0,0,0,0
340192,1,1,1986,28,28,28,28,28,28,28,28,28,28
340193,1,1,1986,4,4,4,4,4,4,4,4,4,4
340193,2,1,1986,0,0,0,0,0,0,0,0,0,0
340194,1,1,1986,3,3,3,3,3,3,3,3,3,3
340194,2,1,1986,16,16,16,16,16,16,16,16,16,16
340195,1,1,1986,0,0,0,0,0,0,0,0,0,0
340197,0,1,1986,15,15,15,15,15,15,15,15,15,15
340197,1,1,1986,0,0,0,0,0,0,0,0,0,0
340198,1,1,1986,18,18,18,18,18,18,18,18,18,18
340199,1,1,1986,8,8,8,8,8,8,8,8,8,8
340200,0,1,1986,0,0,0,0,0,0,0,0,0,0
340200,1,1,1986,12,12,12,12,12,12,12,12,12,12
340201,1,1,1986,0,0,2,0,0,0,0,0,0,0
340201,2,1,1986,0,0,0,0,0,0,0,0,0,0
340203,1,1,1986,16,16,16,16,16,16,16,16,16,16
340204,0,1,1986,22,22,22,22,22,22,22,22,22,22
340204,1,1,1986,22,22,22,22,22,22,22,22,22,22
340205,1,1,1986,0,0,0,0,0,0,0,0,0,0
340205,2,1,1986,0,0,0,0,0,0,0,0,0,0
340205,3,1,1986,0,0,0,0,0,0,0,0,0,0
340206,1,1,1986,0,0,0,0,0,0,0,0,0,0
340206,2,1,1986,0,0,0,0,16,0,0,0,0,0
340207,1,1,1986,21,21,21,21,21,21,21,21,21,21
340207,2,1,1986,0,0,0,0,0,0,0,0,0,0
340208,1,1,1986,13,13,13,13,13,13,13,13,13,13
340209,1,1,1986,4,4,4,4,4,4,4,4,4,4
340210,1,1,1986,17,17,17,17,17,17,17,17,17,17
340211,0,1,1986,0,0,0,0,0,0,0,0,0,0
340211,1,1,1986,0,0,0,0,0,0,0,0,0,0
340212,1,1,1986,0,0,0,0,0,0,0,0,0,0
340213,0,1,1986,24,24,24,24,24,24,24,24,24,24
340213,1,1,1986,6,6,6,6,6,6,6,6,6,6
340214,0,1,1986,0,0,0,0,0,0,0,0,0,0
340214,1,1,1986,0,0,0,0,0,0,0,0,0,0
340215,0,1,1986,0,0,0,0,0,0,0,0,0,0
340215,1,1,1986,16,5,19,12,14,8,0,13,8,2
340216,1,1,1986,5,0,0,0,0,0,12,0,0,0
340216,2,1,1986,0,0,0,0,0,0,0,0,0,0
340217,1,1,1986,5,5,5,5,5,5,5,5,5,5
340218,1,1,1986,2,2,2,2,2,2,2,2,2,2
340218,2,1,1986,0,0,0,0,0,0,0,0,0,0
340219,0,1,1986,0,0,0,0,0,0,0,0,0,0
340219,1,1,1986,0,0,0,0,0,0,0,0,0,0
340220,1,1,1986,0,0,0,0,0,0,0,0,0,0
340220,2,1,1986,0,0,0,0,0,0,0,0,4,0
340221,1,1,1986,13,0,0,0,0,9,26,15,16,0
340222,1,1,1986,4,4,4,4,4,4,4,4,4,4
340223,1,1,1986,8,0,0,0,0,0,0,0,0,0
340223,2,1,1986,0,0,0,0,0,0,0,0,0,0
340223,3,1,1986,0,0,0,0,0,0,0,0,0,0
340224,1,1,1986,0,12,0,0,0,0,0,0,0,0
340224,2,1,1986,0,0,0,0,0,0,0,0,0,0
340224,3,1,1986,0,0,0,0,0,0,0,0,0,0
340225,1,1,1986,0,0,0,0,0,0,0,9,0,0
340225,2,1,1986,0,0,0,0,12,0,0,0,0,0
340226,1,1,1986,13,13,13,13,13,13,13,13,13,13
340227,0,1,1986,0,0,0,0,0,0,0,0,0,0
340227,1,1,1986,3,3,3,3,3,3,3,3,3,3
340228,0,1,1986,7,0,0,0,0,0,14,22,22,13
340228,1,1,1986,0,0,0,0,0,0,0,0,0,0
340229,0,1,1986,0,0,0,0,0,0,0,0,0,0
340229,1,1,1986,0,0,0,0,0,0,0,0,0,0
340229,2,1,1986,0,0,9,0,0,0,0,0,6,0
340229,3,1,1986,0,0,0,0,0,0,0,0,0,0
340230,1,1,1986,18,18,18,18,18,18,18,18,18,18
340231,1,1,1986,29,29,29,29,29,29,29,29,29,29
340232,1,1,1986,0,0,0,1,0,0,9,2,0,0
340233,0,1,1986,0,0,0,0,0,0,0,0,0,0
340233,1,1,1986,11,0,0,16,18,9,18,15,20,0
340234,0,1,1986,0,0,0,0,0,0,0,0,0,0
340234,0,2,1986,0,0,0,0,0,0,0,0,0,0
340234,0,3,1986,0,0,0,0,0,0,0,0,0,0
340234,0,4,1986,0,0,0,0,0,0,0,0,0,0
340234,1,1,1986,14,0,10,0,0,25,3,0,0,9
340236,0,1,1986,0,0,0,0,0,0,0,0,0,0