ST_CASE,VEH_NO,PER_NO,YEAR,P1,P2,P3,P4,P5,P6,P7,P8,P9,P10
350326,1,1,1986,15,15,15,15,15,15,15,15,15,15
350327,1,1,1986,0,0,0,0,0,0,0,0,0,0
350327,2,1,1986,27,27,27,27,27,27,27,27,27,27
350328,1,1,1986,0,0,0,0,0,0,0,0,0,0
350328,2,1,1986,14,14,14,14,14,14,14,14,14,14
350329,1,1,1986,26,26,26,26,26,26,26,26,26,26
350330,1,1,1986,1,1,1,1,1,1,1,1,1,1
350331,1,1,1986,0,0,0,0,0,0,0,0,0,0
350332,1,1,1986,0,0,0,0,0,0,0,0,0,0
350332,2,1,1986,8,8,8,8,8,8,8,8,8,8
350333,1,1,1986,36,36,36,36,36,36,36,36,36,36
350334,0,1,1986,22,22,22,22,22,22,22,22,22,22
350334,1,1,1986,0,0,0,0,0,0,0,0,0,0
350335,0,1,1986,0,0,0,0,0,0,0,0,0,0
350335,0,2,1986,28,0,0,0,0,15,0,0,0,20
350335,1,1,1986,24,24,24,24,24,24,24,24,24,24
350336,1,1,1986,25,25,25,25,25,25,25,25,25,25
350337,0,1,1986,0,0,0,0,0,0,0,0,0,0
350337,1,1,1986,15,0,0,0,0,0,0,0,0,0
350338,0,1,1986,19,19,19,19,19,19,19,19,19,19
350338,1,1,1986,11,9,27,14,19,6,0,12,0,21
350339,1,1,1986,0,0,0,0,0,0,0,0,0,0
350339,2,1,1986,0,0,0,0,0,0,0,0,0,0
350340,1,1,1986,21,21,21,21,21,21,21,21,21,21
350341,0,1,1986,0,0,0,0,0,0,0,0,0,0
350341,1,1,1986,0,0,0,4,0,0,2,0,0,16
350342,1,1,1986,0,0,0,0,0,0,0,0,0,0
350343,1,1,1986,21,0,22,0,14,20,13,18,19,20
350344,1,1,1986,15,15,15,15,15,15,15,15,15,15
350345,0,1,1986,14,14,14,14,14,14,14,14,14,14
350345,1,1,1986,0,21,0,0,0,0,0,0,0,0
350346,0,1,1986,21,21,21,21,21,21,21,21,21,21
350346,1,1,1986,9,0,0,0,0,0,0,0,0,0
350347,1,1,1986,0,12,15,22,18,0,0,38,21,0
350348,1,1,1986,0,0,0,0,0,0,0,19,0,0
350348,2,1,1986,0,0,0,0,0,0,0,0,0,0
350349,0,1,1986,3,3,3,3,3,3,3,3,3,3
350349,1,1,1986,30,10,17,14,11,17,15,15,14,20
350350,1,1,1986,0,0,0,0,0,0,0,0,0,0
350351,0,1,1986,16,16,16,16,16,16,16,16,16,16
350351,1,1,1986,0,9,0,0,0,0,0,0,0,0
350352,1,1,1986,15,15,15,15,15,15,15,15,15,15
350353,0,1,1986,0,0,0,0,0,0,0,0,0,0
350353,1,1,1986,0,0,0,0,0,0,0,0,0,12
350354,0,1,1986,0,0,0,0,0,0,0,0,0,0
350354,1,1,1986,0,0,0,0,0,0,0,0,0,0
350355,0,1,1986,0,0,0,0,0,0,0,0,0,0
350355,1,1,1986,0,0,0,0,0,0,0,0,0,0
350356,0,1,1986,0,0,0,0,0,0,0,0,0,0
350356,1,1,1986,0,0,0,0,0,0,0,0,0,0
350357,1,1,1986,0,0,0,0,0,0,0,0,0,0
350357,2,1,1986,0,0,0,0,0,0,0,0,0,0
350358,1,1,1986,0,0,0,0,0,0,0,0,0,0
350358,2,1,1986,0,12,0,0,0,0,0,0,0,0
350359,1,1,1986,0,0,9,0,0,0,0,0,0,0
350359,2,1,1986,16,16,16,16,16,16,16,16,16,16
350360,1,1,1986,0,0,0,0,0,0,0,0,5,0
350360,2,1,1986,0,0,0,0,0,0,0,0,0,13
350361,1,1,1986,12,12,12,12,12,12,12,12,12,12
350361,2,1,1986,0,0,0,0,0,0,0,0,0,0
350362,0,1,1986,10,10,10,10,10,10,10,10,10,10
350362,0,2,1986,0,0,0,0,0,0,0,0,0,0
350362,1,1,1986,6,6,6,6,6,6,6,6,6,6
350363,1,1,1986,0,0,0,0,0,0,0,0,0,0
350363,2,1,1986,0,0,0,0,0,0,0,0,0,0
350364,0,1,1986,0,0,6,22,28,12,30,12,0,17
350364,0,2,1986,29,29,29,29,29,29,29,29,29,29
350364,1,1,1986,0,0,18,0,0,0,0,0,0,0
350365,1,1,1986,7,7,7,7,7,7,7,7,7,7
350366,0,1,1986,18,18,18,18,18,18,18,18,18,18
350366,1,1,1986,0,8,0,0,0,0,0,0,0,0
350367,1,1,1986,0,0,0,0,0,0,0,0,0,0
350368,1,1,1986,23,23,23,23,23,23,23,23,23,23
350369,1,1,1986,40,40,40,40,40,40,40,40,40,40
350369,2,1,1986,0,0,0,0,0,0,0,8,0,0
350370,0,1,1986,17,17,17,17,17,17,17,17,17,17
350370,1,1,1986,9,16,17,9,0,0,22,22,25,18
350371,1,1,1986,18,18,18,18,18,18,18,18,18,18
350372,1,1,1986,0,0,0,0,0,0,0,0,0,0
350372,2,1,1986,0,0,0,0,0,0,0,0,0,0
350373,1,1,1986,0,0,0,0,0,0,0,0,0,0
350373,2,1,1986,0,0,0,0,0,0,0,0,0,0
350374,1,1,1986,0,0,0,0,0,0,0,0,0,0
350374,2,1,1986,0,0,0,9,0,0,0,0,0,0
350374,3,1,1986,23,0,0,0,0,0,0,0,0,0
350375,1,1,1986,16,16,16,16,16,16,16,16,16,16
350375,2,1,1986,0,0,0,0,0,0,0,0,0,0
350376,1,1,1986,11,30,12,0,31,11,17,12,10,5
350376,2,1,1986,0,22,18,13,15,15,20,4,5,11
350376,3,1,1986,0,0,0,0,0,0,0,0,0,0
350377,1,1,1986,0,0,0,0,0,0,0,0,0,0
350377,2,1,1986,2,2,2,2,2,2,2,2,2,2
350378,0,1,1986,0,0,0,0,0,0,0,0,0,0
350378,0,2,1986,0,0,0,0,0,0,0,0,0,0
350378,1,1,1986,13,13,13,13,13,13,13,13,13,13
350379,0,1,1986,29,29,29,29,29,29,29,29,29,29
350379,1,1,1986,30,0,20,22,16,16,0,7,20,0
350380,0,1,1986,33,19,35,0,15,0,17,29,21,0
350380,1,1,1986,0,0,0,0,0,0,0,0,0,0
350380,2,1,1986,0,0,0,4,0,0,0,0,0,0
350381,1,1,1986,12,0,0,0,0,0,15,0,0,0
350381,2,1,1986,12,12,12,12,12,12,12,12,12,12
350382,0,1,1986,19,19,19,19,19,19,19,19,19,19
350382,1,1,1986,0,18,0,0,0,0,0,0,13,0
350383,0,1,1986,0,0,0,0,0,0,0,0,0,11
350383,1,1,1986,0,0,0,0,0,0,0,0,0,0
350384,1,1,1986,25,25,25,25,25,25,25,25,25,25
350385,1,1,1986,0,0,0,0,0,0,0,0,0,0
350385,2,1,1986,0,0,0,0,0,0,0,0,0,5
350386,0,1,1986,0,0,0,21,0,0,56,14,0,9
350386,1,1,1986,0,0,0,0,0,0,0,0,0,0
350386,2,1,1986,0,0,0,0,0,0,0,0,0,0
350387,1,1,1986,0,0,0,0,0,0,0,0,0,0
350388,1,1,1986,0,0,0,0,0,0,0,0,0,0
350388,2,1,1986,0,0,0,0,0,0,0,0,0,0
350389,1,1,1986,12,12,12,12,12,12,12,12,12,12
350390,1,1,1986,12,12,12,12,12,12,12,12,12,12
350390,2,1,1986,7,7,7,7,7,7,7,7,7,7
350391,1,1,1986,11,11,11,11,11,11,11,11,11,11
350392,0,1,1986,14,14,14,14,14,14,14,14,14,14
350392,1,1,1986,0,0,0,0,0,0,0,0,0,0
350393,1,1,1986,0,0,0,0,0,0,0,0,0,0
350393,2,1,1986,0,0,0,0,0,0,0,0,0,0
350394,1,1,1986,21,21,21,21,21,21,21,21,21,21
350394,2,1,1986,0,15,0,0,0,0,0,22,0,0
350395,1,1,1986,0,9,0,0,0,7,0,0,0,0
350396,1,1,1986,0,0,0,0,0,0,0,0,0,0
350396,2,1,1986,0,0,0,0,0,0,0,0,0,0
350396,3,1,1986,0,0,0,0,0,0,0,0,0,0
350397,1,1,1986,1,1,1,1,1,1,1,1,1,1
350398,1,1,1986,7,7,7,7,7,7,7,7,7,7
350399,0,1,1986,0,0,0,0,0,0,0,0,0,0
350399,1,1,1986,0,0,0,0,0,0,0,0,0,0
350400,1,1,1986,0,0,0,0,0,0,0,0,0,0
350400,2,1,1986,0,0,0,0,0,0,0,0,0,0
350401,1,1,1986,36,36,36,36,36,36,36,36,36,36
350401,2,1,1986,0,13,0,0,0,0,0,0,0,0
350402,1,1,1986,19,19,19,19,19,19,19,19,19,19
350402,2,1,1986,0,0,0,0,0,0,0,0,0,0
350403,1,1,1986,0,15,0,0,0,0,0,0,0,0
350403,2,1,1986,0,0,0,0,0,0,0,7,0,0
350404,1,1,1986,0,0,0,0,0,0,0,0,0,0
350405,0,1,1986,12,12,12,12,12,12,12,12,12,12
350405,1,1,1986,0,0,0,0,0,0,0,4,7,22
350406,1,1,1986,0,24,0,0,12,13,0,0,8,0
350407,1,1,1986,0,0,0,0,0,0,0,0,0,0
350407,2,1,1986,0,0,0,0,0,0,0,0,0,0
350408,0,1,1986,0,17,9,13,0,9,0,0,0,0
350408,1,1,1986,0,0,0,0,0,0,0,0,5,0
350408,2,1,1986,0,0,0,0,0,0,0,0,0,0
350409,0,1,1986,0,28,22,8,16,0,0,21,0,0
350409,1,1,1986,36,0,34,0,0,0,20,0,23,15
350410,1,1,1986,8,8,8,8,8,8,8,8,8,8
350410,2,1,1986,0,0,0,0,0,0,0,0,0,0
350411,1,1,1986,20,20,20,20,20,20,20,20,20,20
350411,2,1,1986,0,10,0,0,15,0,31,0,0,27
350412,1,1,1986,24,24,24,24,24,24,24,24,24,24
350413,1,1,1986,5,5,5,5,5,5,5,5,5,5
350413,2,1,1986,0,0,0,0,0,0,0,0,0,0
350414,1,1,1986,0,0,0,0,0,0,0,0,0,0
350414,2,1,1986,0,0,0,0,0,0,0,0,0,0
350415,1,1,1986,24,24,24,24,24,24,24,24,24,24
350415,2,1,1986,0,0,0,0,0,0,0,0,0,0
350416,0,1,1986,0,0,0,0,0,0,0,0,0,0
350416,1,1,1986,0,0,0,0,0,0,0,0,0,0
350417,1,1,1986,19,25,34,10,23,12,14,22,13,0
350418,1,1,1986,11,11,11,11,11,11,11,11,11,11
350419,1,1,1986,12,12,12,12,12,12,12,12,12,12
350420,1,1,1986,0,0,0,0,0,0,0,0,0,0
350420,2,1,1986,0,0,0,0,0,0,0,0,0,0
350421,0,1,1986,5,5,5,5,5,5,5,5,5,5
350421,1,1,1986,0,14,0,0,0,0,0,0,0,0
350422,0,1,1986,24,24,24,24,24,24,24,24,24,24
350422,1,1,1986,4,0,0,0,0,0,0,0,0,0
350423,0,1,1986,22,22,22,22,22,22,22,22,22,22
350423,1,1,1986,0,0,0,0,0,0,0,0,0,0
350424,1,1,1986,11,11,11,11,11,11,11,11,11,11
350425,1,1,1986,7,7,7,7,7,7,7,7,7,7
350426,0,1,1986,0,0,0,11,0,0,0,33,20,0
350426,1,1,1986,0,0,0,0,10,0,0,0,0,0
350427,1,1,1986,14,14,14,14,14,14,14,14,14,14
350428,0,1,1986,16,16,16,16,16,16,16,16,16,16
350428,1,1,1986,0,0,0,0,0,0,0,0,0,0
350429,1,1,1986,0,0,0,0,0,0,0,0,0,0
350429,2,1,1986,0,0,0,0,0,0,0,7,0,0
350430,1,1,1986,0,0,0,0,0,0,0,0,0,0
350430,2,1,1986,17,17,17,17,17,17,17,17,17,17
350431,1,1,1986,0,0,0,0,0,0,0,0,0,0
350431,2,1,1986,0,0,0,0,0,0,0,0,0,0
350432,0,1,1986,15,15,15,15,15,15,15,15,15,15
350432,1,1,1986,22,16,22,26,23,18,0,18,20,27
350433,0,1,1986,23,0,0,0,0,0,0,0,0,0
350433,1,1,1986,5,5,5,5,5,5,5,5,5,5
350434,0,1,1986,25,25,25,25,25,25,25,25,25,25
350434,1,1,1986,27,27,0,11,15,22,15,19,0,0
350435,1,1,1986,0,0,0,0,0,0,0,0,0,0
350435,2,1,1986,0,0,0,0,0,0,0,0,0,0
350436,1,1,1986,0,35,11,9,0,3,0,6,0,11
350437,1,1,1986,0,0,0,0,0,0,0,0,0,0
350438,1,1,1986,15,16,0,16,14,12,22,0,0,5
350439,0,1,1986,0,0,0,0,0,0,0,0,0,0
350439,1,1,1986,0,0,0,0,0,0,0,0,0,0
350440,1,1,1986,0,0,0,0,0,0,0,0,0,0
350440,2,1,1986,0,0,0,0,0,0,0,0,0,0
360001,1,1,1986,6,6,6,6,6,6,6,6,6,6
360002,0,1,1986,26,26,26,26,26,26,26,26,26,26
360002,1,1,1986,6,6,6,6,6,6,6,6,6,6
360003,1,1,1986,3,3,3,3,3,3,3,3,3,3
360004,1,1,1986,0,0,0,0,0,6,0,0,0,0
360004,2,1,1986,0,0,0,0,0,0,0,0,0,0
360005,0,1,1986,0,0,0,0,0,0,0,0,0,0
360005,1,1,1986,7,9,25,19,14,26,27,13,12,13
360006,1,1,1986,0,0,22,0,0,0,0,9,0,0
360007,1,1,1986,0,0,0,0,0,0,0,0,0,0
360007,2,1,1986,0,0,0,0,0,0,0,0,0,8
360008,0,1,1986,0,0,0,0,0,0,0,0,0,0
360008,2,1,1986,0,0,0,0,0,0,0,0,0,0
360008,3,1,1986,0,0,0,0,0,0,0,0,0,0
360009,1,1,1986,0,0,0,0,0,0,0,0,0,0
360009,2,1,1986,0,0,0,0,0,19,0,0,0,0
360010,0,1,1986,33,33,33,33,33,33,33,33,33,33
360010,1,1,1986,0,0,0,0,0,6,0,0,0,0
360011,1,1,1986,0,0,0,0,0,0,0,0,0,0
360011,2,1,1986,0,0,0,0,0,0,0,0,0,0
360012,0,1,1986,3,3,3,3,3,3,3,3,3,3
360012,1,1,1986,0,0,0,0,0,0,0,0,0,0
360013,0,1,1986,21,21,21,21,21,21,21,21,21,21
360013,1,1,1986,0,0,0,0,0,0,0,0,0,0
360014,1,1,1986,0,0,0,0,0,0,0,0,13,0
360015,1,1,1986,14,16,17,11,2,11,25,21,11,15
360016,1,1,1986,20,20,20,20,20,20,20,20,20,20
360017,1,1,1986,0,0,0,0,0,0,0,0,0,0
360017,2,1,1986,0,0,0,0,0,0,0,0,0,0
360018,1,1,1986,7,7,7,7,7,7,7,7,7,7
360019,0,1,1986,0,0,0,0,0,0,0,0,0,0
360019,1,1,1986,0,0,0,0,0,0,0,0,0,0
360020,1,1,1986,5,5,5,5,5,5,5,5,5,5
360020,2,1,1986,0,0,0,0,0,0,0,15,0,0
360021,0,1,1986,0,0,0,0,0,0,0,0,0,0
360021,1,1,1986,0,0,0,0,0,0,0,0,0,0
360022,0,1,1986,0,0,0,0,0,0,0,0,0,0
360022,1,1,1986,0,0,0,0,0,0,0,6,0,0
360023,1,1,1986,10,10,10,10,10,10,10,10,10,10
360024,1,1,1986,0,0,0,0,0,0,0,0,0,0
360024,2,1,1986,0,0,0,0,0,0,0,0,0,0
360024,3,1,1986,0,0,0,0,0,0,0,0,0,0
360024,4,1,1986,0,0,0,0,0,0,0,0,0,0
360024,5,1,1986,0,0,0,0,0,0,0,0,0,0
360025,1,1,1986,0,0,0,0,0,0,0,0,13,0
360025,2,1,1986,0,0,0,0,0,0,0,0,0,0
360026,1,1,1986,0,0,0,0,0,0,0,0,0,0
360027,0,1,1986,0,0,0,0,0,0,0,0,0,0
360027,1,1,1986,0,25,9,13,10,12,14,11,23,22
360028,1,1,1986,0,0,0,0,0,0,0,0,0,0
360028,2,1,1986,0,0,0,0,0,0,0,0,0,0
360029,1,1,1986,17,0,0,14,0,0,14,9,0,0
360030,1,1,1986,23,23,23,23,23,23,23,23,23,23
360031,1,1,1986,0,0,0,0,0,0,0,0,0,0
360032,1,1,1986,20,20,20,20,20,20,20,20,20,20
360033,1,1,1986,16,16,16,16,16,16,16,16,16,16
360034,1,1,1986,0,0,0,0,0,0,0,0,0,0
360035,1,1,1986,0,0,0,0,0,0,0,0,0,0
360036,1,1,1986,0,0,0,0,0,0,0,0,22,0
360037,0,1,1986,24,24,24,24,24,24,24,24,24,24
360037,1,1,1986,0,0,0,0,0,0,0,0,0,0
360038,1,1,1986,15,13,20,12,0,0,20,42,19,19
360039,1,1,1986,6,4,11,18,15,27,7,0,15,22
360039,2,1,1986,0,0,0,0,0,0,0,0,0,0
360039,3,1,1986,0,0,0,0,0,0,0,0,0,0
360040,1,1,1986,2,3,0,26,0,0,0,13,0,0
360040,2,1,1986,0,0,0,0,0,0,0,0,0,11
360041,1,1,1986,0,0,0,0,0,0,0,0,0,4
360042,1,1,1986,12,12,12,12,12,12,12,12,12,12
360043,1,1,1986,9,32,26,20,4,12,28,13,28,7
360044,1,1,1986,13,13,13,13,13,13,13,13,13,13
360045,0,1,1986,15,15,15,15,15,15,15,15,15,15
360045,0,2,1986,18,0,0,11,14,0,0,0,0,0
360045,2,1,1986,11,11,11,11,11,11,11,11,11,11
360046,1,1,1986,0,0,14,0,0,0,0,0,0,0
360046,2,1,1986,0,0,0,0,0,0,0,0,0,0
360047,1,1,1986,30,30,30,30,30,30,30,30,30,30
360047,2,1,1986,0,8,0,0,0,0,0,0,0,0
360048,1,1,1986,0,0,0,0,8,0,0,0,0,3
360048,2,1,1986,0,0,0,0,0,0,0,0,0,0
360049,0,1,1986,0,0,0,0,0,0,0,0,0,0
360049,1,1,1986,0,0,0,0,0,0,0,0,0,0
360050,0,1,1986,0,0,0,0,0,0,0,0,0,0
360050,1,1,1986,0,0,0,17,0,0,0,0,10,0
360050,2,1,1986,0,0,0,0,0,0,0,0,0,0
360051,0,1,1986,0,0,0,0,0,0,0,0,0,0
360051,1,1,1986,0,0,0,0,0,0,0,0,0,0
360053,1,1,1986,0,0,0,0,18,7,0,0,0,10
360053,2,1,1986,0,0,5,0,0,0,0,0,0,0
360054,0,1,1986,0,0,0,0,0,0,0,0,0,0
360054,1,1,1986,18,18,0,0,0,0,0,0,0,0
360055,1,1,1986,0,24,0,0,0,0,0,0,0,0
360055,2,1,1986,24,24,24,24,24,24,24,24,24,24
360056,1,1,1986,0,0,0,0,0,0,0,0,0,0
360057,0,1,1986,0,0,0,0,0,0,0,0,0,0
360057,1,1,1986,0,0,0,0,0,0,0,0,0,0
360058,1,1,1986,0,0,0,0,0,0,0,0,0,0
360059,1,1,1986,0,0,0,0,0,0,0,0,0,0
360059,2,1,1986,0,0,0,0,0,0,0,0,0,0
360059,3,1,1986,0,0,0,0,0,0,0,0,0,0
360059,4,1,1986,0,0,0,0,0,26,0,0,0,0
360060,1,1,1986,10,0,0,0,0,0,0,0,0,0
360061,1,1,1986,23,20,23,18,20,0,22,13,14,29
360061,2,1,1986,0,0,0,0,0,0,0,0,0,0
360062,1,1,1986,0,0,0,0,0,0,0,0,0,0
360063,1,1,1986,0,0,0,0,0,0,0,0,0,0
360063,2,1,1986,13,14,26,24,5,13,23,16,19,12
360064,1,1,1986,0,0,0,0,0,0,0,0,0,0
360065,1,1,1986,0,0,0,0,0,0,0,0,0,0
360066,1,1,1986,28,28,28,28,28,28,28,28,28,28
360067,0,1,1986,0,0,0,0,0,0,0,0,0,0
360067,1,1,1986,0,0,0,0,0,0,0,0,0,0
360068,1,1,1986,0,0,0,0,0,0,0,0,0,15
360068,2,1,1986,0,0,0,0,10,0,0,0,0,18
360069,0,1,1986,1,1,1,1,1,1,1,1,1,1
360069,1,1,1986,17,16,17,16,22,7,12,11,0,36
360070,1,1,1986,0,0,0,0,0,0,0,0,0,0
360070,2,1,1986,0,0,0,0,0,0,0,0,0,0
360071,0,1,1986,0,0,0,0,0,0,0,0,0,0
360071,1,1,1986,23,19,0,0,0,0,0,0,0,0
360072,1,1,1986,0,0,0,0,0,0,11,0,0,0
360072,2,1,1986,0,0,0,0,0,0,0,0,0,0
360073,1,1,1986,12,12,12,12,12,12,12,12,12,12
360073,2,1,1986,0,12,0,0,0,0,0,13,0,0
360073,3,1,1986,0,0,0,0,0,0,0,0,3,0
360074,0,1,1986,0,24,0,0,0,0,0,0,0,0
360074,1,1,1986,0,0,0,0,0,0,0,0,0,0
360075,1,1,1986,0,0,0,0,0,0,8,0,0,0
360075,2,1,1986,0,0,0,0,0,0,0,0,0,0
360076,1,1,1986,0,0,0,0,0,0,0,0,0,0
360077,1,1,1986,22,22,22,22,22,22,22,22,22,22
360078,1,1,1986,14,17,17,0,0,0,0,0,0,0
360079,1,1,1986,0,0,0,0,0,0,0,0,0,0
360079,2,1,1986,0,0,0,0,0,0,0,0,0,0
360080,0,1,1986,0,0,0,0,0,0,0,0,0,0
360080,1,1,1986,0,0,0,0,0,0,0,0,0,0
360081,1,1,1986,0,0,0,0,0,0,11,0,0,0
360081,2,1,1986,0,0,0,0,0,0,0,0,0,0
360082,0,1,1986,0,0,0,0,0,0,0,0,0,0
360082,1,1,1986,0,0,0,0,0,0,0,0,0,0
360083,1,1,1986,0,0,12,9,0,15,0,0,0,0
360083,2,1,1986,0,0,0,0,0,0,0,0,0,0
360084,0,1,1986,0,0,0,0,0,0,0,0,0,0
360084,1,1,1986,0,0,0,0,0,0,0,0,0,0
360085,1,1,1986,0,0,0,0,0,0,0,0,0,0
360086,1,1,1986,0,0,0,0,0,0,0,0,0,0
360086,2,1,1986,0,0,0,0,0,0,0,0,0,0
360087,1,1,1986,0,0,0,0,0,0,0,0,0,0
360087,2,1,1986,0,0,0,16,0,0,0,0,0,0
360088,1,1,1986,0,0,0,0,0,0,0,0,0,0
360088,2,1,1986,0,0,0,0,0,0,0,0,0,0
360089,1,1,1986,17,17,17,17,17,17,17,17,17,17
360090,1,1,1986,0,0,0,0,0,0,0,0,0,0
360090,2,1,1986,0,0,0,0,0,0,0,0,0,0
360092,1,1,1986,0,0,0,0,0,0,0,0,0,0
360092,2,1,1986,0,0,0,0,0,0,0,0,0,0
360093,1,1,1986,0,0,0,0,26,27,0,0,0,23
360094,0,1,1986,0,0,0,0,0,0,0,0,0,0
360094,1,1,1986,0,0,0,0,0,0,0,0,0,0
360095,1,1,1986,0,26,15,0,15,17,13,21,3,13
360095,2,1,1986,0,0,0,0,0,0,0,0,0,0
360096,0,1,1986,0,0,0,0,0,0,0,0,0,0
360096,1,1,1986,3,3,3,3,3,3,3,3,3,3
360097,1,1,1986,17,17,17,17,17,17,17,17,17,17
360098,0,1,1986,0,0,0,0,0,0,0,0,0,0
360098,1,1,1986,0,0,0,0,0,0,0,0,0,0
360099,1,1,1986,0,0,0,0,0,0,0,7,0,0
360099,2,1,1986,0,0,0,0,0,0,0,0,0,0
360100,0,1,1986,7,7,7,7,7,7,7,7,7,7
360100,1,1,1986,0,16,0,4,16,7,0,0,20,0
360101,1,1,1986,10,11,0,0,41,0,0,24,8,55
360102,1,1,1986,0,0,0,0,0,0,0,0,0,0
360102,2,1,1986,0,0,0,0,0,0,0,0,0,0
360103,0,1,1986,0,0,0,0,0,0,0,0,0,0
360103,1,1,1986,0,0,19,0,0,0,21,0,17,5
360104,1,1,1986,0,0,0,0,0,0,0,0,0,0
360105,1,1,1986,8,17,12,10,0,0,18,0,32,0
360106,0,1,1986,0,0,0,0,0,0,0,0,0,0
360106,1,1,1986,0,17,0,0,0,0,0,13,0,0
360107,0,1,1986,0,0,0,0,0,0,0,0,0,0
360107,1,1,1986,0,0,0,0,0,0,0,0,0,0
360108,1,1,1986,0,0,0,0,0,0,0,0,0,0
360108,2,1,1986,0,0,0,0,0,0,0,0,0,0
360108,3,1,1986,0,0,0,0,0,15,0,0,0,0
360109,0,1,1986,0,0,0,0,0,0,0,0,0,14
360109,0,2,1986,0,0,0,0,0,0,0,0,0,0
360109,1,1,1986,0,0,0,0,30,0,0,0,0,0
360110,1,1,1986,0,0,0,0,0,0,0,0,0,0
360110,2,1,1986,0,0,0,0,0,0,0,0,0,0
360111,1,1,1986,24,24,24,24,24,24,24,24,24,24
360111,2,1,1986,15,15,15,15,15,15,15,15,15,15
360112,0,1,1986,0,0,0,0,0,0,0,0,0,0
360112,0,2,1986,0,0,0,0,19,0,13,0,12,0
360112,0,3,1986,22,0,5,0,0,4,0,0,0,0
360112,1,1,1986,0,0,0,0,0,0,0,0,0,0
360112,2,1,1986,0,0,0,0,0,0,0,0,0,0
360113,1,1,1986,1,1,1,1,1,1,1,1,1,1
360114,1,1,1986,4,4,4,4,4,4,4,4,4,4
360115,1,1,1986,0,0,0,0,0,0,0,0,0,0
360115,2,1,1986,0,0,0,0,0,0,0,0,0,0
360116,0,1,1986,0,0,0,0,0,0,0,0,0,0
360116,1,1,1986,0,0,0,0,0,0,0,0,0,0
360117,0,1,1986,24,24,24,24,24,24,24,24,24,24
360117,1,1,1986,0,0,0,0,0,0,0,0,0,0
360118,0,1,1986,16,0,0,0,0,0,0,0,0,0
360118,1,1,1986,0,7,0,0,0,0,0,0,0,0
360119,1,1,1986,0,0,0,0,0,0,0,0,0,0
360119,2,1,1986,0,0,0,0,0,0,0,0,0,0
360120,0,1,1986,0,0,0,0,0,0,0,0,0,0
360120,1,1,1986,0,0,0,0,0,0,0,0,0,0
360120,2,1,1986,0,0,0,17,0,0,0,0,0,0
360120,3,1,1986,26,0,6,0,9,0,12,25,0,0
360121,0,1,1986,0,0,0,0,0,0,0,0,0,0
360121,1,1,1986,6,0,0,0,17,0,0,0,0,0
360122,1,1,1986,0,0,0,0,0,0,26,0,0,0
360123,0,1,1986,1,1,1,1,1,1,1,1,1,1
360123,0,2,1986,0,0,0,0,15,0,8,0,0,0
360123,1,1,1986,6,28,20,22,21,11,16,24,14,15
360124,0,1,1986,0,0,0,0,0,0,0,0,0,0
360124,1,1,1986,0,0,0,0,0,0,0,0,0,0
360124,2,1,1986,0,0,0,0,0,0,12,0,0,0
360125,1,1,1986,0,0,0,0,0,0,0,0,0,0
360125,2,1,1986,21,0,0,0,0,0,0,0,0,0
360126,1,1,1986,0,0,0,0,0,0,0,0,0,0
360126,2,1,1986,0,0,0,0,0,0,0,0,0,0
360127,1,1,1986,0,0,0,0,14,0,7,21,7,0
360128,1,1,1986,32,32,32,32,32,32,32,32,32,32
360129,1,1,1986,0,0,0,0,0,0,0,0,0,0
360129,2,1,1986,0,0,0,0,0,0,0,0,0,0
360130,1,1,1986,0,0,0,0,0,0,0,0,0,0
360130,2,1,1986,18,18,18,18,18,18,18,18,18,18
360131,1,1,1986,0,0,0,0,0,0,0,0,0,0
360132,0,1,1986,0,0,0,0,0,0,0,0,0,0
360132,1,1,1986,0,0,0,0,0,0,0,0,0,0
360133,0,1,1986,0,0,0,0,0,0,0,0,0,0
360133,1,1,1986,0,16,15,0,0,0,0,0,0,0
360134,0,1,1986,22,22,22,22,22,22,22,22,22,22
360134,1,1,1986,0,0,0,0,0,0,0,0,0,6
360135,0,1,1986,0,0,0,0,0,0,0,0,0,0
360135,1,1,1986,0,0,0,0,0,0,0,0,0,0
360136,1,1,1986,0,0,0,0,0,0,0,0,0,0
360137,1,1,1986,0,0,0,0,0,0,0,0,0,0
360137,2,1,1986,0,0,0,0,0,0,0,0,0,0
360138,1,1,1986,12,0,15,0,0,2,0,0,12,0
360138,2,1,1986,38,0,0,5,13,18,16,0,0,0
360139,0,1,1986,0,0,0,0,0,0,0,0,0,0
360139,1,1,1986,0,0,0,0,0,0,0,0,0,0
360140,0,1,1986,35,35,35,35,35,35,35,35,35,35
360140,1,1,1986,30,7,26,13,0,14,13,13,15,14
360140,2,1,1986,13,0,0,0,0,0,0,0,0,0
360141,1,1,1986,0,0,0,0,0,0,0,0,0,0
360141,2,1,1986,0,0,0,0,0,0,0,0,0,0
360142,1,1,1986,0,0,0,3,0,3,0,9,0,0
360142,2,1,1986,18,0,10,10,0,0,0,2,0,0
360143,0,1,1986,0,0,0,0,0,0,0,0,0,0
360143,1,1,1986,0,0,0,0,0,0,0,0,0,0
360144,1,1,1986,12,8,9,12,16,16,29,6,9,7
360144,2,1,1986,9,0,0,0,8,0,0,0,0,0
360145,0,1,1986,0,0,0,0,0,0,0,0,0,0
360145,1,1,1986,0,0,0,0,0,0,0,0,0,0