ST_CASE,VEH_NO,PER_NO,YEAR,P1,P2,P3,P4,P5,P6,P7,P8,P9,P10
361232,1,1,1986,17,17,17,17,17,17,17,17,17,17
361233,0,1,1986,0,0,0,0,0,0,0,0,0,0
361233,1,1,1986,0,0,0,0,0,0,0,0,0,0
361234,1,1,1986,8,8,8,8,8,8,8,8,8,8
361235,1,1,1986,0,0,0,0,0,0,0,0,0,0
361235,2,1,1986,0,0,0,0,0,0,0,0,0,0
361236,1,1,1986,24,24,24,24,24,24,24,24,24,24
361236,2,1,1986,0,0,0,0,0,0,0,0,0,0
361236,3,1,1986,0,3,0,0,9,0,0,0,0,0
361237,1,1,1986,0,0,0,0,0,0,0,0,0,0
361237,2,1,1986,0,0,0,0,0,0,0,0,0,0
361238,1,1,1986,0,0,0,0,0,0,0,0,0,0
361238,2,1,1986,0,0,0,0,0,0,0,4,0,0
361239,1,1,1986,16,16,16,16,16,16,16,16,16,16
361240,1,1,1986,21,21,21,21,21,21,21,21,21,21
361241,1,1,1986,17,4,12,0,8,17,32,0,8,17
361241,2,1,1986,0,0,0,0,0,0,0,0,0,0
361242,1,1,1986,15,15,15,15,15,15,15,15,15,15
361242,2,1,1986,0,9,7,0,0,0,0,9,0,0
361243,0,1,1986,0,0,0,0,0,0,0,0,0,0
361243,1,1,1986,12,0,0,0,0,0,0,0,0,0
361244,0,1,1986,0,0,0,0,0,0,0,0,0,0
361244,1,1,1986,0,0,0,0,0,0,0,0,0,0
361245,1,1,1986,0,0,0,0,0,0,0,0,0,0
361246,0,1,1986,0,0,0,0,0,0,0,0,0,0
361246,1,1,1986,0,0,0,0,0,0,0,0,0,0
361247,1,1,1986,0,0,0,0,0,0,0,0,0,0
361247,2,1,1986,0,0,0,0,0,0,0,0,0,0
361248,1,1,1986,0,0,0,0,0,0,0,0,0,0
361248,2,1,1986,0,0,0,0,0,0,0,0,0,0
361249,0,1,1986,0,0,0,0,0,0,0,0,0,0
361249,0,2,1986,0,0,13,11,0,18,0,0,12,9
361249,1,1,1986,0,0,0,0,0,0,0,0,0,0
361249,2,1,1986,0,0,0,0,0,0,0,0,0,0
361250,1,1,1986,20,24,19,13,0,7,0,0,8,20
361251,2,1,1986,0,0,0,0,0,0,0,0,0,0
361252,1,1,1986,0,0,0,0,8,0,0,0,0,0
361252,2,1,1986,0,0,0,0,0,0,0,0,0,0
361252,3,1,1986,0,0,0,0,0,0,0,0,0,0
361253,0,1,1986,0,0,0,0,0,0,0,0,0,0
361253,1,1,1986,0,0,0,0,0,0,0,0,0,0
361254,1,1,1986,17,17,17,17,17,17,17,17,17,17
361255,0,1,1986,0,0,0,0,0,0,0,0,0,0
361255,1,1,1986,7,0,0,0,0,0,0,0,0,0
361256,1,1,1986,15,15,15,15,15,15,15,15,15,15
361257,1,1,1986,0,0,0,0,0,0,0,0,0,0
361257,2,1,1986,11,10,4,10,11,14,39,16,33,8
361258,1,1,1986,11,0,0,0,13,0,0,15,14,0
361259,1,1,1986,23,23,23,23,23,23,23,23,23,23
361260,1,1,1986,0,0,0,0,0,0,0,0,0,0
361260,2,1,1986,0,0,0,0,0,0,0,0,0,0
361261,1,1,1986,0,0,0,0,0,0,0,0,0,0
361262,0,1,1986,0,0,0,0,0,0,0,0,0,0
361262,1,1,1986,0,0,0,0,0,0,0,0,0,0
361263,1,1,1986,0,0,0,0,0,0,0,0,0,0
361264,0,1,1986,3,3,3,3,3,3,3,3,3,3
361264,1,1,1986,0,0,0,0,0,0,0,0,0,0
361265,1,1,1986,0,0,0,0,0,0,0,19,0,0
361265,2,1,1986,0,0,0,0,0,0,0,14,0,0
361266,1,1,1986,0,0,0,11,0,0,11,0,0,0
361266,2,1,1986,0,0,0,0,0,0,0,0,0,12
361267,0,1,1986,17,17,17,17,17,17,17,17,17,17
361267,1,1,1986,0,17,0,24,0,0,6,0,14,0
361268,0,1,1986,0,0,0,0,0,0,0,0,0,0
361268,0,2,1986,13,0,26,0,13,25,25,25,11,16
361268,1,1,1986,0,17,0,0,0,12,0,0,19,0
361269,0,1,1986,0,0,0,0,0,0,0,0,0,0
361269,1,1,1986,0,17,7,0,6,0,0,0,0,0
361270,0,1,1986,0,0,0,0,0,0,0,0,0,0
361270,0,2,1986,6,6,6,6,6,6,6,6,6,6
361270,0,3,1986,6,6,6,6,6,6,6,6,6,6
361270,0,4,1986,12,16,0,9,19,15,0,0,17,12
361270,1,1,1986,0,0,0,0,0,0,0,0,0,0
361270,2,1,1986,0,0,13,14,0,0,8,0,0,0
361271,1,1,1986,0,0,0,0,0,0,0,0,0,0
361271,2,1,1986,0,0,0,9,0,0,0,0,0,0
361272,1,1,1986,0,0,0,0,0,0,0,0,12,12
361272,2,1,1986,19,19,19,19,19,19,19,19,19,19
361273,1,1,1986,17,17,17,17,17,17,17,17,17,17
361274,1,1,1986,31,31,31,31,31,31,31,31,31,31
361275,1,1,1986,16,16,16,16,16,16,16,16,16,16
361276,1,1,1986,13,13,13,13,13,13,13,13,13,13
361276,2,1,1986,17,17,17,17,17,17,17,17,17,17
361277,1,1,1986,0,0,0,0,0,0,0,0,0,0
361278,1,1,1986,28,28,28,28,28,28,28,28,28,28
361278,2,1,1986,0,0,0,6,0,0,0,0,0,0
361279,0,1,1986,20,20,20,20,20,20,20,20,20,20
361279,1,1,1986,0,33,28,5,0,30,19,20,2,5
361280,1,1,1986,27,17,25,28,14,4,20,22,17,9
361281,1,1,1986,0,0,0,0,0,0,0,0,0,0
361281,2,1,1986,0,0,0,0,0,0,0,0,0,0
361281,3,1,1986,0,0,0,0,0,0,0,0,0,0
361282,0,1,1986,0,0,0,0,0,0,0,0,0,0
361282,1,1,1986,0,0,0,0,0,0,0,0,0,0
361283,1,1,1986,0,0,0,23,0,0,0,0,0,0
361284,1,1,1986,13,13,13,13,13,13,13,13,13,13
361285,1,1,1986,0,0,0,0,0,0,0,0,0,0
361286,0,1,1986,0,0,0,0,0,0,0,0,0,0
361286,1,1,1986,0,0,18,0,0,0,0,0,5,0
361287,1,1,1986,27,27,27,27,27,27,27,27,27,27
361287,2,1,1986,0,0,0,0,0,0,0,0,0,0
361288,0,1,1986,0,0,0,0,0,0,0,0,0,0
361288,1,1,1986,0,0,3,0,10,0,0,0,0,0
361290,1,1,1986,22,22,22,22,22,22,22,22,22,22
361291,0,1,1986,0,0,0,0,0,0,0,0,0,0
361291,1,1,1986,0,0,0,0,0,0,0,0,0,0
361292,1,1,1986,11,0,0,0,0,0,0,0,0,0
361293,1,1,1986,11,47,12,0,12,23,34,19,6,24
361294,0,1,1986,0,0,0,0,0,0,0,0,0,0
361294,1,1,1986,0,0,17,0,0,0,0,0,0,0
361295,1,1,1986,16,16,16,16,16,16,16,16,16,16
361295,2,1,1986,0,0,0,0,0,0,0,0,0,0
361296,1,1,1986,15,15,15,15,15,15,15,15,15,15
361297,0,1,1986,0,0,0,0,0,0,0,0,0,0
361297,1,1,1986,16,0,0,16,0,19,0,0,0,0
361298,1,1,1986,31,31,31,31,31,31,31,31,31,31
361299,0,1,1986,0,24,0,0,0,0,11,0,20,0
361299,1,1,1986,0,0,0,0,0,0,0,0,0,0
361300,1,1,1986,29,29,29,29,29,29,29,29,29,29
361301,1,1,1986,9,4,0,18,10,0,0,0,0,0
361301,2,1,1986,0,0,0,0,0,0,16,0,0,0
361301,3,1,1986,0,0,0,0,0,0,0,0,0,0
361302,1,1,1986,0,0,13,21,0,0,0,0,0,0
361302,2,1,1986,0,17,0,27,17,27,23,15,17,11
361303,1,1,1986,24,28,30,12,16,5,16,29,18,10
361304,0,1,1986,0,0,0,0,0,0,0,0,0,0
361304,1,1,1986,0,0,0,0,0,0,0,0,0,0
361305,1,1,1986,0,0,0,0,0,0,0,0,0,0
361305,2,1,1986,0,0,4,0,0,18,0,9,0,0
361306,0,1,1986,0,0,0,0,0,0,0,0,0,0
361306,1,1,1986,0,0,0,0,0,0,0,0,0,0
361307,1,1,1986,0,0,0,0,0,0,0,0,0,0
361308,1,1,1986,22,22,22,22,22,22,22,22,22,22
361309,1,1,1986,0,0,7,14,16,12,0,0,24,10
361309,2,1,1986,0,0,0,0,0,0,0,0,0,0
361310,1,1,1986,12,12,12,12,12,12,12,12,12,12
361311,1,1,1986,0,0,0,0,0,0,0,0,0,0
361311,2,1,1986,0,0,0,0,0,0,0,7,8,0
361312,1,1,1986,0,0,0,0,0,0,0,3,0,0
361312,2,1,1986,4,4,4,4,4,4,4,4,4,4
361313,1,1,1986,6,6,6,6,6,6,6,6,6,6
361314,0,1,1986,0,0,0,0,0,0,0,0,0,0
361314,1,1,1986,22,14,15,27,22,11,18,23,0,0
361315,0,1,1986,27,27,27,27,27,27,27,27,27,27
361315,1,1,1986,0,0,0,0,0,13,0,0,0,0
361316,1,1,1986,11,11,12,14,0,22,24,18,29,7
361317,1,1,1986,0,13,0,0,15,21,7,6,0,4
361318,1,1,1986,16,8,25,23,16,10,23,10,16,0
361319,1,1,1986,0,11,14,16,18,25,22,21,26,13
361319,2,1,1986,0,0,0,0,0,0,0,0,0,0
361320,1,1,1986,0,0,0,0,0,0,0,0,0,0
361321,0,1,1986,0,0,0,0,0,0,0,0,0,0
361321,1,1,1986,12,0,0,8,0,0,0,0,0,0
361322,0,1,1986,3,0,0,0,0,0,0,0,0,0
361322,1,1,1986,0,0,0,0,0,0,0,3,0,0
361323,1,1,1986,12,12,12,12,12,12,12,12,12,12
361323,2,1,1986,9,10,30,4,0,0,17,33,13,0
361324,1,1,1986,0,0,11,0,0,0,0,0,0,3
361325,0,1,1986,7,0,0,0,0,17,0,0,22,13
361325,1,1,1986,0,0,0,0,0,0,0,0,0,0
361326,1,1,1986,0,0,0,0,0,0,0,0,0,0
361326,2,1,1986,0,0,0,0,0,0,0,0,0,0
361327,0,1,1986,0,0,0,0,0,0,0,0,0,0
361327,1,1,1986,0,0,0,0,0,10,0,0,0,0
361328,0,1,1986,0,0,0,0,0,0,0,0,0,0
361328,1,1,1986,0,0,0,0,0,0,0,0,0,0
361329,0,1,1986,0,0,0,0,0,0,0,0,0,0
361329,1,1,1986,0,0,0,0,0,0,0,0,0,0
361330,1,1,1986,0,0,0,0,0,0,0,0,0,0
361330,2,1,1986,0,0,0,0,0,0,0,0,0,0
361331,1,1,1986,0,0,9,0,11,6,0,0,0,0
361332,0,1,1986,0,0,0,0,0,0,0,0,0,0
361332,1,1,1986,0,10,12,7,12,0,0,11,9,12
361333,0,1,1986,0,21,0,0,34,15,0,0,0,32
361333,1,1,1986,0,0,0,0,0,0,0,0,0,0
361334,0,1,1986,0,0,0,0,0,0,0,0,0,0
361334,1,1,1986,0,0,0,0,0,0,0,0,0,0
361335,1,1,1986,14,24,27,28,31,22,4,18,17,27
361336,1,1,1986,0,0,10,0,0,0,0,0,0,0
361336,2,1,1986,14,0,0,0,0,0,0,0,0,0
361337,1,1,1986,0,0,6,0,0,0,0,0,0,0
361337,2,1,1986,0,0,0,0,0,13,0,11,0,0
361338,1,1,1986,0,0,0,0,0,0,0,0,0,0
361339,1,1,1986,0,0,0,0,0,0,0,0,0,0
361339,2,1,1986,0,0,0,0,0,0,0,0,0,0
361340,1,1,1986,0,0,2,0,0,0,0,0,0,0
361341,0,1,1986,0,0,0,0,0,0,0,0,0,0
361341,1,1,1986,0,0,0,0,0,0,0,0,0,0
361342,1,1,1986,0,0,5,0,0,0,0,0,0,0
361342,2,1,1986,0,0,16,15,13,27,33,4,25,11
361343,1,1,1986,0,0,0,0,0,0,0,0,0,0
361343,2,1,1986,0,0,0,0,0,0,0,0,0,0
361344,1,1,1986,0,0,0,0,0,0,8,0,0,0
361344,2,1,1986,0,0,0,0,0,0,0,0,0,0
361344,3,1,1986,0,0,0,0,0,0,0,0,0,0
361345,0,1,1986,0,0,0,0,0,0,0,0,0,0
361345,1,1,1986,0,0,0,0,0,0,0,0,0,0
361346,0,1,1986,0,0,0,0,0,0,0,0,0,0
361346,0,2,1986,3,9,5,13,13,25,0,10,0,15
361346,0,3,1986,0,0,20,0,38,0,0,27,7,0
361346,0,4,1986,3,15,14,9,9,25,0,18,22,27
361346,1,1,1986,3,0,0,0,0,0,0,0,0,0
361346,2,1,1986,0,0,0,0,0,23,26,8,0,0
361347,1,1,1986,6,6,6,6,6,6,6,6,6,6
361348,1,1,1986,29,35,14,19,14,16,18,26,16,6
361349,1,1,1986,10,0,0,0,10,0,8,0,9,16
361350,1,1,1986,0,0,0,0,0,0,0,0,0,0
361350,2,1,1986,0,0,0,0,0,0,0,0,0,0
361351,1,1,1986,10,10,10,10,10,10,10,10,10,10
361352,1,1,1986,23,13,21,8,11,15,7,23,18,26
361352,2,1,1986,0,0,0,0,0,0,0,0,0,0
361353,1,1,1986,21,21,21,21,21,21,21,21,21,21
361354,1,1,1986,0,0,0,0,0,0,0,0,0,0
361354,2,1,1986,0,0,0,0,0,0,0,0,0,0
361355,1,1,1986,0,0,0,0,0,0,0,0,0,0
361355,2,1,1986,0,0,0,0,0,0,0,0,0,0
361355,3,1,1986,0,0,0,0,0,0,0,0,0,0
361356,1,1,1986,0,0,0,8,0,0,0,0,0,0
361357,1,1,1986,0,0,0,0,0,0,0,0,0,0
361357,2,1,1986,0,0,0,16,0,0,17,0,0,0
361358,1,1,1986,0,0,0,0,0,0,0,0,0,0
361359,1,1,1986,18,24,0,0,0,10,12,0,25,0
361360,2,1,1986,0,0,0,0,0,0,0,0,0,0
361361,1,1,1986,20,20,20,20,20,20,20,20,20,20
361361,2,1,1986,0,0,0,0,0,0,0,0,0,0
361362,1,1,1986,15,14,8,15,9,18,11,20,20,0
361362,2,1,1986,0,22,0,0,0,31,0,0,16,0
361363,1,1,1986,11,3,0,16,8,8,7,0,13,0
361363,2,1,1986,9,16,0,10,0,23,16,27,10,24
361364,0,1,1986,0,0,0,0,0,0,0,0,0,0
361364,1,1,1986,0,0,0,17,0,0,0,0,0,0
361365,1,1,1986,0,0,0,0,0,0,0,0,0,0
361365,2,1,1986,0,0,0,0,0,0,0,0,0,0
361366,1,1,1986,0,0,0,0,0,0,0,0,0,0
361367,1,1,1986,7,7,7,7,7,7,7,7,7,7
361368,1,1,1986,0,0,0,0,0,0,0,0,0,0
361368,2,1,1986,0,0,0,0,0,0,0,0,0,0
361369,1,1,1986,16,16,16,16,16,16,16,16,16,16
361370,1,1,1986,10,10,10,10,10,10,10,10,10,10
361370,2,1,1986,0,0,0,0,0,0,18,0,0,0
361371,1,1,1986,0,0,19,33,17,20,27,0,19,20
361372,1,1,1986,17,14,13,0,0,0,16,15,15,0
361373,1,1,1986,0,0,0,0,6,0,0,0,0,0
361373,2,1,1986,10,10,10,10,10,10,10,10,10,10
361374,1,1,1986,21,21,21,21,21,21,21,21,21,21
361376,0,1,1986,0,0,0,0,0,0,0,0,0,0
361376,1,1,1986,0,0,0,0,0,0,0,0,0,0
361377,1,1,1986,0,0,0,0,0,0,0,0,0,0
361377,2,1,1986,0,0,0,0,0,0,17,0,0,0
361378,1,1,1986,17,12,22,21,0,0,24,0,34,19
361379,1,1,1986,0,0,0,0,0,0,0,0,0,0
361379,2,1,1986,0,0,0,0,0,0,0,0,0,0
361380,1,1,1986,19,23,3,16,28,6,9,11,17,12
361381,1,1,1986,14,0,0,14,11,0,0,22,15,14
361382,0,1,1986,0,0,0,0,0,0,0,0,0,0
361382,1,1,1986,0,0,0,0,0,0,0,0,0,0
361383,1,1,1986,0,0,0,0,0,0,0,0,0,0
361384,0,1,1986,0,0,0,0,0,0,0,0,0,0
361384,1,1,1986,0,0,0,0,0,0,0,0,0,0
361385,1,1,1986,0,0,0,0,0,0,0,0,0,0
361386,0,1,1986,0,0,0,0,0,0,0,14,0,0
361386,1,1,1986,0,0,18,0,19,5,0,0,0,0
361387,0,1,1986,0,0,0,0,0,0,0,0,0,0
361387,1,1,1986,0,0,0,0,0,0,0,0,0,0
361388,1,1,1986,6,11,21,13,18,14,0,13,33,11
361388,2,1,1986,0,0,0,0,0,0,0,0,0,0
361388,3,1,1986,0,0,0,0,0,0,0,11,0,0
361388,4,1,1986,0,0,0,0,0,0,0,0,0,0
361389,1,1,1986,0,0,0,0,0,0,0,0,0,0
361389,2,1,1986,0,0,0,0,0,0,0,10,12,0
361390,0,1,1986,0,0,0,0,0,0,0,0,0,0
361390,1,1,1986,0,21,10,14,16,20,17,0,6,8
361391,0,1,1986,0,0,0,0,0,0,0,0,0,0
361391,1,1,1986,0,0,0,0,0,0,0,0,0,0
361392,0,1,1986,0,0,0,0,0,0,0,0,0,0
361392,1,1,1986,0,0,0,0,11,0,0,0,0,0
361393,0,1,1986,0,0,0,0,0,0,0,0,0,0
361393,1,1,1986,0,0,0,0,0,0,0,0,0,0
361394,1,1,1986,0,0,0,0,0,0,0,0,0,0
361395,1,1,1986,0,0,0,0,0,0,0,0,0,0
361395,2,1,1986,20,36,9,3,21,6,26,10,21,20
361396,1,1,1986,26,21,22,0,30,13,10,28,0,20
361397,1,1,1986,0,0,0,0,0,0,0,0,0,0
361397,2,1,1986,0,0,0,0,0,0,0,0,0,0
361398,1,1,1986,0,0,0,0,0,0,0,0,0,0
361398,2,1,1986,0,0,0,0,0,0,0,0,0,0
361399,1,1,1986,0,0,0,0,0,0,0,0,0,0
361399,2,1,1986,0,0,6,0,0,0,0,0,0,0
361400,0,1,1986,0,0,0,0,0,0,0,0,0,0
361400,1,1,1986,0,0,0,0,0,0,0,0,0,0
361401,0,1,1986,23,23,23,23,23,23,23,23,23,23
361401,1,1,1986,0,0,0,0,0,0,0,0,0,0
361402,0,1,1986,0,0,0,0,0,0,0,0,0,0
361402,0,2,1986,17,0,17,7,0,0,0,30,0,33
361402,1,1,1986,0,0,0,0,0,0,0,0,0,0
361403,0,1,1986,0,0,0,0,0,0,0,0,0,0
361403,0,2,1986,0,0,0,0,0,0,0,0,0,0
361403,1,1,1986,4,0,0,0,0,0,0,0,0,0
361404,1,1,1986,0,0,16,0,0,11,0,0,0,0
361405,1,1,1986,0,0,0,0,0,0,0,0,0,0
361405,2,1,1986,0,0,0,0,0,16,10,15,0,0
361406,0,1,1986,0,0,0,0,0,0,0,0,0,0
361406,1,1,1986,0,0,0,0,0,0,0,0,0,0
361407,1,1,1986,0,0,0,11,0,0,0,0,0,0
361408,0,1,1986,0,0,0,0,0,0,0,0,0,0
361408,1,1,1986,0,0,0,0,0,0,0,0,0,0
361409,1,1,1986,0,0,0,0,0,0,0,0,0,0
361410,1,1,1986,0,0,0,0,0,0,0,0,10,0
361410,2,1,1986,0,0,0,0,0,0,0,0,0,0
361411,1,1,1986,0,0,0,0,0,0,0,0,0,0
361411,2,1,1986,8,8,8,8,8,8,8,8,8,8
361412,0,1,1986,6,6,6,6,6,6,6,6,6,6
361412,1,1,1986,0,0,0,0,0,0,0,0,11,0
361412,2,1,1986,0,9,0,0,0,0,2,0,36,0
361413,1,1,1986,0,0,0,12,0,0,0,0,0,0
361414,1,1,1986,0,0,0,0,0,0,0,0,0,0
361414,2,1,1986,24,24,24,24,24,24,24,24,24,24
361415,1,1,1986,0,0,0,0,0,0,0,0,0,0
361415,2,1,1986,0,0,0,0,0,0,0,0,0,0
361416,1,1,1986,0,0,0,0,0,3,0,0,0,0
361417,1,1,1986,12,17,5,7,5,7,4,8,0,0
361418,1,1,1986,0,0,0,0,0,0,0,0,0,0
361418,2,1,1986,0,0,0,0,0,0,0,0,0,0
361419,1,1,1986,0,0,0,0,0,0,0,0,0,0
361419,2,1,1986,0,0,0,0,0,0,0,0,0,0
361420,1,1,1986,0,0,0,0,0,0,0,0,0,0
361420,2,1,1986,0,0,0,0,0,0,0,0,0,0
361421,1,1,1986,17,0,30,11,24,26,14,19,3,19
361421,2,1,1986,22,0,0,0,14,0,0,0,0,0
361422,1,1,1986,10,10,10,10,10,10,10,10,10,10
361422,2,1,1986,4,4,4,4,4,4,4,4,4,4
361423,1,1,1986,0,0,0,0,0,0,0,0,0,0
361424,1,1,1986,9,9,9,9,9,9,9,9,9,9
361425,0,1,1986,3,3,3,3,3,3,3,3,3,3
361425,1,1,1986,0,0,0,0,0,0,0,0,0,0
361426,1,1,1986,0,0,0,0,0,0,0,0,0,0
361427,1,1,1986,20,20,20,20,20,20,20,20,20,20
361428,1,1,1986,0,0,0,0,0,0,0,0,0,0
361428,2,1,1986,0,0,0,0,0,0,0,10,0,0
361429,1,1,1986,0,0,0,0,10,0,0,0,0,0
361429,2,1,1986,0,0,0,0,0,0,0,0,0,0
361430,1,1,1986,22,22,22,22,22,22,22,22,22,22
361431,1,1,1986,0,4,0,0,0,0,0,0,0,0
361432,1,1,1986,0,0,0,0,0,0,0,0,0,0
361433,1,1,1986,23,23,23,23,23,23,23,23,23,23
361433,2,1,1986,0,0,0,0,0,0,0,0,0,0
361434,0,1,1986,0,0,0,0,0,0,0,0,0,0
361434,1,1,1986,0,0,0,0,0,0,0,0,0,0
361435,1,1,1986,24,24,24,24,24,24,24,24,24,24
361436,0,1,1986,0,0,0,0,0,0,0,0,0,0
361436,1,1,1986,0,0,0,0,0,0,0,0,12,0
361437,0,1,1986,0,0,0,0,0,18,0,0,0,0
361437,1,1,1986,0,0,0,0,0,0,0,0,0,0
361438,0,1,1986,0,0,0,0,0,0,0,0,0,0
361439,1,1,1986,7,8,14,27,18,22,0,7,0,19
361440,1,1,1986,0,0,0,0,0,0,0,0,0,0
361441,1,1,1986,0,0,0,0,0,0,0,0,0,0
361441,2,1,1986,0,7,0,0,0,0,0,0,0,0
361442,1,1,1986,0,0,0,0,0,0,0,0,0,0
361442,2,1,1986,0,0,0,0,0,0,4,0,0,0
361443,0,1,1986,0,0,0,19,0,0,0,28,13,16
361443,1,1,1986,0,0,0,0,0,0,0,0,0,0
361444,1,1,1986,0,0,0,0,0,0,0,0,0,0
361444,2,1,1986,0,0,0,0,0,0,0,0,0,0
361445,1,1,1986,0,0,0,0,0,0,0,0,0,0
361445,2,1,1986,0,0,0,7,0,0,0,0,0,0
361446,1,1,1986,0,0,0,0,0,0,0,0,0,0
361446,2,1,1986,0,0,0,0,0,0,0,0,0,0
361446,3,1,1986,0,14,0,0,0,0,0,0,0,0
361447,1,1,1986,0,0,0,0,0,0,0,0,0,0
361447,2,1,1986,0,0,0,0,0,0,0,0,0,0
361448,1,1,1986,0,0,0,0,0,0,0,0,0,0
361448,2,1,1986,0,0,0,0,0,0,0,0,0,0
361448,3,1,1986,0,0,0,0,0,0,0,0,0,0
361448,4,1,1986,0,0,0,0,0,0,0,0,0,0
361449,1,1,1986,0,0,0,0,0,0,0,0,0,0
361449,2,1,1986,0,0,0,0,0,0,0,0,0,0
361450,1,1,1986,1,1,1,1,1,1,1,1,1,1
361451,1,1,1986,0,0,0,0,0,0,0,0,0,0
361452,1,1,1986,8,4,7,9,0,5,14,0,13,8
361454,1,1,1986,0,0,0,0,0,0,0,0,0,0
361454,2,1,1986,0,0,0,0,0,0,0,0,0,0
361455,1,1,1986,0,0,0,0,0,0,0,0,0,0
361455,2,1,1986,0,0,0,8,0,0,0,0,0,0
361456,1,1,1986,0,0,0,0,0,0,0,0,0,0
361457,1,1,1986,11,11,11,11,11,11,11,11,11,11
361458,1,1,1986,0,0,0,0,0,0,0,0,0,0
361458,2,1,1986,0,0,0,0,0,0,0,0,0,0
361459,1,1,1986,12,12,12,12,12,12,12,12,12,12
361460,0,1,1986,12,12,12,12,12,12,12,12,12,12
361460,1,1,1986,0,0,0,0,0,0,0,0,0,0
361461,1,1,1986,0,0,0,0,0,0,0,7,0,0
361461,2,1,1986,0,0,0,0,0,0,0,14,0,0
361462,1,1,1986,0,0,0,0,0,0,0,0,0,0
361463,1,1,1986,8,9,6,13,8,7,21,17,0,7
361464,1,1,1986,0,0,0,0,0,0,0,0,0,0
361465,0,1,1986,0,0,0,0,0,0,0,0,0,0
361465,1,1,1986,0,0,7,0,0,0,0,0,0,0
361467,1,1,1986,0,0,0,9,0,0,0,0,0,0
361467,2,1,1986,15,15,15,15,15,15,15,15,15,15
361468,0,1,1986,0,0,0,0,0,0,0,0,0,0
361468,1,1,1986,0,0,0,0,0,0,0,0,0,0
361469,1,1,1986,0,0,0,0,0,0,0,0,0,0
361470,1,1,1986,22,22,22,22,22,22,22,22,22,22
361471,1,1,1986,0,0,0,0,0,0,0,0,0,8
361471,2,1,1986,11,14,0,0,8,0,11,0,13,12
361472,1,1,1986,0,0,0,0,0,0,0,13,0,0
361472,2,1,1986,0,0,0,0,0,0,0,0,0,0
361473,0,1,1986,0,0,0,0,0,0,0,0,0,0
361473,1,1,1986,0,0,0,0,7,0,0,0,0,0
361474,1,1,1986,0,0,0,0,0,0,0,0,0,0
361474,2,1,1986,0,0,0,18,2,7,15,24,0,10
361475,1,1,1986,0,0,0,0,0,0,0,0,0,0
361475,2,1,1986,0,0,0,0,0,0,0,6,0,0
361475,3,1,1986,0,6,0,0,0,0,0,0,0,0
361476,1,1,1986,0,0,0,0,0,0,0,0,0,0
361476,2,1,1986,0,0,0,0,0,0,0,0,0,0
361477,1,1,1986,0,0,0,0,0,0,0,0,0,0
361477,2,1,1986,18,19,0,7,0,0,0,0,0,0
361478,0,1,1986,0,0,0,0,0,0,0,0,0,0
361478,1,1,1986,0,0,0,0,0,0,0,0,0,0
361480,1,1,1986,0,6,11,0,0,0,0,0,0,0
361481,0,1,1986,0,0,0,0,0,0,0,0,0,0
361481,1,1,1986,0,0,0,6,0,0,0,0,0,0
361482,0,1,1986,0,0,0,0,0,0,0,0,0,0
361482,1,1,1986,0,0,0,0,0,0,0,0,0,0
361483,1,1,1986,0,0,0,0,0,0,0,0,0,0
361483,2,1,1986,0,0,0,0,0,0,0,0,0,0
361484,1,1,1986,0,3,0,5,10,5,0,0,2,8
361484,2,1,1986,23,0,0,29,20,19,35,0,24,2
361485,1,1,1986,0,17,0,0,0,0,0,9,0,0
361486,0,1,1986,22,0,5,0,35,0,37,0,11,0
361486,1,1,1986,0,0,0,0,0,0,0,0,0,0
361487,1,1,1986,2,0,0,0,11,0,0,0,12,0
361487,2,1,1986,4,4,4,4,4,4,4,4,4,4
361488,1,1,1986,0,10,0,0,0,0,0,0,0,14
361489,1,1,1986,0,24,0,0,0,0,0,0,14,0
361490,0,1,1986,0,0,0,0,0,0,0,0,0,0
361490,1,1,1986,0,0,0,0,0,0,0,0,0,0
361492,0,1,1986,12,0,18,0,0,16,30,15,20,20
361492,1,1,1986,0,23,5,0,17,11,10,7,0,0
361493,1,1,1986,16,0,0,0,0,0,0,0,0,0
361494,1,1,1986,6,6,6,6,6,6,6,6,6,6
361494,2,1,1986,0,0,0,0,0,0,0,22,0,0
361495,0,1,1986,0,0,0,0,0,0,0,14,0,0
361495,1,1,1986,0,0,0,13,0,0,0,0,0,0
361496,1,1,1986,0,0,0,0,0,0,0,0,0,0
361496,2,1,1986,0,0,0,0,0,0,0,0,0,0
361497,1,1,1986,0,0,0,0,0,0,0,0,0,0
361497,2,1,1986,0,0,0,0,0,0,0,0,0,0
361498,0,1,1986,0,0,0,0,0,0,0,0,0,0
361498,1,1,1986,0,7,0,0,0,0,0,0,0,21
361499,0,1,1986,0,0,0,0,0,0,0,0,0,0
361499,0,2,1986,0,0,0,0,0,0,23,0,6,0
361499,1,1,1986,0,0,0,0,0,0,0,0,0,0
361500,0,1,1986,0,0,0,27,0,0,20,0,28,0
361500,1,1,1986,0,0,0,0,0,0,0,8,0,0
361501,1,1,1986,12,12,12,12,12,12,12,12,12,12
361502,0,1,1986,0,16,5,11,0,4,49,0,0,0
361502,1,1,1986,7,11,0,0,0,0,0,0,0,0
361503,1,1,1986,11,11,11,11,11,11,11,11,11,11
361504,0,1,1986,0,0,0,0,0,0,0,0,0,0
361504,1,1,1986,0,0,0,0,0,0,0,0,0,0
361505,1,1,1986,0,0,0,0,0,0,0,0,0,0
361506,1,1,1986,7,13,0,0,0,0,0,12,0,0
361506,2,1,1986,0,0,0,0,0,0,0,0,0,0
361507,1,1,1986,4,4,4,4,4,4,4,4,4,4
361508,1,1,1986,16,16,16,16,16,16,16,16,16,16
361509,1,1,1986,10,0,0,28,14,32,12,7,9,0