ST_CASE,VEH_NO,PER_NO,YEAR,P1,P2,P3,P4,P5,P6,P7,P8,P9,P10
361779,1,1,1986,0,0,0,0,0,0,0,0,0,0
361780,1,1,1986,10,0,0,0,0,0,10,0,0,0
361780,2,1,1986,10,15,12,0,17,0,0,0,10,26
361781,1,1,1986,0,13,16,14,0,0,0,23,0,0
361782,0,1,1986,18,18,18,18,18,18,18,18,18,18
361782,1,1,1986,0,0,0,0,0,0,0,0,0,0
361783,1,1,1986,0,0,0,0,0,0,0,0,0,0
361783,2,1,1986,0,0,0,0,0,0,0,0,0,0
361784,1,1,1986,0,0,0,0,0,0,0,0,0,0
361784,2,1,1986,0,0,0,0,0,0,20,7,0,6
361785,1,1,1986,0,0,0,0,0,0,0,0,0,0
361785,2,1,1986,0,0,0,0,0,0,0,0,0,0
361787,0,1,1986,0,0,0,0,0,0,0,0,0,0
361787,1,1,1986,0,0,0,0,0,0,0,0,0,0
361788,1,1,1986,16,16,16,16,16,16,16,16,16,16
361788,2,1,1986,0,0,0,0,0,0,0,6,0,0
361789,0,1,1986,0,0,0,0,0,0,0,14,0,0
361789,1,1,1986,15,0,17,0,0,8,17,13,0,17
361790,0,1,1986,0,0,0,0,0,0,0,0,0,0
361790,1,1,1986,0,0,0,10,0,1,0,0,0,0
361791,1,1,1986,0,0,0,0,0,0,0,0,0,0
361792,1,1,1986,20,20,20,20,20,20,20,20,20,20
361792,2,1,1986,0,0,0,0,0,0,0,0,0,0
361793,0,1,1986,0,0,0,0,0,0,0,0,0,0
361793,1,1,1986,0,0,0,0,0,0,0,0,0,0
361794,1,1,1986,14,0,23,26,19,7,2,15,0,11
361795,0,1,1986,0,0,0,8,0,0,0,0,0,0
361795,1,1,1986,0,0,0,5,0,0,0,0,0,0
361796,0,1,1986,0,0,0,0,0,0,0,0,0,0
361796,1,1,1986,14,14,14,14,14,14,14,14,14,14
361797,1,1,1986,0,0,0,0,0,0,0,0,0,0
361797,2,1,1986,1,1,1,1,1,1,1,1,1,1
361798,1,1,1986,15,15,15,15,15,15,15,15,15,15
361799,1,1,1986,0,0,0,0,0,0,0,0,0,0
361799,2,1,1986,0,0,0,0,0,0,0,0,0,0
361799,3,1,1986,0,0,0,0,0,0,0,0,0,0
361800,0,1,1986,0,0,0,0,0,0,0,0,0,0
361800,1,1,1986,0,7,0,0,0,0,3,0,0,0
361801,1,1,1986,0,20,2,9,0,12,0,0,14,14
361802,1,1,1986,0,0,0,0,0,0,0,0,9,0
361802,2,1,1986,4,4,4,4,4,4,4,4,4,4
361803,1,1,1986,0,0,0,0,0,0,0,0,0,0
361804,0,1,1986,0,0,0,0,0,0,0,0,0,0
361804,1,1,1986,4,4,0,8,0,31,0,0,0,0
361805,1,1,1986,31,31,31,31,31,31,31,31,31,31
361806,1,1,1986,0,0,0,0,7,11,0,0,0,0
361806,2,1,1986,0,0,0,0,0,0,0,0,0,0
361807,0,1,1986,39,39,39,39,39,39,39,39,39,39
361807,1,1,1986,0,9,0,0,0,0,0,0,0,0
361808,0,1,1986,0,0,0,0,0,15,0,0,0,0
361808,1,1,1986,0,0,0,0,0,0,0,0,0,0
361809,0,1,1986,0,0,7,16,0,0,0,0,26,24
361809,1,1,1986,0,0,0,0,0,0,5,0,0,0
361810,1,1,1986,4,4,4,4,4,4,4,4,4,4
361811,1,1,1986,0,0,0,0,0,0,0,0,0,0
361811,2,1,1986,12,12,17,17,9,8,0,28,12,30
361812,0,1,1986,0,0,0,0,0,0,0,0,0,0
361812,1,1,1986,15,15,11,4,18,27,19,10,11,18
361813,1,1,1986,0,0,0,0,0,0,0,11,0,0
361813,2,1,1986,0,0,0,23,0,9,0,0,0,0
361814,1,1,1986,0,0,0,0,0,0,0,0,0,0
361814,2,1,1986,0,0,0,0,9,0,0,0,0,0
361815,0,1,1986,0,0,0,0,0,0,0,0,0,0
361815,1,1,1986,0,0,0,0,0,0,12,0,0,0
361816,1,1,1986,0,5,0,0,0,0,0,0,0,0
361816,2,1,1986,0,0,0,0,0,0,0,0,0,0
361816,3,1,1986,0,0,0,0,0,0,0,0,0,0
361817,1,1,1986,0,0,0,0,0,0,0,0,0,0
361817,2,1,1986,0,0,0,0,0,0,0,0,0,0
361818,1,1,1986,0,0,0,0,0,0,0,0,0,0
361818,2,1,1986,0,0,0,0,0,30,0,0,0,0
361819,1,1,1986,0,0,0,0,0,0,0,0,0,0
361820,1,1,1986,0,0,0,0,0,0,0,0,0,0
361820,2,1,1986,0,0,0,0,0,0,0,0,0,0
361821,1,1,1986,0,14,7,0,0,0,0,0,15,0
361821,2,1,1986,0,0,0,0,0,0,0,0,0,0
361822,0,1,1986,0,0,0,0,0,0,0,0,0,0
361822,1,1,1986,0,0,0,0,0,0,0,0,0,0
361823,1,1,1986,0,0,0,0,6,18,0,0,0,0
361823,2,1,1986,10,10,21,14,2,11,18,10,61,13
361824,1,1,1986,0,12,0,0,9,26,0,1,20,0
361825,1,1,1986,23,23,23,23,23,23,23,23,23,23
361826,1,1,1986,6,6,6,6,6,6,6,6,6,6
361827,1,1,1986,1,1,1,1,1,1,1,1,1,1
361827,2,1,1986,0,0,0,0,0,0,0,0,0,6
361827,3,1,1986,0,0,0,0,0,0,0,0,0,0
361828,0,1,1986,0,0,0,0,0,16,20,12,0,23
361828,1,1,1986,0,0,0,0,0,0,0,0,0,0
361829,1,1,1986,0,0,0,0,0,0,0,0,0,0
361829,2,1,1986,0,0,0,0,0,0,0,0,0,0
361831,1,1,1986,0,0,0,0,0,0,0,0,0,0
361831,2,1,1986,0,0,0,0,0,0,24,0,0,0
361831,3,1,1986,0,0,0,0,0,0,0,0,0,0
361832,0,1,1986,13,13,13,13,13,13,13,13,13,13
361832,0,2,1986,0,0,0,0,0,0,0,0,0,0
361832,1,1,1986,5,0,0,9,0,0,0,0,15,0
361833,0,1,1986,13,13,13,13,13,13,13,13,13,13
361833,1,1,1986,0,0,0,0,0,0,0,5,0,0
361834,1,1,1986,24,24,24,24,24,24,24,24,24,24
361835,1,1,1986,0,0,0,0,0,0,0,0,0,0
361835,2,1,1986,0,0,0,0,0,0,0,0,0,0
361836,1,1,1986,0,0,0,0,0,0,0,0,0,0
361837,1,1,1986,25,25,25,25,25,25,25,25,25,25
361838,0,1,1986,0,0,0,0,0,0,35,0,0,0
361838,1,1,1986,0,0,0,0,0,0,0,0,0,12
361839,1,1,1986,0,0,0,0,0,0,0,0,0,0
361840,1,1,1986,0,0,0,0,0,0,0,0,0,0
361840,2,1,1986,34,11,0,23,10,13,18,32,15,17
361841,1,1,1986,0,0,0,11,18,0,0,12,0,0
361842,1,1,1986,0,0,0,0,0,0,5,0,0,0
361843,1,1,1986,0,0,0,0,0,0,0,0,0,0
361843,2,1,1986,0,0,0,0,0,0,0,0,0,0
361844,1,1,1986,0,0,0,0,0,0,0,0,0,0
361844,2,1,1986,0,0,0,0,0,0,0,0,0,0
361845,0,1,1986,0,0,0,0,0,0,0,0,0,0
361845,1,1,1986,15,0,0,0,0,0,0,0,23,0
361846,1,1,1986,0,0,0,0,0,0,0,0,0,0
361846,2,1,1986,0,0,0,0,0,6,0,0,0,0
361847,1,1,1986,0,0,0,0,0,0,0,0,0,0
361848,0,1,1986,0,0,0,0,0,0,0,0,0,0
361848,1,1,1986,13,0,0,0,0,0,0,0,0,0
361849,1,1,1986,0,4,0,0,0,0,13,0,0,0
361849,2,1,1986,0,0,0,0,0,0,0,0,0,0
361849,3,1,1986,0,0,0,0,0,0,7,11,0,10
361850,0,1,1986,0,0,0,0,0,0,0,0,0,0
361850,1,1,1986,0,0,0,0,0,0,0,0,0,0
361851,0,1,1986,0,0,0,0,0,0,0,0,0,0
361851,1,1,1986,0,0,0,0,0,0,0,0,0,0
361852,1,1,1986,0,0,0,0,0,0,0,0,0,0
361852,2,1,1986,0,0,0,0,0,0,0,0,0,0
361853,1,1,1986,0,0,0,0,0,0,0,0,0,0
361853,2,1,1986,0,0,0,0,0,0,9,0,0,0
361854,0,1,1986,0,0,0,0,0,0,0,0,0,0
361854,1,1,1986,0,0,0,7,0,0,0,0,0,0
361854,2,1,1986,0,0,0,0,0,0,0,0,0,0
361855,1,1,1986,28,28,28,28,28,28,28,28,28,28
361855,2,1,1986,0,0,0,0,0,0,0,0,0,0
361857,0,1,1986,0,0,32,0,0,0,0,0,0,27
361857,1,1,1986,0,7,0,0,9,0,7,0,0,0
361858,1,1,1986,38,9,17,12,17,26,32,12,15,19
361859,1,1,1986,0,0,0,0,0,0,0,0,0,0
361859,2,1,1986,0,25,0,15,12,0,0,0,15,0
361859,3,1,1986,0,2,0,0,0,0,0,22,0,0
361860,0,1,1986,0,0,23,0,0,0,0,0,0,0
361860,1,1,1986,0,0,0,0,0,0,0,0,0,0
361861,1,1,1986,0,0,0,0,0,0,0,0,0,0
361861,2,1,1986,0,0,0,0,0,0,0,0,0,0
361862,0,1,1986,6,6,6,6,6,6,6,6,6,6
361862,1,1,1986,9,17,17,4,17,15,29,5,14,8
361863,1,1,1986,10,11,0,32,7,29,5,9,0,0
361863,2,1,1986,0,0,0,0,0,0,0,0,0,0
361863,3,1,1986,0,0,6,0,0,0,0,0,0,8
361864,1,1,1986,11,0,0,17,0,0,0,0,0,0
361864,2,1,1986,0,0,0,0,0,0,0,0,0,0
361864,3,1,1986,0,0,0,0,0,0,0,0,0,0
361865,0,1,1986,0,0,0,0,0,0,0,0,0,0
361865,1,1,1986,6,6,0,14,15,0,12,0,21,0
361866,1,1,1986,0,0,0,0,0,0,0,0,0,0
361866,2,1,1986,0,0,0,0,0,0,0,0,0,0
361867,1,1,1986,0,0,16,0,0,10,0,21,0,9
361868,0,1,1986,0,0,0,0,0,0,0,0,0,0
361868,2,1,1986,0,0,0,0,0,0,10,0,0,0
361869,0,1,1986,0,0,0,0,0,0,0,0,0,0
361869,1,1,1986,0,0,0,9,0,0,0,0,0,0
361870,1,1,1986,0,0,0,0,0,23,0,0,0,0
361870,2,1,1986,0,8,0,0,0,0,0,0,0,0
361871,0,1,1986,29,29,29,29,29,29,29,29,29,29
361871,1,1,1986,20,31,10,20,13,13,11,0,10,11
361872,1,1,1986,0,0,0,0,0,0,0,0,0,0
361873,1,1,1986,0,0,0,0,0,0,0,0,0,0
361873,2,1,1986,0,0,0,0,0,0,0,0,0,0
361874,0,1,1986,0,0,0,0,0,0,0,0,0,0
361874,1,1,1986,0,0,0,0,0,0,0,0,0,0
361875,1,1,1986,23,0,17,15,19,15,17,22,14,24
361875,2,1,1986,7,7,7,7,7,7,7,7,7,7
361876,0,1,1986,0,0,0,0,0,0,0,0,0,0
361876,1,1,1986,10,0,0,0,0,0,0,0,0,0
361877,0,1,1986,0,0,0,0,0,0,0,0,0,0
361877,1,1,1986,0,0,0,0,0,0,0,0,0,0
361878,1,1,1986,0,5,10,4,0,0,0,7,13,15
361878,2,1,1986,0,0,29,0,10,16,14,0,0,0
361879,1,1,1986,0,0,0,0,0,0,0,0,0,0
361879,2,1,1986,0,0,0,0,0,0,0,0,0,0
361879,3,1,1986,0,0,0,0,0,0,0,0,0,0
361880,1,1,1986,0,0,10,0,0,0,17,0,0,0
361881,0,1,1986,0,34,45,0,0,0,13,19,28,0
361881,1,1,1986,0,0,13,0,0,15,0,15,0,0
361881,2,1,1986,10,0,0,15,0,0,19,9,0,0
361882,0,1,1986,0,0,0,0,0,0,0,0,0,0
361882,1,1,1986,0,0,8,0,0,0,0,0,0,0
361883,0,1,1986,0,0,0,0,0,0,0,0,0,0
361883,1,1,1986,0,0,0,0,0,0,0,0,0,0
361883,2,1,1986,0,0,0,0,0,0,0,0,0,0
361884,0,1,1986,0,0,0,0,0,0,0,0,0,0
361884,1,1,1986,0,0,0,0,0,0,0,0,0,0
361885,0,1,1986,0,0,0,0,0,0,0,0,0,0
361885,1,1,1986,0,0,0,0,0,0,0,0,0,0
361886,0,1,1986,0,0,0,0,0,0,0,0,0,0
361886,1,1,1986,0,0,0,0,0,0,0,0,0,0
361887,1,1,1986,16,16,16,16,16,16,16,16,16,16
361887,2,1,1986,0,0,0,0,0,0,0,0,0,0
361888,1,1,1986,0,0,0,0,0,0,0,0,0,0
361889,1,1,1986,0,0,0,0,0,0,0,0,0,0
361889,2,1,1986,0,0,0,0,0,0,0,0,0,0
361890,1,1,1986,12,12,12,12,12,12,12,12,12,12
361890,2,1,1986,3,3,3,3,3,3,3,3,3,3
361891,1,1,1986,12,0,11,21,3,0,15,0,0,18
361892,1,1,1986,0,0,0,0,0,0,0,0,0,0
361892,2,1,1986,0,0,0,0,0,0,8,0,0,0
361893,0,1,1986,0,0,0,0,0,0,0,0,0,0
361893,1,1,1986,0,24,0,0,0,0,3,0,0,0
361894,1,1,1986,0,6,31,12,23,9,23,21,14,30
361894,2,1,1986,0,0,0,0,0,0,0,0,0,0
361895,1,1,1986,26,0,15,21,6,0,11,10,6,7
361895,2,1,1986,7,24,0,13,0,0,7,17,8,10
361895,3,1,1986,0,0,0,0,0,0,0,0,0,0
361896,0,1,1986,0,0,0,0,0,25,4,0,0,0
361896,1,1,1986,0,0,0,0,0,10,11,0,30,0
361896,2,1,1986,0,0,0,0,0,0,0,0,0,0
361897,1,1,1986,0,0,0,0,0,0,0,0,0,0
361897,2,1,1986,0,0,0,0,0,0,0,0,8,0
361897,3,1,1986,0,16,0,7,0,22,0,0,0,0
361898,1,1,1986,0,0,0,0,0,0,0,0,0,0
361898,2,1,1986,0,0,0,0,0,0,0,0,0,0
361899,1,1,1986,13,6,4,15,5,17,0,0,9,12
361899,2,1,1986,0,0,0,0,0,0,0,0,0,0
361899,3,1,1986,8,8,8,8,8,8,8,8,8,8
361900,1,1,1986,0,0,0,0,0,0,0,0,0,0
361900,2,1,1986,0,0,0,0,0,0,0,0,0,0
361901,1,1,1986,24,24,24,24,24,24,24,24,24,24
361901,2,1,1986,0,0,0,0,0,0,0,0,0,0
361901,3,1,1986,0,0,0,0,0,0,0,0,0,0
361902,1,1,1986,32,32,32,32,32,32,32,32,32,32
361903,0,1,1986,0,0,0,0,0,0,0,0,0,0
361903,1,1,1986,0,0,0,0,0,0,0,0,0,22
361904,0,1,1986,0,0,0,0,0,0,0,0,0,0
361904,1,1,1986,0,0,0,0,0,0,0,0,0,0
361905,0,1,1986,0,0,0,0,0,0,0,0,0,0
361905,1,1,1986,0,0,0,0,0,0,0,0,0,0
361906,0,1,1986,0,0,0,0,0,0,0,0,0,0
361906,1,1,1986,34,0,0,17,0,0,0,11,0,0
361907,1,1,1986,0,0,0,0,0,0,0,0,0,0
361908,1,1,1986,0,0,0,0,0,0,0,0,0,0
361908,2,1,1986,0,0,0,0,0,0,0,0,0,0
361909,0,1,1986,0,0,0,0,0,0,0,0,0,0
361909,1,1,1986,0,0,0,0,0,0,0,0,0,0
361910,1,1,1986,0,0,0,0,0,0,0,0,0,0
361910,2,1,1986,0,0,0,0,0,0,0,0,0,0
361911,1,1,1986,0,0,0,0,0,0,0,0,0,0
361911,2,1,1986,0,0,0,0,0,0,0,0,0,0
361912,1,1,1986,0,0,0,0,0,0,0,0,0,0
361913,1,1,1986,0,0,0,0,0,7,0,0,0,0
361914,1,1,1986,0,0,0,0,0,0,0,0,0,0
361915,1,1,1986,0,0,0,0,0,0,0,0,0,0
361915,2,1,1986,0,0,0,0,0,0,0,0,0,0
361916,1,1,1986,0,0,0,0,0,0,0,0,0,0
361917,1,1,1986,11,11,11,11,11,11,11,11,11,11
361917,2,1,1986,0,0,8,0,0,0,0,0,0,0
361918,1,1,1986,0,0,0,18,0,0,0,16,0,0
361918,2,1,1986,21,21,21,21,21,21,21,21,21,21
361919,1,1,1986,0,0,0,0,0,0,0,0,0,0
361920,1,1,1986,0,0,0,0,0,0,0,16,0,0
361920,2,1,1986,0,0,0,0,0,0,0,0,0,0
361921,1,1,1986,0,0,0,0,0,0,0,0,0,0
361921,2,1,1986,0,0,0,0,0,0,0,0,0,0
361922,1,1,1986,11,11,11,11,11,11,11,11,11,11
361924,0,1,1986,18,0,0,35,14,0,20,7,0,16
361924,0,2,1986,0,0,0,0,0,0,0,0,0,0
361924,0,3,1986,0,0,0,0,0,0,0,0,0,0
361924,0,4,1986,0,0,0,0,0,0,0,0,0,0
361924,1,1,1986,26,26,26,26,26,26,26,26,26,26
361925,1,1,1986,20,20,20,20,20,20,20,20,20,20
361926,0,1,1986,0,0,0,0,0,0,0,0,0,0
361926,1,1,1986,0,0,0,0,0,0,0,0,0,0
361927,0,1,1986,0,0,0,0,0,0,0,0,0,0
361927,2,1,1986,12,6,21,19,0,20,20,11,34,17
361928,1,1,1986,0,0,0,0,0,0,0,0,0,0
361928,2,1,1986,0,0,0,0,0,0,0,0,0,0
361929,0,1,1986,0,0,0,0,0,0,0,0,0,0
361929,1,1,1986,0,0,0,0,0,0,0,0,0,0
361930,1,1,1986,14,14,14,14,14,14,14,14,14,14
361930,2,1,1986,20,15,16,0,21,15,0,0,0,0
361931,0,1,1986,8,0,0,0,0,0,0,0,0,0
361931,0,2,1986,0,0,0,0,0,0,0,0,0,0
361931,1,1,1986,0,0,0,0,0,0,0,0,0,0
361932,0,1,1986,5,5,5,5,5,5,5,5,5,5
361932,1,1,1986,0,0,0,0,0,0,0,0,0,0
361933,1,1,1986,0,0,0,0,0,0,0,0,0,0
361933,2,1,1986,0,0,0,0,0,0,0,0,0,0
361934,0,1,1986,0,0,0,0,0,0,0,0,0,0
361934,1,1,1986,0,0,0,0,0,0,0,0,0,0
361934,2,1,1986,0,0,0,0,0,0,0,0,0,0
361935,0,1,1986,17,17,17,17,17,17,17,17,17,17
361935,1,1,1986,0,14,0,16,0,17,0,0,0,0
361936,0,1,1986,0,0,0,0,0,0,0,0,0,0
361936,1,1,1986,0,0,0,0,0,17,0,0,0,0
361937,0,1,1986,0,0,0,0,0,0,0,0,0,0
361937,1,1,1986,0,0,0,0,9,0,0,0,0,0
361938,0,1,1986,8,8,8,8,8,8,8,8,8,8
361938,1,1,1986,22,0,0,0,0,0,0,0,0,0
361939,0,1,1986,0,0,0,0,0,0,0,0,0,0
361939,1,1,1986,0,0,7,8,12,0,0,0,4,0
361940,1,1,1986,0,0,0,0,0,0,0,0,0,0
361940,2,1,1986,0,0,0,0,0,0,0,0,0,0
361941,1,1,1986,0,0,0,0,0,0,0,0,0,0
361941,2,1,1986,17,19,12,47,17,13,6,15,24,0
361942,1,1,1986,20,20,20,20,20,20,20,20,20,20
361943,1,1,1986,19,4,7,8,0,0,5,11,0,0
361944,0,1,1986,18,18,18,18,18,18,18,18,18,18
361944,1,1,1986,0,0,38,14,26,0,8,0,16,0
361945,0,1,1986,23,0,30,0,16,11,10,28,0,0
361945,1,1,1986,7,0,0,0,0,0,0,0,0,0
361946,1,1,1986,12,12,12,12,12,12,12,12,12,12
361947,1,1,1986,0,0,0,0,0,0,0,0,0,0
361947,2,1,1986,0,0,0,0,0,0,0,0,0,0
361948,1,1,1986,0,0,0,0,0,0,0,0,0,0
361948,2,1,1986,0,0,0,0,0,0,0,0,0,0
361949,0,1,1986,0,0,0,0,0,0,0,0,0,0
361949,1,1,1986,0,0,0,0,0,0,0,0,0,0
361950,1,1,1986,0,0,0,0,0,0,0,0,0,0
361950,2,1,1986,2,0,0,0,0,22,0,0,0,0
361951,1,1,1986,0,0,0,0,0,0,0,0,0,0
361952,0,1,1986,0,0,0,0,0,0,0,0,0,0
361952,1,1,1986,0,0,0,0,0,0,0,0,0,0
361953,0,1,1986,43,22,16,13,0,22,14,14,7,17
361953,1,1,1986,11,28,10,23,17,22,11,4,11,3
361954,0,1,1986,0,0,0,0,0,0,0,0,0,0
361954,1,1,1986,0,0,0,0,0,0,0,0,0,0
361955,0,1,1986,0,0,0,0,0,0,0,0,0,0
361955,1,1,1986,0,0,14,0,0,0,0,0,0,0
361956,0,1,1986,0,0,0,0,0,0,0,0,0,0
361956,1,1,1986,0,0,0,0,15,0,0,0,0,0
361957,0,1,1986,0,23,7,0,23,34,0,0,22,18
361957,0,2,1986,34,19,16,12,21,0,0,16,42,8
361957,0,3,1986,0,21,0,0,8,0,0,0,0,0
361957,0,4,1986,40,29,18,0,0,9,0,14,14,0
361957,1,1,1986,0,0,0,22,20,17,31,0,20,18
361958,1,1,1986,0,6,28,6,5,5,24,19,15,14
361959,0,1,1986,0,0,0,0,0,0,0,0,0,0
361959,1,1,1986,0,0,0,0,0,0,0,0,0,0
361960,0,1,1986,0,0,0,0,0,0,0,0,0,0
361960,1,1,1986,0,0,0,13,0,17,0,0,0,0
361961,0,1,1986,0,0,0,0,0,0,0,0,0,0
361961,1,1,1986,0,0,0,0,0,0,0,0,0,0
361962,1,1,1986,0,0,0,0,0,0,0,5,0,0
361962,2,1,1986,0,0,0,0,0,0,0,14,0,0
361963,1,1,1986,0,12,0,0,0,0,0,0,0,0
361963,2,1,1986,0,0,0,33,0,0,0,0,0,0
361964,1,1,1986,0,0,0,0,0,0,0,0,13,6
361964,2,1,1986,15,0,0,7,0,0,13,0,3,17
361964,3,1,1986,0,0,11,0,0,0,15,0,0,0
361965,0,1,1986,0,0,0,0,0,0,0,0,0,0
361965,1,1,1986,0,0,0,0,0,0,0,0,0,0
361966,1,1,1986,15,15,15,15,15,15,15,15,15,15
361967,0,1,1986,0,0,0,0,0,0,0,0,0,0
361967,1,1,1986,0,0,0,0,0,0,0,0,0,0
361968,1,1,1986,0,0,0,0,0,0,0,0,0,0
361969,1,1,1986,0,0,0,0,0,0,0,0,0,0
361971,1,1,1986,18,0,12,0,0,0,0,0,0,0
361971,2,1,1986,0,0,0,0,0,0,0,0,0,0
361972,1,1,1986,0,17,0,0,0,0,0,0,0,0
361972,2,1,1986,0,0,0,0,0,0,0,0,0,0
361973,0,1,1986,0,0,0,0,0,0,0,0,0,0
361973,1,1,1986,0,0,0,0,0,0,0,0,0,0
361975,0,1,1986,0,0,0,0,0,0,0,0,0,0
361975,1,1,1986,0,0,0,0,0,12,0,0,19,0
361976,1,1,1986,0,0,0,0,0,0,0,0,0,0
361977,0,1,1986,0,0,0,0,0,0,0,0,0,0
361977,1,1,1986,0,0,0,0,0,0,0,0,0,0
370002,1,1,1986,0,0,0,11,0,0,0,0,0,18
370003,1,1,1986,13,13,13,13,13,13,13,13,13,13
370004,1,1,1986,0,9,0,0,0,0,0,0,0,0
370005,0,1,1986,0,0,0,0,0,0,0,0,0,0
370005,1,1,1986,0,0,0,0,0,0,0,0,0,0
370006,1,1,1986,0,0,0,0,0,0,0,0,0,0
370007,1,1,1986,0,0,0,0,11,0,0,0,0,0
370007,2,1,1986,0,0,0,0,0,0,0,12,0,0
370008,1,1,1986,0,18,0,0,0,0,0,0,0,13
370008,2,1,1986,0,0,0,0,0,0,0,0,0,0
370008,3,1,1986,0,0,0,0,0,0,0,0,0,0
370009,1,1,1986,0,0,0,0,0,0,0,0,0,0
370009,2,1,1986,0,0,0,0,0,0,7,0,0,0
370009,3,1,1986,0,0,0,0,0,0,0,0,0,0
370010,0,1,1986,0,0,0,0,0,0,0,0,0,0
370010,1,1,1986,14,14,14,14,14,14,14,14,14,14
370011,1,1,1986,0,0,0,0,0,0,0,0,0,0
370011,2,1,1986,0,0,0,0,0,0,0,0,0,0
370012,1,1,1986,0,0,0,0,0,0,0,0,0,0
370013,0,1,1986,0,0,0,0,0,0,0,0,0,0
370013,1,1,1986,0,0,0,0,8,0,0,0,0,8
370014,1,1,1986,19,19,19,19,19,19,19,19,19,19
370015,1,1,1986,0,0,0,0,0,0,0,0,0,0
370015,2,1,1986,0,0,0,0,0,0,0,0,0,0
370016,0,1,1986,24,24,24,24,24,24,24,24,24,24
370016,1,1,1986,0,0,0,0,0,0,0,0,0,0
370016,2,1,1986,0,0,0,0,0,21,0,0,0,0
370017,0,1,1986,25,25,25,25,25,25,25,25,25,25
370017,1,1,1986,0,0,0,0,17,0,0,0,0,0
370018,1,1,1986,23,23,23,23,23,23,23,23,23,23
370019,1,1,1986,33,33,33,33,33,33,33,33,33,33
370020,1,1,1986,0,0,0,0,0,0,0,0,0,0
370021,1,1,1986,0,0,0,0,0,0,0,0,0,0
370021,2,1,1986,0,0,0,0,0,0,0,0,8,0
370022,1,1,1986,0,0,0,0,0,0,0,0,0,0
370022,2,1,1986,0,0,0,0,0,0,0,0,0,0
370022,3,1,1986,0,0,0,0,0,0,0,0,0,0
370022,4,1,1986,0,0,0,0,0,0,0,0,0,0
370023,1,1,1986,41,41,41,41,41,41,41,41,41,41
370023,2,1,1986,0,0,0,0,0,0,0,0,0,0
370024,2,1,1986,0,0,0,0,0,0,0,0,0,0
370025,1,1,1986,41,41,41,41,41,41,41,41,41,41
370026,1,1,1986,0,19,0,0,0,0,0,0,0,0
370027,0,1,1986,31,31,31,31,31,31,31,31,31,31
370027,1,1,1986,0,4,0,0,0,0,0,0,0,0
370028,1,1,1986,0,0,0,32,0,0,0,0,0,0
370028,2,1,1986,0,0,0,16,0,0,0,0,0,0
370029,1,1,1986,0,0,0,0,0,0,0,0,0,0
370029,2,1,1986,0,0,0,0,9,0,0,0,0,0
370029,3,1,1986,0,0,0,0,0,0,0,0,0,0
370030,1,1,1986,0,0,0,0,0,30,0,0,0,0
370031,2,1,1986,28,28,28,28,28,28,28,28,28,28
370032,1,1,1986,12,28,17,17,24,17,12,0,22,15
370033,1,1,1986,0,0,0,0,0,0,0,0,0,0
370034,1,1,1986,0,0,0,0,0,0,0,0,0,0
370035,1,1,1986,26,26,26,26,26,26,26,26,26,26
370036,1,1,1986,0,11,34,14,13,14,13,0,11,11
370037,1,1,1986,0,0,0,0,0,0,0,0,0,0
370037,2,1,1986,0,0,0,0,0,0,0,0,0,0
370037,3,1,1986,0,0,0,0,0,0,0,0,0,7
370038,0,1,1986,0,0,0,0,0,0,0,0,0,0
370038,1,1,1986,0,0,0,0,0,0,0,0,0,14
370039,0,1,1986,0,0,0,0,0,0,0,0,0,0
370039,1,1,1986,0,0,0,0,0,0,0,0,0,0
370040,1,1,1986,13,13,13,13,13,13,13,13,13,13
370041,1,1,1986,0,0,0,0,0,0,0,0,0,0
370042,0,1,1986,0,0,0,12,0,0,0,0,0,0
370042,1,1,1986,0,0,0,0,0,0,0,0,0,0
370043,1,1,1986,0,0,11,0,0,26,0,0,0,13
370043,2,1,1986,0,0,0,0,0,0,0,0,0,0
370044,1,1,1986,15,15,15,15,15,15,15,15,15,15
370045,0,1,1986,0,0,0,0,0,0,0,0,0,0
370045,1,1,1986,0,0,0,0,0,6,0,0,11,0
370046,1,1,1986,16,15,22,46,17,19,26,7,23,12
370047,0,1,1986,0,0,0,0,0,0,0,0,0,0
370047,1,1,1986,0,0,0,0,0,0,0,0,0,0
370048,1,1,1986,0,0,0,0,0,0,0,0,0,0
370048,2,1,1986,0,0,0,0,0,0,0,0,0,0
370048,3,1,1986,0,0,0,15,0,0,0,16,0,6
370049,1,1,1986,0,0,3,0,0,0,0,0,0,0
370049,2,1,1986,5,0,0,0,0,0,0,0,0,0
370050,1,1,1986,0,0,0,0,0,0,0,0,0,0
370051,1,1,1986,0,0,0,0,0,0,0,0,0,0
370051,2,1,1986,10,10,10,10,10,10,10,10,10,10
370052,1,1,1986,20,16,16,30,16,24,5,4,17,7
370053,1,1,1986,0,0,0,0,0,0,0,0,0,0
370053,2,1,1986,0,0,0,0,9,7,0,0,0,0
370054,1,1,1986,0,0,0,0,3,0,0,5,0,0
370055,0,1,1986,0,0,0,0,13,0,0,16,12,2
370055,0,2,1986,19,29,5,0,14,0,0,5,0,0
370055,1,1,1986,0,0,0,0,0,0,0,0,0,0
370056,1,1,1986,0,0,0,0,0,0,0,0,0,0
370057,1,1,1986,16,16,16,16,16,16,16,16,16,16
370058,1,1,1986,26,26,26,26,26,26,26,26,26,26
370059,1,1,1986,0,0,0,0,0,0,0,0,0,0
370060,0,1,1986,39,39,39,39,39,39,39,39,39,39
370060,1,1,1986,0,0,0,0,0,0,0,0,2,0
370061,1,1,1986,22,22,22,22,22,22,22,22,22,22
370061,2,1,1986,13,0,0,0,0,0,15,0,0,0
370062,1,1,1986,20,20,20,20,20,20,20,20,20,20
370063,1,1,1986,0,0,0,0,0,0,0,0,0,0
370063,2,1,1986,0,0,0,0,0,0,0,0,0,0