ST_CASE,VEH_NO,PER_NO,YEAR,P1,P2,P3,P4,P5,P6,P7,P8,P9,P10
370341,1,1,1986,22,12,18,28,7,10,6,21,11,21
370341,2,1,1986,0,0,0,0,0,0,0,12,0,0
370342,1,1,1986,0,0,0,7,0,0,0,0,0,0
370342,2,1,1986,19,19,19,19,19,19,19,19,19,19
370343,1,1,1986,0,0,0,0,0,0,0,0,0,0
370343,2,1,1986,0,0,0,0,0,0,0,0,0,0
370344,1,1,1986,0,0,0,16,0,0,3,0,0,0
370345,1,1,1986,13,15,0,9,22,13,13,0,17,27
370346,0,1,1986,0,0,0,0,0,0,0,0,0,0
370346,1,1,1986,0,0,0,0,0,0,0,0,0,0
370347,1,1,1986,27,0,0,0,0,0,0,0,0,5
370349,1,1,1986,0,0,0,10,0,0,0,0,0,0
370349,2,1,1986,0,0,0,0,0,0,0,0,0,0
370349,3,1,1986,0,0,0,0,0,0,0,0,0,0
370350,1,1,1986,28,22,33,19,17,9,22,9,12,23
370351,1,1,1986,0,0,0,0,0,21,0,0,0,0
370351,2,1,1986,0,0,0,0,0,0,0,0,0,0
370352,1,1,1986,0,0,0,0,0,0,0,0,0,0
370353,1,1,1986,0,0,0,0,0,0,0,0,0,0
370354,1,1,1986,18,18,18,18,18,18,18,18,18,18
370355,1,1,1986,0,0,0,0,0,0,0,0,0,0
370355,2,1,1986,0,0,37,0,0,0,13,0,0,0
370356,1,1,1986,14,7,23,14,16,11,12,12,6,15
370357,0,1,1986,39,39,39,39,39,39,39,39,39,39
370357,1,1,1986,0,0,0,0,0,0,0,0,0,0
370358,1,1,1986,26,26,26,26,26,26,26,26,26,26
370359,1,1,1986,0,0,0,0,0,0,0,0,0,0
370359,2,1,1986,0,0,0,0,0,0,0,0,0,0
370360,1,1,1986,0,0,0,0,0,0,0,0,0,0
370360,2,1,1986,0,0,0,0,0,0,0,14,0,0
370361,1,1,1986,0,0,0,0,0,0,0,0,0,0
370362,1,1,1986,23,23,23,23,23,23,23,23,23,23
370362,2,1,1986,0,0,0,0,10,0,0,0,0,3
370363,0,1,1986,0,0,0,0,0,0,0,0,0,0
370364,1,1,1986,0,0,11,0,0,0,0,0,11,0
370365,1,1,1986,0,0,0,0,0,0,0,0,11,0
370365,2,1,1986,8,0,9,0,0,0,0,4,14,17
370366,1,1,1986,0,0,0,0,0,0,0,0,0,0
370366,2,1,1986,0,0,0,0,0,0,0,0,0,0
370366,3,1,1986,0,0,0,0,0,0,0,0,0,0
370366,4,1,1986,0,0,0,0,0,0,0,0,0,0
370367,1,1,1986,0,0,0,0,0,0,0,0,0,0
370368,1,1,1986,0,0,0,0,0,0,0,0,0,0
370368,2,1,1986,0,0,0,0,0,0,0,0,0,0
370369,1,1,1986,0,0,0,0,0,0,0,0,0,0
370369,2,1,1986,0,0,0,0,0,0,0,0,22,0
370370,1,1,1986,4,4,4,4,4,4,4,4,4,4
370371,1,1,1986,0,0,0,0,0,0,0,0,0,0
370372,1,1,1986,0,0,0,0,0,0,0,0,0,0
370373,1,1,1986,0,0,0,0,0,0,0,0,0,0
370374,1,1,1986,0,0,0,0,0,0,0,0,0,0
370374,2,1,1986,0,0,0,0,0,0,0,0,0,0
370375,1,1,1986,19,19,19,19,19,19,19,19,19,19
370376,1,1,1986,25,25,25,25,25,25,25,25,25,25
370377,0,1,1986,0,0,0,0,0,0,0,0,0,0
370377,1,1,1986,0,0,0,0,0,0,0,0,0,0
370378,1,1,1986,42,42,42,42,42,42,42,42,42,42
370379,1,1,1986,0,0,0,0,0,0,0,0,0,0
370379,2,1,1986,0,0,0,0,0,0,0,0,0,0
370380,1,1,1986,21,13,0,12,21,8,20,23,16,11
370381,1,1,1986,7,7,7,7,7,7,7,7,7,7
370382,1,1,1986,22,22,22,22,22,22,22,22,22,22
370383,1,1,1986,30,30,30,30,30,30,30,30,30,30
370384,1,1,1986,0,0,0,0,0,0,0,0,0,0
370384,2,1,1986,0,0,0,0,0,0,0,0,0,0
370384,3,1,1986,0,9,0,0,0,0,0,0,0,0
370385,1,1,1986,0,0,0,0,0,0,0,0,0,0
370385,2,1,1986,0,0,0,0,0,0,0,16,0,0
370386,1,1,1986,0,0,0,0,0,0,0,11,12,0
370386,2,1,1986,0,0,0,0,0,0,0,0,0,0
370387,1,1,1986,0,0,5,0,0,0,0,0,0,0
370387,2,1,1986,0,0,0,0,0,0,0,0,0,0
370388,1,1,1986,5,15,8,11,4,29,14,11,2,16
370388,2,1,1986,0,0,7,0,0,0,14,0,0,11
370389,1,1,1986,25,13,22,12,0,20,10,17,15,11
370390,1,1,1986,14,20,12,18,22,16,18,12,13,9
370391,0,1,1986,0,0,0,0,0,0,0,0,0,0
370391,1,1,1986,21,15,7,19,30,7,23,15,19,12
370392,1,1,1986,0,0,0,0,0,0,0,0,0,0
370392,2,1,1986,0,0,0,0,0,0,0,0,0,0
370393,1,1,1986,8,8,8,8,8,8,8,8,8,8
370393,2,1,1986,10,0,0,0,0,0,8,0,3,0
370394,1,1,1986,17,17,17,17,17,17,17,17,17,17
370395,1,1,1986,0,0,0,0,0,0,0,10,0,0
370396,0,1,1986,24,24,24,24,24,24,24,24,24,24
370396,1,1,1986,0,0,0,7,0,0,0,0,0,0
370397,1,1,1986,0,0,0,0,0,0,0,0,0,0
370397,2,1,1986,0,0,0,0,12,11,0,0,0,0
370398,1,1,1986,0,0,0,0,0,0,0,0,0,0
370398,2,1,1986,49,49,49,49,49,49,49,49,49,49
370399,1,1,1986,0,6,0,0,0,0,0,17,0,0
370400,1,1,1986,0,0,0,8,0,0,0,0,0,0
370401,1,1,1986,0,0,0,0,0,0,0,0,0,0
370401,2,1,1986,0,0,0,0,0,0,0,0,0,0
370401,3,1,1986,0,0,0,0,0,0,0,0,0,0
370402,0,1,1986,0,0,0,0,0,0,0,0,0,0
370402,1,1,1986,0,0,0,0,0,0,0,0,0,0
370403,1,1,1986,29,29,29,29,29,29,29,29,29,29
370404,1,1,1986,19,19,19,19,19,19,19,19,19,19
370405,1,1,1986,0,0,0,0,0,0,0,0,0,0
370406,1,1,1986,4,14,3,15,25,13,19,17,14,12
370407,1,1,1986,0,9,0,0,0,0,0,0,0,0
370408,1,1,1986,0,0,0,0,0,0,0,0,0,0
370408,2,1,1986,0,0,4,0,0,0,0,0,0,0
370409,1,1,1986,0,0,0,0,0,0,0,4,0,0
370409,2,1,1986,19,0,6,8,13,0,22,0,0,26
370410,1,1,1986,0,0,5,11,6,15,4,17,9,0
370410,2,1,1986,0,0,0,0,0,0,0,0,0,0
370411,1,1,1986,3,3,3,3,3,3,3,3,3,3
370411,2,1,1986,0,0,0,0,0,0,0,0,0,0
370412,1,1,1986,0,0,0,0,0,0,0,0,0,0
370412,2,1,1986,0,0,0,0,0,0,0,0,0,0
370413,0,1,1986,0,0,0,0,0,0,0,0,0,0
370413,1,1,1986,0,0,0,0,0,0,0,0,0,0
370414,1,1,1986,0,0,0,0,0,0,0,0,3,0
370414,2,1,1986,0,0,0,0,0,0,0,0,0,0
370415,1,1,1986,0,0,0,0,0,0,0,0,0,0
370416,1,1,1986,0,0,0,0,0,0,0,0,0,0
370417,1,1,1986,0,0,0,0,0,0,0,0,0,0
370417,2,1,1986,23,23,23,23,23,23,23,23,23,23
370417,3,1,1986,0,0,0,0,0,0,0,0,0,9
370418,1,1,1986,0,0,0,0,0,0,0,0,0,0
370419,1,1,1986,0,0,0,0,0,0,0,0,0,0
370420,1,1,1986,0,0,0,0,0,0,0,0,0,0
370420,2,1,1986,0,0,0,0,0,0,0,0,0,0
370421,1,1,1986,0,0,0,0,0,0,0,0,0,0
370421,2,1,1986,0,0,0,0,0,0,0,0,0,0
370422,1,1,1986,16,12,6,13,15,17,13,27,22,14
370423,1,1,1986,16,8,10,9,9,13,0,12,9,0
370424,1,1,1986,20,13,13,3,8,0,3,18,3,30
370424,2,1,1986,0,0,0,0,0,0,0,0,0,0
370425,0,1,1986,14,11,0,19,39,0,0,24,0,14
370425,1,1,1986,18,18,18,18,18,18,18,18,18,18
370426,1,1,1986,5,5,5,5,5,5,5,5,5,5
370427,1,1,1986,7,7,7,7,7,7,7,7,7,7
370428,0,1,1986,0,0,0,0,0,0,0,0,0,0
370428,1,1,1986,0,0,0,0,0,0,0,0,0,18
370429,1,1,1986,0,0,0,0,0,0,5,0,0,0
370429,2,1,1986,12,12,12,12,12,12,12,12,12,12
370430,1,1,1986,12,12,6,5,9,8,27,32,14,38
370431,0,1,1986,28,28,28,28,28,28,28,28,28,28
370431,1,1,1986,0,0,0,0,0,0,0,0,0,2
370432,0,1,1986,0,0,0,0,0,0,0,0,0,0
370432,1,1,1986,0,0,0,0,0,0,0,0,0,0
370433,1,1,1986,0,0,0,0,0,0,0,0,16,0
370433,2,1,1986,0,0,0,0,0,0,0,0,0,0
370434,1,1,1986,35,35,35,35,35,35,35,35,35,35
370435,1,1,1986,0,0,0,0,0,0,0,0,0,0
370435,2,1,1986,18,18,18,18,18,18,18,18,18,18
370436,0,1,1986,0,0,0,0,0,0,0,0,0,0
370436,1,1,1986,0,0,0,0,0,0,0,0,0,0
370437,1,1,1986,0,0,0,0,0,0,12,0,0,0
370438,0,1,1986,0,0,0,0,0,0,0,0,0,0
370438,1,1,1986,0,0,0,3,28,0,0,0,0,0
370439,1,1,1986,11,24,16,9,33,28,19,10,30,0
370439,2,1,1986,0,0,0,0,0,0,0,0,0,0
370440,1,1,1986,0,0,0,0,0,0,0,0,0,0
370440,2,1,1986,0,0,0,0,0,0,0,0,0,0
370440,3,1,1986,0,0,0,0,0,0,0,0,0,0
370441,0,1,1986,15,14,20,5,10,65,17,20,22,22
370441,1,1,1986,10,10,10,10,10,10,10,10,10,10
370442,1,1,1986,26,26,26,26,26,26,26,26,26,26
370443,1,1,1986,2,2,2,2,2,2,2,2,2,2
370443,2,1,1986,0,0,0,0,0,0,0,6,0,0
370444,1,1,1986,29,7,15,12,17,14,10,23,16,29
370445,1,1,1986,35,35,35,35,35,35,35,35,35,35
370446,1,1,1986,15,15,15,15,15,15,15,15,15,15
370447,1,1,1986,20,20,20,20,20,20,20,20,20,20
370448,1,1,1986,14,14,14,14,14,14,14,14,14,14
370449,1,1,1986,19,19,19,19,19,19,19,19,19,19
370450,1,1,1986,10,10,10,10,10,10,10,10,10,10
370451,1,1,1986,10,13,22,26,23,31,21,11,13,11
370454,1,1,1986,0,0,0,0,0,0,0,0,0,0
370454,2,1,1986,0,0,0,0,0,0,0,0,0,0
370455,0,1,1986,0,0,4,0,0,0,0,0,0,0
370455,1,1,1986,0,0,0,0,0,0,0,0,0,0
370456,0,1,1986,0,0,0,0,0,0,0,0,0,0
370456,1,1,1986,0,0,0,0,9,0,0,0,0,0
370457,1,1,1986,27,27,27,27,27,27,27,27,27,27
370457,2,1,1986,0,0,0,0,0,0,0,0,0,0
370458,1,1,1986,0,0,0,0,0,0,0,0,0,0
370458,2,1,1986,0,0,0,0,0,0,0,0,0,0
370459,1,1,1986,23,23,23,23,23,23,23,23,23,23
370459,2,1,1986,0,0,0,0,0,0,0,0,0,0
370460,0,1,1986,0,0,0,0,0,0,0,0,0,0
370460,1,1,1986,0,0,0,0,0,0,0,0,0,15
370461,1,1,1986,0,0,0,0,0,0,0,0,0,0
370461,2,1,1986,0,0,0,0,0,0,0,0,0,0
370462,1,1,1986,41,10,21,0,21,13,18,22,20,13
370463,1,1,1986,0,0,0,0,0,0,0,0,0,0
370463,2,1,1986,0,0,0,0,0,0,0,0,0,0
370463,3,1,1986,0,0,0,0,0,0,0,0,0,0
370464,1,1,1986,0,0,0,0,0,0,0,0,0,0
370464,2,1,1986,0,0,20,0,0,0,0,0,0,0
370465,1,1,1986,14,14,14,14,14,14,14,14,14,14
370466,1,1,1986,0,0,0,0,0,0,0,0,0,0
370467,0,1,1986,0,0,0,0,0,0,0,0,0,0
370467,1,1,1986,0,0,0,0,0,0,0,0,0,0
370468,1,1,1986,0,0,0,0,0,0,0,0,0,0
370468,2,1,1986,0,0,0,0,0,0,0,0,0,0
370469,1,1,1986,0,0,0,0,0,0,0,0,0,0
370469,2,1,1986,0,0,0,0,0,0,0,0,0,0
370469,3,1,1986,0,0,0,0,0,0,0,0,0,0
370470,1,1,1986,0,0,0,0,0,0,12,0,0,0
370470,2,1,1986,0,0,0,0,0,0,0,9,0,5
370471,1,1,1986,26,10,40,10,16,5,23,0,24,8
370472,1,1,1986,0,0,0,0,0,0,0,0,0,0
370472,2,1,1986,0,0,0,0,0,0,0,0,0,0
370473,1,1,1986,0,0,0,0,0,0,0,0,0,0
370473,2,1,1986,0,0,0,0,0,0,0,0,0,0
370474,1,1,1986,0,0,0,0,0,0,0,0,0,0
370474,2,1,1986,0,0,0,0,0,0,0,0,0,0
370474,3,1,1986,0,0,0,0,0,0,0,0,0,0
370474,4,1,1986,0,0,0,0,0,0,0,0,0,0
370474,5,1,1986,0,0,0,0,0,0,8,0,22,0
370474,6,1,1986,0,0,0,0,0,0,0,0,0,0
370475,1,1,1986,4,4,4,4,4,4,4,4,4,4
370476,1,1,1986,38,18,10,0,25,0,14,12,9,8
370476,2,1,1986,0,0,0,0,0,0,0,17,0,0
370476,3,1,1986,15,20,0,0,5,0,0,0,0,0
370477,0,1,1986,5,34,0,11,3,5,19,13,17,0
370477,1,1,1986,0,0,0,0,0,0,0,0,0,0
370478,1,1,1986,0,0,18,25,21,10,0,0,0,0
370479,1,1,1986,21,21,21,21,21,21,21,21,21,21
370480,0,1,1986,13,13,13,13,13,13,13,13,13,13
370480,1,1,1986,11,11,11,11,11,11,11,11,11,11
370481,1,1,1986,12,8,3,17,11,11,10,12,16,13
370482,1,1,1986,7,7,7,7,7,7,7,7,7,7
370483,1,1,1986,25,0,2,9,0,0,0,0,0,0
370483,2,1,1986,22,0,0,0,0,15,9,0,19,0
370484,1,1,1986,15,15,8,15,9,34,15,32,6,12
370485,1,1,1986,0,0,0,0,0,0,0,0,0,0
370485,2,1,1986,0,0,0,0,0,0,0,0,0,0
370486,0,1,1986,22,22,22,22,22,22,22,22,22,22
370486,1,1,1986,6,6,6,6,6,6,6,6,6,6
370487,1,1,1986,9,9,9,9,9,9,9,9,9,9
370488,1,1,1986,24,24,24,24,24,24,24,24,24,24
370489,1,1,1986,14,14,14,14,14,14,14,14,14,14
370490,1,1,1986,16,16,16,16,16,16,16,16,16,16
370491,1,1,1986,0,0,0,0,0,0,0,0,0,0
370492,1,1,1986,0,0,0,0,0,0,0,0,0,0
370492,2,1,1986,0,0,0,0,0,0,0,0,0,0
370493,0,1,1986,30,19,8,12,13,4,0,33,3,14
370493,1,1,1986,0,7,0,0,0,0,0,0,0,0
370494,1,1,1986,0,0,0,0,0,0,0,0,0,0
370494,2,1,1986,6,6,6,6,6,6,6,6,6,6
370495,1,1,1986,0,0,0,0,0,0,0,0,0,0
370496,1,1,1986,0,0,0,0,0,0,0,0,0,0
370496,2,1,1986,0,0,0,0,0,0,0,0,0,0
370497,0,1,1986,0,0,17,0,0,2,0,5,8,0
370497,0,2,1986,29,0,0,0,0,0,7,5,9,9
370497,0,3,1986,0,0,0,0,0,0,0,0,0,0
370497,0,4,1986,0,0,0,0,0,0,3,22,34,0
370497,0,5,1986,10,7,0,0,0,0,0,28,5,0
370497,1,1,1986,0,0,0,0,0,0,0,0,0,0
370498,1,1,1986,0,0,0,0,0,0,0,0,0,0
370499,1,1,1986,17,17,17,17,17,17,17,17,17,17
370500,1,1,1986,0,0,0,0,0,0,0,0,0,0
370500,2,1,1986,0,0,0,0,0,0,0,0,0,0
370501,1,1,1986,0,0,0,0,0,0,0,0,0,0
370501,2,1,1986,0,0,0,0,0,8,0,0,0,0
370502,1,1,1986,17,11,0,0,0,0,0,0,0,0
370503,1,1,1986,0,0,0,0,0,0,0,0,0,0
370503,2,1,1986,0,0,0,0,0,0,0,0,0,0
370504,1,1,1986,0,0,0,0,0,0,0,0,0,0
370504,2,1,1986,0,0,0,0,0,0,0,0,0,0
370505,1,1,1986,22,22,22,22,22,22,22,22,22,22
370506,1,1,1986,19,0,0,0,0,0,0,0,0,0
370507,1,1,1986,0,0,0,0,0,0,0,0,0,0
370507,2,1,1986,0,0,0,0,0,0,0,0,0,0
370508,1,1,1986,20,20,20,20,20,20,20,20,20,20
370508,2,1,1986,18,0,24,0,24,0,18,0,0,0
370509,1,1,1986,21,21,21,21,21,21,21,21,21,21
370510,0,1,1986,0,0,0,0,0,0,0,0,0,0
370510,0,2,1986,0,0,0,0,0,0,0,0,0,0
370510,1,1,1986,0,0,0,0,0,0,0,0,0,0
370511,0,1,1986,18,18,18,18,18,18,18,18,18,18
370511,1,1,1986,0,0,0,0,0,0,0,0,0,0
370512,1,1,1986,0,0,0,0,0,0,0,0,0,0
370512,2,1,1986,0,0,0,0,14,0,0,0,0,0
370513,1,1,1986,17,17,17,17,17,17,17,17,17,17
370514,1,1,1986,25,25,25,25,25,25,25,25,25,25
370514,2,1,1986,0,0,19,0,0,0,0,0,0,0
370516,1,1,1986,16,22,18,19,20,13,19,24,6,11
370517,1,1,1986,0,0,0,0,0,0,0,0,0,0
370518,1,1,1986,11,11,11,11,11,11,11,11,11,11
370519,1,1,1986,0,0,0,0,0,0,0,0,0,0
370520,0,1,1986,21,21,21,21,21,21,21,21,21,21
370520,1,1,1986,0,0,0,0,10,0,0,23,15,0
370521,1,1,1986,0,0,19,0,0,0,0,6,0,0
370521,2,1,1986,0,0,0,0,0,0,0,0,0,0
370522,1,1,1986,26,26,26,26,26,26,26,26,26,26
370523,1,1,1986,0,0,0,0,0,0,0,0,0,0
370523,2,1,1986,0,0,0,0,0,0,0,0,0,0
370524,1,1,1986,10,10,10,10,10,10,10,10,10,10
370524,2,1,1986,0,0,0,0,0,0,0,0,0,0
370525,1,1,1986,0,0,0,0,0,0,0,0,0,0
370525,2,1,1986,16,9,23,17,16,20,8,31,22,4
370526,1,1,1986,28,14,24,19,18,25,15,24,0,17
370527,1,1,1986,0,0,0,0,0,0,0,0,0,0
370528,1,1,1986,0,0,0,0,9,0,12,0,0,8
370529,1,1,1986,14,14,14,14,14,14,14,14,14,14
370530,0,1,1986,0,0,0,0,0,0,0,0,0,0
370530,1,1,1986,17,16,0,40,22,0,6,0,14,17
370531,1,1,1986,0,0,0,0,0,0,0,0,0,0
370531,2,1,1986,0,0,0,0,0,0,0,0,0,0
370532,1,1,1986,0,0,0,0,0,0,0,0,0,0
370533,0,1,1986,0,0,0,0,0,0,0,0,0,0
370533,1,1,1986,0,0,0,0,0,0,0,0,0,0
370534,1,1,1986,0,0,0,0,0,0,0,0,0,0
370534,2,1,1986,0,0,0,0,0,0,0,0,0,0
370535,1,1,1986,14,13,0,5,19,5,0,21,13,14
370535,2,1,1986,0,0,0,0,0,0,0,0,0,0
370536,1,1,1986,24,15,20,12,14,6,13,8,16,17
370537,1,1,1986,0,0,0,0,0,0,0,0,0,0
370537,2,1,1986,0,0,0,0,0,0,0,0,0,0
370538,1,1,1986,0,0,0,0,0,0,0,0,0,0
370538,2,1,1986,0,0,0,0,0,0,0,0,0,0
370539,1,1,1986,14,14,14,14,14,14,14,14,14,14
370540,0,1,1986,11,11,11,11,11,11,11,11,11,11
370540,1,1,1986,0,0,0,0,0,4,0,0,0,0
370541,1,1,1986,0,0,0,0,0,0,0,0,0,0
370542,1,1,1986,10,10,10,10,10,10,10,10,10,10
370542,2,1,1986,0,0,0,0,0,0,0,0,0,0
370543,1,1,1986,10,10,10,10,10,10,10,10,10,10
370544,1,1,1986,0,0,0,0,0,0,3,0,0,0
370544,2,1,1986,0,0,0,0,0,0,0,0,0,0
370544,3,1,1986,0,0,0,0,0,0,0,0,0,0
370545,1,1,1986,6,6,6,6,6,6,6,6,6,6
370546,1,1,1986,0,0,0,0,0,6,0,0,0,0
370546,2,1,1986,0,0,0,0,0,0,0,7,0,0
370547,1,1,1986,17,17,17,17,17,17,17,17,17,17
370547,2,1,1986,0,0,0,0,0,0,0,0,0,0
370548,1,1,1986,0,0,0,0,0,0,0,0,0,0
370548,2,1,1986,17,17,17,17,17,17,17,17,17,17
370549,0,1,1986,0,0,0,0,0,0,0,0,0,0
370549,1,1,1986,0,0,0,0,0,0,0,0,0,0
370550,1,1,1986,29,0,0,17,11,0,12,9,29,19
370551,1,1,1986,47,47,47,47,47,47,47,47,47,47
370552,1,1,1986,16,16,16,16,16,16,16,16,16,16
370553,1,1,1986,0,0,0,0,0,0,0,0,0,0
370554,1,1,1986,8,8,8,8,8,8,8,8,8,8
370555,1,1,1986,25,25,25,25,25,25,25,25,25,25
370555,2,1,1986,0,0,0,0,0,0,0,0,0,0
370555,3,1,1986,0,0,0,0,0,0,0,0,0,0
370556,1,1,1986,4,4,4,4,4,4,4,4,4,4
370556,2,1,1986,24,28,14,11,16,9,16,0,37,10
370557,1,1,1986,14,0,0,0,0,0,0,0,0,9
370557,2,1,1986,0,0,16,0,0,0,7,0,0,0
370559,0,1,1986,0,0,0,0,0,0,0,0,0,0
370559,1,1,1986,27,13,17,19,22,0,0,26,22,46
370560,1,1,1986,0,0,0,0,0,0,0,0,0,0
370561,1,1,1986,11,18,14,11,0,20,23,0,14,11
370561,2,1,1986,0,0,0,0,0,9,0,0,0,0
370562,1,1,1986,5,0,0,10,0,0,0,0,0,0
370562,2,1,1986,9,26,11,23,0,12,29,13,15,8
370563,1,1,1986,0,0,0,0,0,0,0,0,0,0
370563,2,1,1986,0,0,0,0,0,0,0,0,0,0
370564,0,1,1986,15,15,15,15,15,15,15,15,15,15
370564,1,1,1986,12,12,12,12,12,12,12,12,12,12
370565,1,1,1986,0,0,0,0,0,0,0,0,0,0
370566,1,1,1986,19,13,18,23,11,8,9,21,33,33
370566,2,1,1986,13,13,13,13,13,13,13,13,13,13
370567,0,1,1986,0,0,0,0,0,0,0,0,0,0
370567,1,1,1986,0,0,0,0,0,0,3,0,6,0
370567,2,1,1986,0,0,0,15,0,0,0,0,8,15
370567,3,1,1986,13,0,0,0,0,0,0,0,0,0
370568,0,1,1986,21,21,21,21,21,21,21,21,21,21
370568,1,1,1986,0,13,7,0,0,0,0,6,0,0
370568,2,1,1986,0,0,0,16,0,0,2,0,0,0
370569,1,1,1986,0,0,0,0,0,0,0,0,0,0
370569,2,1,1986,0,8,0,0,0,0,0,0,0,0
370570,1,1,1986,7,7,7,7,7,7,7,7,7,7
370570,2,1,1986,0,0,0,0,0,0,0,11,0,0
370571,1,1,1986,13,21,13,13,13,16,17,16,0,19
370572,0,1,1986,32,32,32,32,32,32,32,32,32,32
370572,1,1,1986,10,0,0,0,0,0,0,0,0,0
370573,1,1,1986,28,8,19,20,13,17,24,17,24,31
370574,1,1,1986,0,0,0,0,0,0,0,0,0,0
370574,2,1,1986,18,18,18,18,18,18,18,18,18,18
370575,1,1,1986,0,0,0,0,0,0,0,0,0,0
370576,1,1,1986,20,20,20,20,20,20,20,20,20,20
370577,1,1,1986,0,0,0,0,0,0,0,0,0,0
370578,1,1,1986,12,12,12,12,12,12,12,12,12,12
370579,1,1,1986,11,11,11,11,11,11,11,11,11,11
370580,1,1,1986,0,0,0,11,0,0,0,10,0,0
370580,2,1,1986,8,22,5,9,16,22,2,20,10,0
370581,1,1,1986,0,0,9,0,0,9,20,0,0,9
370582,1,1,1986,0,0,0,0,0,0,0,0,0,0
370582,2,1,1986,0,0,0,0,0,0,0,0,0,0
370583,0,1,1986,0,0,0,0,0,0,0,0,0,0
370583,1,1,1986,0,0,0,0,0,4,0,0,0,0
370584,1,1,1986,0,0,0,0,0,0,0,0,0,0
370584,2,1,1986,0,0,0,0,0,0,0,0,0,0
370585,0,1,1986,21,21,21,21,21,21,21,21,21,21
370585,1,1,1986,8,0,0,0,0,0,0,0,0,0
370586,1,1,1986,0,0,0,0,0,0,0,0,0,0
370586,2,1,1986,0,0,0,0,0,0,0,0,0,0
370587,0,1,1986,7,7,7,7,7,7,7,7,7,7
370587,1,1,1986,0,0,0,0,0,0,0,0,0,0
370588,1,1,1986,0,0,0,0,0,0,0,0,0,0
370588,2,1,1986,0,0,0,0,0,0,0,0,0,0
370589,1,1,1986,8,8,8,8,8,8,8,8,8,8
370590,1,1,1986,0,0,0,0,0,0,0,0,0,0
370590,2,1,1986,0,0,9,0,0,0,0,0,0,0
370591,1,1,1986,0,0,0,0,0,0,0,0,0,0
370592,1,1,1986,0,0,0,0,0,0,0,0,0,0
370592,2,1,1986,0,0,0,0,0,0,0,0,0,0
370593,1,1,1986,0,0,0,0,0,0,0,0,0,0
370594,1,1,1986,0,0,0,0,0,0,0,0,0,0
370595,0,1,1986,0,0,0,0,0,0,0,0,0,0
370595,1,1,1986,0,0,0,0,0,0,0,0,0,0
370596,1,1,1986,7,27,21,0,18,28,25,0,12,6
370597,1,1,1986,25,25,25,25,25,25,25,25,25,25
370598,1,1,1986,0,0,0,0,0,0,0,0,0,0
370598,2,1,1986,0,0,0,0,0,0,0,0,0,0
370599,0,1,1986,29,26,18,27,18,16,16,37,16,17
370599,1,1,1986,0,0,0,0,0,0,21,0,0,5
370600,1,1,1986,15,15,15,15,15,15,15,15,15,15
370601,1,1,1986,12,12,12,12,12,12,12,12,12,12
370601,2,1,1986,0,0,0,0,0,0,0,0,10,0
370602,1,1,1986,22,22,22,22,22,22,22,22,22,22
370603,1,1,1986,32,32,32,32,32,32,32,32,32,32
370604,1,1,1986,0,0,0,0,0,0,0,0,0,0
370604,2,1,1986,0,17,0,0,0,0,0,0,0,0
370605,1,1,1986,0,21,0,0,0,0,0,0,0,0
370605,2,1,1986,0,0,0,0,0,0,0,0,0,0
370606,1,1,1986,0,0,0,0,0,0,0,0,0,0
370606,2,1,1986,0,0,0,0,0,0,0,0,0,0
370607,1,1,1986,0,0,0,0,0,0,0,0,0,0
370608,1,1,1986,10,24,8,31,5,19,0,11,15,8
370609,1,1,1986,0,0,0,0,0,0,0,0,0,0
370609,2,1,1986,0,12,0,0,0,0,0,17,0,0
370610,1,1,1986,0,0,0,0,0,0,0,0,0,0
370610,2,1,1986,0,0,0,0,0,0,0,0,0,0
370611,1,1,1986,20,9,25,5,13,11,10,4,12,20
370612,1,1,1986,0,0,3,0,0,0,5,10,0,0
370613,1,1,1986,0,0,0,0,0,0,0,0,0,0
370613,2,1,1986,0,0,0,0,0,0,8,0,0,0
370614,1,1,1986,0,0,0,0,0,0,6,0,0,0
370615,1,1,1986,0,0,0,0,0,0,0,12,26,0
370616,1,1,1986,0,0,0,0,0,0,0,0,0,0
370617,1,1,1986,0,0,0,0,0,0,0,0,0,0
370617,2,1,1986,0,0,0,0,0,0,0,0,0,0
370618,1,1,1986,0,0,0,0,0,0,0,0,0,0
370618,2,1,1986,0,0,0,0,0,0,0,0,0,0
370618,3,1,1986,7,0,0,0,8,0,0,0,0,0
370619,0,1,1986,0,0,0,0,0,0,0,0,0,0
370619,1,1,1986,6,0,0,0,0,0,0,0,0,0
370620,1,1,1986,0,0,0,0,0,0,0,0,0,0
370620,2,1,1986,0,0,0,0,0,0,0,0,0,0
370621,1,1,1986,0,0,0,0,0,0,0,0,0,0
370621,2,1,1986,0,0,0,0,0,0,0,0,0,0
370622,1,1,1986,13,15,34,2,0,9,12,7,26,10
370622,2,1,1986,7,0,0,17,16,33,13,14,7,7
370623,0,1,1986,34,40,37,19,20,19,23,21,14,55
370623,1,1,1986,5,5,5,5,5,5,5,5,5,5
370624,1,1,1986,0,0,0,0,0,0,0,0,0,0
370625,1,1,1986,12,12,12,12,12,12,12,12,12,12
370626,1,1,1986,0,0,0,0,0,0,0,0,0,0
370626,2,1,1986,8,14,30,12,0,15,0,0,0,0