ST_CASE,VEH_NO,PER_NO,YEAR,P1,P2,P3,P4,P5,P6,P7,P8,P9,P10
370627,1,1,1986,2,2,2,2,2,2,2,2,2,2
370627,2,1,1986,0,0,0,0,0,0,0,0,0,0
370628,1,1,1986,7,7,7,7,7,7,7,7,7,7
370628,2,1,1986,5,0,9,27,25,8,12,16,7,3
370629,1,1,1986,24,24,24,24,24,24,24,24,24,24
370630,1,1,1986,19,19,19,19,19,19,19,19,19,19
370631,1,1,1986,0,0,0,0,0,0,0,0,0,0
370631,2,1,1986,0,0,0,0,0,0,0,0,0,0
370632,1,1,1986,0,0,0,0,0,0,0,0,0,0
370632,2,1,1986,0,0,0,0,0,0,0,0,0,0
370633,1,1,1986,12,12,12,12,12,12,12,12,12,12
370634,1,1,1986,0,0,0,0,0,0,0,0,0,0
370634,2,1,1986,0,0,0,0,0,0,0,0,0,0
370635,1,1,1986,0,0,0,0,0,0,0,2,0,0
370635,2,1,1986,0,0,0,0,0,0,0,20,0,0
370636,0,1,1986,0,0,0,0,0,0,0,0,0,0
370636,1,1,1986,0,0,0,0,0,0,0,0,0,0
370637,1,1,1986,5,21,7,8,15,32,21,21,17,8
370638,1,1,1986,0,0,0,0,0,0,0,0,0,0
370638,2,1,1986,0,0,0,0,0,0,0,15,0,0
370639,1,1,1986,0,0,0,0,0,0,0,0,0,0
370639,2,1,1986,10,0,0,0,0,0,0,0,0,0
370640,1,1,1986,22,22,22,22,22,22,22,22,22,22
370641,1,1,1986,0,0,0,0,0,0,0,0,0,0
370642,1,1,1986,15,15,15,15,15,15,15,15,15,15
370643,1,1,1986,0,0,0,0,14,0,0,0,0,0
370643,2,1,1986,0,0,0,0,0,4,21,0,6,0
370644,1,1,1986,19,19,11,0,38,3,0,18,13,16
370645,1,1,1986,0,0,0,0,0,0,0,0,0,0
370645,2,1,1986,0,0,16,0,0,0,0,0,0,0
370646,1,1,1986,0,0,0,0,0,0,0,0,0,0
370646,2,1,1986,0,0,0,0,0,0,0,0,0,0
370647,1,1,1986,26,26,26,26,26,26,26,26,26,26
370648,1,1,1986,0,0,0,0,0,0,0,11,0,0
370648,2,1,1986,27,27,27,27,27,27,27,27,27,27
370649,1,1,1986,0,0,0,16,0,0,0,0,0,0
370650,1,1,1986,0,0,0,0,0,0,0,0,0,0
370650,2,1,1986,0,0,0,0,0,0,0,0,0,0
370651,1,1,1986,0,0,0,0,0,0,0,0,0,0
370652,1,1,1986,0,0,0,0,0,0,0,0,0,0
370652,2,1,1986,3,3,3,3,3,3,3,3,3,3
370652,3,1,1986,0,0,0,0,0,0,0,0,0,0
370653,1,1,1986,0,0,0,0,0,0,0,0,0,0
370653,2,1,1986,0,0,0,0,0,0,0,0,0,0
370654,1,1,1986,0,0,0,0,0,0,0,0,0,0
370654,2,1,1986,0,0,0,0,0,0,0,0,0,0
370654,3,1,1986,0,0,0,0,0,0,0,0,0,0
370654,4,1,1986,0,0,0,0,0,0,0,0,0,0
370655,1,1,1986,15,15,15,15,15,15,15,15,15,15
370656,1,1,1986,0,0,0,0,0,0,0,0,0,0
370656,2,1,1986,0,0,0,0,0,0,0,0,0,0
370656,3,1,1986,0,0,0,0,0,0,0,0,0,0
370657,1,1,1986,0,0,0,0,0,0,0,0,0,0
370658,1,1,1986,0,0,0,0,0,0,0,0,0,0
370658,2,1,1986,0,0,0,0,0,0,0,0,0,0
370659,1,1,1986,0,31,0,0,0,0,0,0,0,0
370659,2,1,1986,0,0,0,0,0,0,0,0,0,0
370659,3,1,1986,0,0,0,0,0,0,0,0,0,0
370660,1,1,1986,0,0,0,0,0,0,0,0,0,0
370661,0,1,1986,0,0,0,0,0,0,0,0,0,0
370661,1,1,1986,0,0,0,0,0,0,0,0,0,0
370662,0,1,1986,15,15,15,15,15,15,15,15,15,15
370662,1,1,1986,0,0,0,0,0,0,0,0,0,0
370663,1,1,1986,7,7,7,7,7,7,7,7,7,7
370663,2,1,1986,0,0,0,0,0,0,0,0,0,0
370664,1,1,1986,13,9,34,19,15,23,16,13,18,27
370665,1,1,1986,10,8,0,0,0,0,0,0,12,18
370665,2,1,1986,0,0,0,0,16,0,5,0,0,16
370666,0,1,1986,29,0,0,0,50,0,31,0,0,26
370666,1,1,1986,0,0,0,0,0,0,0,0,0,0
370667,1,1,1986,0,0,0,0,0,0,0,0,0,0
370667,2,1,1986,5,11,5,0,26,38,12,0,8,0
370668,1,1,1986,0,0,0,0,0,0,0,0,0,0
370668,2,1,1986,0,0,0,0,0,0,0,0,0,0
370669,1,1,1986,0,0,0,0,0,0,0,0,0,0
370670,1,1,1986,0,0,0,0,0,0,0,0,0,0
370670,2,1,1986,0,0,0,9,0,0,0,0,0,0
370671,1,1,1986,9,17,35,22,18,2,15,10,5,26
370672,1,1,1986,0,0,0,0,0,0,0,0,0,0
370672,2,1,1986,0,0,0,0,0,0,0,0,0,0
370673,1,1,1986,0,0,0,0,0,0,0,0,0,0
370674,1,1,1986,36,36,36,36,36,36,36,36,36,36
370675,1,1,1986,0,0,0,0,0,18,0,0,0,0
370675,2,1,1986,0,0,0,0,0,0,0,0,0,0
370675,3,1,1986,0,0,0,0,0,0,0,0,0,0
370675,4,1,1986,0,0,0,0,0,0,0,0,0,0
370676,1,1,1986,0,0,0,0,0,0,0,0,0,0
370676,2,1,1986,0,0,0,0,0,0,0,0,0,0
370677,1,1,1986,18,18,18,18,18,18,18,18,18,18
370677,2,1,1986,0,0,6,0,0,0,0,0,0,0
370678,1,1,1986,0,0,0,0,0,0,0,0,0,9
370678,2,1,1986,0,0,0,0,0,0,0,0,0,0
370679,1,1,1986,0,0,0,0,0,0,0,0,0,0
370679,2,1,1986,0,0,0,0,0,0,0,0,0,0
370680,1,1,1986,12,12,12,12,12,12,12,12,12,12
370681,1,1,1986,0,0,0,0,0,0,0,0,0,0
370681,2,1,1986,0,0,0,0,0,0,0,0,0,0
370682,1,1,1986,28,28,28,28,28,28,28,28,28,28
370683,1,1,1986,6,6,6,6,6,6,6,6,6,6
370684,0,1,1986,0,0,0,0,0,0,0,0,0,0
370684,1,1,1986,0,0,0,0,0,0,0,0,0,0
370685,0,1,1986,0,0,0,0,0,0,0,0,0,0
370685,1,1,1986,0,0,0,0,0,0,0,0,0,0
370686,1,1,1986,0,0,0,0,0,0,0,0,0,0
370686,2,1,1986,0,0,0,0,0,0,0,0,0,0
370686,3,1,1986,0,0,0,0,0,0,0,0,0,0
370687,0,1,1986,0,0,0,0,0,0,25,0,0,0
370687,1,1,1986,15,13,10,11,13,12,24,15,19,10
370688,1,1,1986,0,0,0,0,0,0,0,0,0,0
370689,1,1,1986,0,0,0,0,11,0,0,22,17,0
370690,1,1,1986,0,0,0,0,0,0,0,0,0,0
370691,0,1,1986,10,10,10,10,10,10,10,10,10,10
370691,1,1,1986,0,9,0,17,0,0,15,0,13,0
370692,0,1,1986,22,22,22,22,22,22,22,22,22,22
370692,1,1,1986,0,0,0,0,8,0,0,0,0,0
370693,1,1,1986,29,29,29,29,29,29,29,29,29,29
370694,1,1,1986,18,18,18,18,18,18,18,18,18,18
370695,0,1,1986,18,18,18,18,18,18,18,18,18,18
370695,1,1,1986,0,0,0,0,0,0,0,8,0,0
370696,1,1,1986,16,0,6,0,16,0,0,7,11,20
370696,2,1,1986,24,24,24,24,24,24,24,24,24,24
370697,1,1,1986,0,0,0,0,0,0,0,0,0,0
370697,2,1,1986,22,17,22,9,18,16,13,6,14,9
370698,1,1,1986,0,0,0,0,0,0,7,0,0,0
370699,0,1,1986,0,0,0,0,0,0,0,0,0,0
370699,1,1,1986,0,0,0,0,0,0,0,0,0,0
370700,1,1,1986,0,0,0,0,0,0,0,0,0,0
370700,2,1,1986,0,0,0,0,0,0,0,0,0,0
370701,1,1,1986,0,0,0,0,0,0,0,0,0,0
370702,1,1,1986,18,13,21,12,0,0,25,21,0,23
370703,1,1,1986,16,24,13,31,12,14,16,30,18,13
370704,1,1,1986,30,20,18,18,22,20,10,12,29,6
370704,2,1,1986,16,28,12,17,25,13,17,22,30,21
370705,1,1,1986,23,23,23,23,23,23,23,23,23,23
370706,1,1,1986,21,21,21,21,21,21,21,21,21,21
370707,1,1,1986,0,0,0,0,0,0,0,0,0,0
370707,2,1,1986,0,4,0,5,0,0,4,16,0,0
370708,1,1,1986,13,13,13,13,13,13,13,13,13,13
370709,1,1,1986,29,29,29,29,29,29,29,29,29,29
370709,2,1,1986,0,0,0,0,0,0,0,0,0,0
370710,1,1,1986,32,32,32,32,32,32,32,32,32,32
370711,1,1,1986,21,21,21,21,21,21,21,21,21,21
370712,1,1,1986,0,0,0,0,0,0,0,0,0,0
370712,2,1,1986,0,0,0,0,0,0,0,0,0,0
370713,1,1,1986,14,19,0,0,4,21,29,22,5,15
370714,0,1,1986,0,0,0,0,0,0,0,0,0,0
370714,1,1,1986,0,0,0,0,0,0,0,0,0,0
370715,1,1,1986,14,13,16,11,24,4,2,15,18,7
370716,1,1,1986,0,0,0,0,0,0,0,0,0,0
370717,0,1,1986,11,11,11,11,11,11,11,11,11,11
370717,1,1,1986,0,0,0,0,0,0,0,0,0,5
370718,1,1,1986,19,16,5,18,27,26,17,15,22,14
370719,1,1,1986,13,13,13,13,13,13,13,13,13,13
370719,2,1,1986,0,0,0,0,0,0,0,0,0,0
370721,1,1,1986,26,26,26,26,26,26,26,26,26,26
370722,1,1,1986,15,15,15,15,15,15,15,15,15,15
370723,1,1,1986,0,0,0,0,0,0,0,0,0,0
370724,1,1,1986,13,13,19,11,11,10,9,4,11,6
370725,1,1,1986,15,15,15,15,15,15,15,15,15,15
370726,1,1,1986,0,0,0,0,0,0,0,0,0,0
370726,2,1,1986,0,0,0,0,0,0,0,0,0,0
370727,0,1,1986,28,28,28,28,28,28,28,28,28,28
370727,1,1,1986,0,0,0,0,0,0,0,0,0,10
370728,1,1,1986,0,0,0,0,0,0,0,0,0,0
370728,2,1,1986,0,0,0,0,0,0,0,0,0,0
370728,3,1,1986,0,0,13,0,0,0,0,0,0,0
370729,0,1,1986,8,0,0,0,11,6,0,16,0,10
370729,0,2,1986,0,0,0,0,0,0,0,0,0,0
370729,1,1,1986,0,0,0,0,0,0,0,0,0,0
370730,1,1,1986,16,16,16,16,16,16,16,16,16,16
370731,0,1,1986,0,0,0,0,0,0,0,0,0,0
370731,1,1,1986,0,0,0,0,0,6,0,0,0,0
370732,1,1,1986,17,17,17,17,17,17,17,17,17,17
370732,2,1,1986,0,0,0,0,0,0,0,0,0,0
370733,1,1,1986,0,0,0,0,0,0,0,0,0,0
370733,2,1,1986,0,0,20,9,18,0,0,0,0,0
370734,1,1,1986,0,0,0,0,0,0,0,0,0,0
370734,2,1,1986,0,0,0,0,0,0,0,0,0,0
370735,1,1,1986,12,12,12,12,12,12,12,12,12,12
370736,1,1,1986,25,25,25,25,25,25,25,25,25,25
370737,0,1,1986,0,0,0,0,0,0,0,0,0,0
370737,1,1,1986,0,0,0,0,0,0,0,0,0,4
370737,3,1,1986,0,0,0,0,0,0,0,0,0,0
370738,0,1,1986,0,0,5,22,0,0,25,11,12,11
370738,0,2,1986,10,10,10,10,10,10,10,10,10,10
370738,1,1,1986,0,0,11,0,0,0,0,0,0,0
370738,2,1,1986,8,0,1,6,0,19,0,0,20,0
370739,1,1,1986,22,22,22,22,22,22,22,22,22,22
370739,2,1,1986,0,0,0,17,0,0,6,0,4,0
370740,1,1,1986,0,0,0,12,0,0,5,0,0,0
370741,1,1,1986,0,0,0,0,0,0,0,0,0,0
370742,1,1,1986,12,12,12,12,12,12,12,12,12,12
370743,1,1,1986,0,0,0,0,0,0,0,0,0,0
370744,1,1,1986,7,7,7,7,7,7,7,7,7,7
370746,1,1,1986,17,27,12,13,16,7,41,28,21,18
370747,1,1,1986,0,12,0,0,0,0,0,0,0,0
370748,0,1,1986,0,0,0,0,0,0,0,0,0,0
370748,1,1,1986,0,0,0,0,0,0,0,0,0,0
370749,1,1,1986,31,31,31,31,31,31,31,31,31,31
370750,1,1,1986,0,0,0,0,0,0,0,0,0,0
370750,2,1,1986,0,18,0,0,0,0,0,0,0,0
370751,1,1,1986,0,0,0,0,0,0,0,0,0,0
370751,2,1,1986,0,0,0,0,0,0,0,0,0,0
370752,0,1,1986,30,30,30,30,30,30,30,30,30,30
370752,1,1,1986,0,0,12,0,19,0,8,10,12,27
370753,1,1,1986,24,24,24,24,24,24,24,24,24,24
370754,1,1,1986,0,0,0,0,0,0,0,0,0,0
370755,0,1,1986,0,0,0,0,0,0,0,0,0,0
370755,1,1,1986,0,0,0,8,0,0,0,0,0,0
370756,1,1,1986,32,32,32,32,32,32,32,32,32,32
370757,1,1,1986,23,23,23,23,23,23,23,23,23,23
370757,2,1,1986,0,0,0,0,0,0,0,0,0,0
370758,1,1,1986,0,0,35,18,24,2,14,12,0,0
370759,0,1,1986,0,0,0,0,0,0,0,0,0,0
370759,1,1,1986,0,0,0,0,0,0,0,0,0,0
370760,1,1,1986,14,15,0,13,22,7,5,7,10,0
370761,1,1,1986,0,0,0,0,0,0,0,0,0,0
370762,1,1,1986,23,23,23,23,23,23,23,23,23,23
370762,2,1,1986,0,0,14,0,0,0,0,0,0,0
370762,3,1,1986,0,0,0,0,0,0,0,0,0,0
370763,1,1,1986,0,0,0,0,0,0,0,0,0,0
370763,2,1,1986,0,0,0,0,0,0,0,0,0,0
370764,1,1,1986,13,13,13,13,13,13,13,13,13,13
370765,1,1,1986,7,7,7,7,7,7,7,7,7,7
370765,2,1,1986,0,0,0,0,0,0,0,0,0,0
370765,3,1,1986,0,0,0,0,0,0,0,0,0,0
370766,0,1,1986,0,0,0,0,0,0,0,0,0,0
370766,1,1,1986,0,0,12,0,0,0,0,0,0,0
370767,1,1,1986,0,0,0,0,0,0,0,0,0,0
370768,1,1,1986,0,0,0,0,0,0,0,0,0,0
370768,2,1,1986,0,4,0,0,0,0,0,0,0,0
370769,1,1,1986,41,41,41,41,41,41,41,41,41,41
370769,2,1,1986,0,0,0,0,0,0,0,0,0,0
370770,1,1,1986,0,0,0,0,0,0,0,0,0,0
370771,0,1,1986,0,0,0,0,0,0,0,0,0,0
370771,1,1,1986,0,0,0,0,11,0,0,0,0,0
370772,1,1,1986,0,0,0,0,0,0,0,0,0,0
370772,2,1,1986,0,0,0,0,0,0,0,0,0,0
370773,1,1,1986,0,14,0,0,0,0,0,0,0,0
370774,1,1,1986,0,0,0,0,0,0,0,0,0,0
370775,1,1,1986,0,0,0,0,0,0,0,0,0,0
370775,2,1,1986,0,0,0,0,0,0,0,0,0,0
370776,1,1,1986,12,12,12,12,12,12,12,12,12,12
370777,1,1,1986,0,2,0,0,0,0,0,0,0,0
370778,1,1,1986,0,0,0,0,0,0,0,0,0,0
370779,0,1,1986,0,0,0,0,0,0,0,0,0,0
370779,1,1,1986,0,0,0,0,0,0,0,0,0,0
370780,1,1,1986,31,31,31,31,31,31,31,31,31,31
370781,1,1,1986,31,31,31,31,31,31,31,31,31,31
370782,1,1,1986,0,0,0,0,0,0,0,0,0,0
370783,1,1,1986,0,0,0,0,0,0,0,0,0,0
370784,0,1,1986,0,0,0,0,0,0,0,0,0,0
370784,1,1,1986,0,0,0,0,0,0,0,0,6,0
370785,1,1,1986,13,13,13,13,13,13,13,13,13,13
370786,1,1,1986,0,0,0,0,0,0,0,0,0,0
370786,2,1,1986,0,0,0,0,0,0,0,0,0,0
370786,3,1,1986,0,0,22,0,0,0,0,0,0,0
370787,1,1,1986,14,10,12,19,21,13,20,10,0,20
370788,1,1,1986,15,19,26,7,9,16,14,16,9,0
370789,1,1,1986,0,0,0,0,0,0,0,0,0,0
370790,1,1,1986,0,0,0,0,0,0,22,0,0,0
370790,2,1,1986,0,0,0,0,0,0,0,0,0,0
370791,1,1,1986,0,0,0,0,0,0,0,0,0,0
370792,1,1,1986,27,27,27,27,27,27,27,27,27,27
370792,2,1,1986,8,0,0,0,0,0,0,0,0,0
370793,1,1,1986,0,0,0,0,0,0,0,0,0,0
370793,2,1,1986,0,0,0,0,0,0,0,0,0,0
370794,1,1,1986,0,0,0,0,0,0,0,0,0,0
370795,1,1,1986,0,0,0,0,0,0,0,0,0,0
370796,1,1,1986,0,0,0,0,0,0,0,0,0,0
370796,2,1,1986,0,0,0,0,0,0,0,0,0,0
370797,1,1,1986,0,0,0,0,0,0,0,0,0,0
370798,1,1,1986,0,0,0,0,0,0,0,0,0,0
370798,2,1,1986,0,0,0,0,0,0,0,0,0,0
370799,1,1,1986,0,0,0,0,0,0,0,0,0,0
370800,1,1,1986,14,14,14,14,14,14,14,14,14,14
370801,1,1,1986,0,0,0,0,0,0,0,0,0,0
370802,1,1,1986,0,0,0,0,3,0,9,0,0,0
370803,1,1,1986,0,0,0,0,0,0,7,9,0,0
370804,1,1,1986,0,0,0,0,5,0,0,0,0,0
370804,2,1,1986,0,0,0,0,0,0,0,0,0,0
370805,1,1,1986,0,0,0,0,0,0,0,0,0,0
370806,0,1,1986,0,0,0,0,0,0,0,0,0,0
370806,1,1,1986,0,0,0,0,0,0,0,0,0,0
370807,1,1,1986,21,21,21,21,21,21,21,21,21,21
370808,1,1,1986,0,0,0,0,0,14,0,0,0,0
370808,2,1,1986,13,13,13,13,13,13,13,13,13,13
370809,1,1,1986,17,17,17,17,17,17,17,17,17,17
370810,1,1,1986,0,0,0,0,0,0,0,0,0,0
370811,1,1,1986,27,27,27,27,27,27,27,27,27,27
370811,2,1,1986,0,0,0,0,0,0,0,0,0,0
370811,3,1,1986,0,0,0,0,0,0,0,0,0,0
370812,1,1,1986,14,0,11,0,0,0,16,0,11,0
370813,1,1,1986,8,8,5,15,6,3,14,33,21,0
370814,1,1,1986,3,0,0,0,11,0,0,0,0,0
370815,0,1,1986,0,0,0,0,0,0,0,0,0,0
370815,1,1,1986,0,0,0,0,0,0,0,0,0,0
370816,1,1,1986,30,30,30,30,30,30,30,30,30,30
370817,1,1,1986,11,13,10,26,11,8,10,10,17,3
370817,2,1,1986,16,16,16,16,16,16,16,16,16,16
370818,1,1,1986,0,0,0,0,0,0,0,0,0,0
370818,2,1,1986,0,0,0,0,0,0,0,0,0,0
370819,1,1,1986,14,14,14,14,14,14,14,14,14,14
370820,0,1,1986,0,0,0,0,0,0,0,0,0,0
370820,1,1,1986,0,0,0,0,0,0,0,0,0,0
370821,1,1,1986,8,14,12,18,13,18,14,13,10,9
370822,1,1,1986,13,13,13,13,13,13,13,13,13,13
370823,1,1,1986,18,44,17,30,16,33,35,23,24,21
370824,1,1,1986,22,22,22,22,22,22,22,22,22,22
370825,1,1,1986,0,0,0,0,0,13,0,0,0,0
370825,2,1,1986,6,0,0,0,0,0,14,0,0,0
370826,1,1,1986,0,0,0,0,0,0,0,0,0,0
370826,2,1,1986,0,0,0,0,0,0,5,7,0,0
370827,1,1,1986,0,0,0,0,0,0,0,0,0,0
370827,2,1,1986,11,0,9,29,7,8,5,4,31,23
370827,3,1,1986,0,0,0,0,0,0,0,0,0,0
370829,1,1,1986,8,8,8,8,8,8,8,8,8,8
370830,1,1,1986,7,7,7,7,7,7,7,7,7,7
370831,1,1,1986,24,24,24,24,24,24,24,24,24,24
370832,1,1,1986,23,23,23,23,23,23,23,23,23,23
370833,1,1,1986,6,0,0,0,0,0,16,0,8,0
370834,1,1,1986,13,13,13,13,13,13,13,13,13,13
370835,1,1,1986,0,0,0,0,0,0,0,0,0,0
370836,1,1,1986,20,20,20,20,20,20,20,20,20,20
370837,1,1,1986,6,6,2,9,15,16,24,16,22,16
370837,2,1,1986,0,0,0,0,0,0,0,0,0,0
370838,1,1,1986,22,22,22,22,22,22,22,22,22,22
370839,1,1,1986,0,9,13,0,5,24,11,0,12,0
370839,2,1,1986,9,9,9,9,9,9,9,9,9,9
370840,0,1,1986,8,31,22,15,5,12,9,32,16,11
370840,1,1,1986,0,0,0,0,0,0,0,10,0,0
370841,1,1,1986,17,17,17,17,17,17,17,17,17,17
370841,2,1,1986,0,0,0,0,0,0,13,0,0,0
370842,1,1,1986,0,0,0,0,0,0,0,0,0,0
370842,2,1,1986,0,0,0,0,0,0,0,0,0,0
370843,1,1,1986,8,8,8,8,8,8,8,8,8,8
370844,1,1,1986,19,8,0,18,11,10,15,15,11,15
370844,2,1,1986,0,1,0,0,13,0,4,0,8,18
370845,1,1,1986,6,6,6,6,6,6,6,6,6,6
370846,1,1,1986,3,24,22,12,8,11,18,20,31,7
370847,1,1,1986,6,6,6,6,6,6,6,6,6,6
370848,1,1,1986,20,20,20,20,20,20,20,20,20,20
370849,1,1,1986,16,16,16,16,16,16,16,16,16,16
370850,1,1,1986,0,0,0,0,0,0,0,0,0,6
370851,1,1,1986,0,0,0,0,0,0,0,0,0,0
370851,2,1,1986,0,0,0,0,0,0,0,0,0,0
370852,1,1,1986,0,0,0,0,0,0,0,0,0,0
370853,1,1,1986,0,0,0,0,0,0,0,0,0,0
370853,2,1,1986,0,0,0,0,0,0,0,0,0,0
370854,1,1,1986,0,0,0,0,0,0,0,0,0,0
370854,2,1,1986,0,0,0,0,0,0,0,0,0,0
370855,1,1,1986,9,9,9,9,9,9,9,9,9,9
370855,2,1,1986,0,0,0,13,0,0,0,0,0,0
370856,1,1,1986,21,21,21,21,21,21,21,21,21,21
370857,1,1,1986,0,0,0,0,0,0,0,0,0,0
370857,2,1,1986,15,27,20,28,3,11,9,6,18,12
370858,1,1,1986,15,27,9,6,34,10,8,14,10,14
370859,1,1,1986,0,0,0,0,0,0,0,0,0,0
370859,2,1,1986,0,0,0,0,0,0,0,0,0,0
370859,3,1,1986,0,0,0,0,0,0,0,0,0,0
370860,1,1,1986,0,20,0,18,17,0,0,21,0,25
370860,2,1,1986,0,10,0,12,0,0,0,0,0,0
370861,1,1,1986,0,0,0,0,0,0,0,0,0,0
370862,1,1,1986,13,29,10,8,0,8,22,3,8,2
370862,2,1,1986,0,0,0,0,0,0,0,0,0,0
370863,0,1,1986,0,0,0,0,0,0,0,0,0,0
370863,1,1,1986,0,0,0,0,0,0,0,0,0,0
370864,1,1,1986,8,8,8,8,8,8,8,8,8,8
370865,0,1,1986,22,22,22,22,22,22,22,22,22,22
370865,1,1,1986,0,6,0,0,0,0,0,0,0,0
370866,1,1,1986,0,0,0,0,0,0,0,0,0,0
370866,2,1,1986,0,0,0,0,0,0,0,0,0,0
370867,1,1,1986,0,17,0,0,0,0,0,0,11,0
370867,2,1,1986,14,22,11,14,16,17,13,11,11,10
370868,1,1,1986,8,8,8,8,8,8,8,8,8,8
370869,1,1,1986,0,0,0,0,0,0,0,0,0,0
370869,2,1,1986,0,0,0,0,0,0,0,0,0,0
370870,1,1,1986,0,0,0,0,0,0,0,0,0,0
370870,2,1,1986,0,0,0,0,0,0,0,0,0,0
370870,3,1,1986,0,0,5,0,0,0,0,0,0,0
370871,1,1,1986,0,0,0,0,0,0,0,0,0,0
370872,1,1,1986,33,33,33,33,33,33,33,33,33,33
370873,1,1,1986,9,9,9,9,9,9,9,9,9,9
370874,1,1,1986,23,16,7,9,14,19,17,11,20,7
370875,0,1,1986,0,0,0,0,0,0,0,0,0,0
370875,1,1,1986,0,0,0,7,0,0,0,0,0,0
370876,1,1,1986,0,0,0,0,0,0,0,0,0,0
370876,2,1,1986,0,0,0,0,0,0,0,0,0,0
370877,1,1,1986,0,0,0,0,0,0,0,0,0,0
370877,2,1,1986,0,0,0,0,0,0,0,0,0,0
370878,1,1,1986,0,0,0,0,0,0,0,0,0,0
370878,2,1,1986,0,13,0,0,13,0,0,12,0,0
370879,1,1,1986,0,0,0,0,0,0,0,0,0,0
370880,1,1,1986,16,13,12,32,23,7,10,15,7,0
370880,2,1,1986,0,0,0,0,0,0,0,0,0,0
370881,1,1,1986,0,15,0,0,0,0,0,0,0,0
370881,2,1,1986,0,0,0,0,0,0,0,0,0,0
370882,1,1,1986,0,0,6,0,0,3,22,10,0,0
370883,0,1,1986,28,28,28,28,28,28,28,28,28,28
370883,1,1,1986,0,0,0,0,0,0,0,0,0,0
370884,1,1,1986,17,24,23,35,19,24,8,6,27,38
370885,0,1,1986,30,30,30,30,30,30,30,30,30,30
370885,1,1,1986,0,0,0,0,0,0,8,0,0,0
370886,1,1,1986,0,0,0,0,0,0,0,0,0,0
370886,2,1,1986,9,11,11,0,31,10,34,13,18,12
370886,3,1,1986,0,0,0,0,0,7,0,0,0,0
370887,1,1,1986,24,24,24,24,24,24,24,24,24,24
370888,0,1,1986,35,35,35,35,35,35,35,35,35,35
370888,1,1,1986,0,0,0,0,0,0,7,0,0,0
370889,0,1,1986,27,27,27,27,27,27,27,27,27,27
370889,1,1,1986,14,16,0,6,8,13,14,25,13,7
370890,1,1,1986,0,0,0,0,0,0,0,0,0,0
370890,2,1,1986,0,0,0,0,0,0,0,0,0,0
370891,0,1,1986,0,0,0,0,0,0,0,0,0,0
370891,1,1,1986,0,16,0,0,0,0,0,0,0,0
370892,1,1,1986,0,0,0,0,0,0,0,0,0,0
370892,2,1,1986,0,0,0,0,0,0,0,0,0,0
370893,1,1,1986,0,0,0,0,0,0,0,0,0,0
370893,2,1,1986,0,0,0,0,0,0,0,0,0,0
370894,1,1,1986,0,17,0,0,10,0,5,0,0,0
370895,1,1,1986,0,0,0,0,0,0,0,0,0,0
370895,2,1,1986,0,0,0,5,0,0,0,0,0,0
370895,3,1,1986,0,0,0,0,0,0,14,0,0,0
370896,1,1,1986,27,27,27,27,27,27,27,27,27,27
370897,1,1,1986,9,15,16,24,20,6,11,5,10,8
370897,2,1,1986,0,0,0,0,15,0,0,0,0,0
370898,1,1,1986,0,0,0,12,0,10,0,0,0,0
370899,0,1,1986,0,0,0,0,0,0,0,0,0,0
370899,1,1,1986,0,0,0,0,0,0,0,0,0,0
370900,1,1,1986,0,0,13,0,0,0,0,0,0,0
370900,2,1,1986,0,0,11,0,0,0,12,0,0,0
370901,0,1,1986,0,0,0,0,0,0,0,0,0,0
370901,1,1,1986,0,0,0,0,0,0,0,0,0,0
370902,0,1,1986,0,0,0,0,0,0,0,0,0,0
370902,1,1,1986,0,0,0,3,0,6,0,0,0,0
370903,1,1,1986,0,0,0,0,0,0,0,0,0,0
370903,2,1,1986,0,0,0,0,0,0,0,0,0,0
370904,1,1,1986,16,29,19,9,29,15,25,28,25,0
370904,2,1,1986,0,0,0,0,0,0,0,0,0,0
370905,1,1,1986,0,0,0,0,0,0,0,0,0,0
370905,2,1,1986,0,0,0,0,0,0,0,0,0,0
370906,1,1,1986,0,0,0,0,0,0,0,0,0,0
370906,2,1,1986,0,0,0,0,0,0,0,0,0,0
370907,1,1,1986,0,0,0,0,0,0,0,43,0,0
370907,2,1,1986,0,0,0,0,0,0,0,0,0,0
370908,1,1,1986,16,16,16,16,16,16,16,16,16,16
370909,1,1,1986,0,0,0,0,0,0,0,0,0,0
370909,2,1,1986,0,0,0,0,0,0,0,0,0,0
370910,0,1,1986,0,0,0,0,0,0,0,0,0,0
370910,1,1,1986,0,0,0,13,0,0,0,0,0,0
370911,1,1,1986,0,0,0,0,0,0,0,0,0,0
370912,1,1,1986,23,6,0,0,0,0,0,0,0,0
370912,2,1,1986,0,0,0,0,0,0,0,0,0,0
370913,1,1,1986,0,0,0,0,0,0,0,0,0,0
370913,2,1,1986,12,12,12,12,12,12,12,12,12,12
370914,0,1,1986,31,31,31,31,31,31,31,31,31,31
370914,1,1,1986,0,0,6,0,0,6,15,0,0,0
370915,1,1,1986,17,17,9,21,18,35,17,24,15,26
370916,1,1,1986,12,18,22,12,6,16,19,20,5,10
370916,2,1,1986,6,6,6,6,6,6,6,6,6,6
370917,0,1,1986,13,13,13,13,13,13,13,13,13,13