ST_CASE,VEH_NO,PER_NO,YEAR,P1,P2,P3,P4,P5,P6,P7,P8,P9,P10
371196,1,1,1986,0,0,0,23,14,0,0,0,18,0
371196,2,1,1986,0,0,0,0,0,0,0,0,0,0
371196,3,1,1986,0,0,0,0,0,0,0,0,0,0
371197,0,1,1986,17,17,17,17,17,17,17,17,17,17
371197,1,1,1986,0,0,0,0,0,0,0,0,0,0
371198,0,1,1986,0,0,0,0,0,0,0,0,0,0
371198,1,1,1986,0,0,0,0,0,0,0,0,0,0
371199,0,1,1986,0,0,0,0,0,0,0,0,0,0
371199,1,1,1986,0,0,0,0,0,0,0,0,0,0
371199,2,1,1986,0,0,0,0,0,0,0,0,0,0
371199,3,1,1986,0,0,0,0,0,0,0,0,0,0
371199,4,1,1986,0,0,0,0,0,0,0,0,0,0
371199,5,1,1986,0,0,0,0,0,0,0,0,0,0
371200,1,1,1986,0,0,0,0,0,0,0,0,0,0
371200,2,1,1986,0,0,0,0,0,0,0,0,0,0
371201,1,1,1986,0,0,0,0,0,0,0,0,0,0
371201,2,1,1986,0,0,0,0,0,0,0,0,0,0
371202,0,1,1986,0,0,0,0,0,0,0,0,0,0
371202,1,1,1986,0,0,11,0,0,16,0,0,6,0
371203,1,1,1986,26,26,26,26,26,26,26,26,26,26
371204,1,1,1986,0,0,0,0,0,0,0,0,0,0
371205,1,1,1986,0,0,0,0,0,0,0,0,0,0
371206,0,1,1986,0,0,0,0,0,0,0,0,0,0
371206,1,1,1986,0,0,0,0,0,0,0,0,0,0
371207,1,1,1986,3,5,7,3,6,21,3,0,0,0
371207,2,1,1986,0,0,0,0,0,0,0,0,0,0
371208,1,1,1986,23,23,23,23,23,23,23,23,23,23
371209,1,1,1986,0,0,0,0,0,0,0,0,0,0
371209,2,1,1986,0,0,0,0,0,0,0,0,0,0
371210,1,1,1986,0,0,0,0,0,0,0,0,0,0
371210,2,1,1986,0,0,0,0,0,1,0,0,0,0
371211,1,1,1986,0,0,0,0,0,0,0,0,0,13
371211,2,1,1986,0,0,0,0,0,0,0,0,0,0
371211,3,1,1986,16,0,0,0,0,0,0,0,0,0
371212,1,1,1986,0,0,0,0,13,0,0,0,0,0
371212,2,1,1986,5,5,5,5,5,5,5,5,5,5
371213,1,1,1986,0,0,0,0,0,0,0,0,0,0
371213,2,1,1986,0,0,0,0,0,0,0,0,0,0
371213,3,1,1986,0,0,0,0,0,0,0,0,0,0
371214,1,1,1986,29,8,0,7,20,7,22,0,6,16
371214,2,1,1986,0,20,0,0,0,0,10,0,0,0
371215,1,1,1986,0,9,0,11,0,13,9,0,0,0
371216,1,1,1986,12,16,0,14,0,9,16,14,9,4
371217,1,1,1986,0,0,0,0,0,0,0,0,0,0
371217,2,1,1986,0,0,0,0,0,0,0,0,0,0
371217,3,1,1986,0,0,0,0,0,0,0,0,0,0
371218,1,1,1986,0,0,0,0,0,0,0,0,0,0
371220,1,1,1986,27,27,27,27,27,27,27,27,27,27
371220,2,1,1986,0,0,0,0,0,0,0,0,11,0
371221,1,1,1986,21,21,21,21,21,21,21,21,21,21
371222,1,1,1986,19,19,19,19,19,19,19,19,19,19
371223,1,1,1986,15,15,15,15,15,15,15,15,15,15
371224,1,1,1986,0,0,0,0,0,0,0,0,0,0
371225,1,1,1986,0,0,0,0,15,10,0,0,0,0
371225,2,1,1986,0,0,0,0,0,0,0,0,0,0
371226,1,1,1986,0,0,0,0,0,0,0,0,0,10
371226,2,1,1986,0,0,0,0,0,0,0,0,0,0
371227,1,1,1986,26,26,26,26,26,26,26,26,26,26
371228,1,1,1986,0,0,0,0,0,0,0,0,0,0
371228,2,1,1986,0,0,0,0,0,0,0,0,0,0
371229,0,1,1986,19,19,19,19,19,19,19,19,19,19
371229,1,1,1986,0,0,12,5,14,0,11,13,0,36
371230,1,1,1986,2,2,2,2,2,2,2,2,2,2
371231,1,1,1986,0,0,0,14,0,0,0,0,0,0
371231,2,1,1986,0,0,0,0,0,0,0,0,0,0
371232,1,1,1986,26,26,26,26,26,26,26,26,26,26
371233,1,1,1986,0,0,0,0,0,0,0,0,0,0
371233,2,1,1986,0,0,0,0,0,0,0,0,0,0
371234,1,1,1986,19,19,19,19,19,19,19,19,19,19
371234,2,1,1986,0,0,0,0,0,0,28,0,0,0
371235,0,1,1986,8,8,8,8,8,8,8,8,8,8
371235,1,1,1986,0,0,0,0,0,0,0,8,0,0
371236,1,1,1986,15,5,9,10,15,3,28,17,9,7
371237,1,1,1986,0,0,0,0,0,0,0,0,0,0
371237,2,1,1986,16,12,8,15,25,13,0,11,18,0
371238,1,1,1986,10,22,0,18,20,14,50,27,8,28
371239,1,1,1986,29,29,29,29,29,29,29,29,29,29
371239,2,1,1986,0,0,8,0,0,0,0,0,0,0
371240,1,1,1986,4,4,4,4,4,4,4,4,4,4
371240,2,1,1986,0,0,0,0,0,0,0,0,0,0
371241,1,1,1986,0,0,0,0,0,0,0,0,0,0
371241,2,1,1986,0,0,0,0,0,0,0,0,0,0
371242,1,1,1986,11,11,11,11,11,11,11,11,11,11
371243,1,1,1986,0,0,0,0,0,0,0,0,0,0
371243,2,1,1986,0,0,0,0,0,0,0,0,0,0
371244,1,1,1986,0,0,0,0,0,0,0,0,23,0
371244,2,1,1986,0,0,0,0,0,0,0,0,0,0
371245,1,1,1986,0,0,0,0,0,0,0,0,0,0
371245,2,1,1986,0,0,0,0,0,0,0,0,0,0
371246,1,1,1986,0,0,0,0,0,0,0,0,0,0
371247,0,1,1986,0,0,0,0,0,0,0,0,0,0
371247,1,1,1986,0,0,0,0,0,0,0,0,0,0
371248,0,1,1986,39,39,39,39,39,39,39,39,39,39
371248,1,1,1986,11,0,6,15,0,0,16,13,24,12
371249,0,1,1986,16,16,16,16,16,16,16,16,16,16
371249,1,1,1986,0,0,0,0,0,0,0,0,0,0
371250,1,1,1986,0,0,0,0,0,0,0,0,0,0
371250,2,1,1986,0,0,0,0,0,0,0,0,0,0
371251,1,1,1986,0,0,0,0,0,0,0,0,0,0
371251,2,1,1986,0,0,0,0,0,0,0,0,0,0
371252,1,1,1986,0,0,0,0,0,0,0,0,0,0
371252,2,1,1986,0,0,0,0,0,0,0,0,0,0
371253,1,1,1986,6,16,0,0,5,12,16,18,0,9
371253,2,1,1986,0,0,0,0,0,0,0,0,0,0
371254,1,1,1986,0,0,0,0,0,0,0,0,0,0
371254,2,1,1986,19,19,19,19,19,19,19,19,19,19
371255,1,1,1986,0,0,0,0,0,0,25,0,0,0
371255,2,1,1986,0,0,0,0,0,0,0,0,0,0
371256,1,1,1986,0,0,0,0,5,0,0,0,0,0
371256,2,1,1986,0,0,0,0,0,0,0,0,0,0
371257,1,1,1986,31,3,0,17,0,16,25,21,13,18
371257,2,1,1986,0,0,0,0,0,0,0,0,0,0
371258,1,1,1986,0,0,0,0,0,0,0,0,0,0
371258,2,1,1986,0,0,0,0,0,0,0,0,0,0
371259,1,1,1986,0,0,0,0,0,0,0,0,0,0
371259,2,1,1986,0,0,0,0,0,0,0,0,0,0
371260,1,1,1986,11,17,7,0,10,16,21,6,6,0
371260,2,1,1986,0,0,0,0,0,0,0,0,0,0
371261,1,1,1986,18,18,18,18,18,18,18,18,18,18
371262,1,1,1986,24,24,24,24,24,24,24,24,24,24
371263,1,1,1986,9,19,14,24,15,23,18,15,26,18
371264,1,1,1986,0,0,0,0,0,0,0,0,0,0
371264,2,1,1986,0,0,0,0,0,0,0,0,0,0
371265,1,1,1986,0,0,0,0,0,0,5,0,0,0
371266,1,1,1986,0,0,0,0,0,0,0,0,0,0
371266,2,1,1986,0,0,0,0,0,0,0,0,0,0
371267,1,1,1986,14,18,8,11,4,18,22,13,18,13
371267,2,1,1986,0,0,0,0,0,0,0,0,0,0
371268,1,1,1986,0,0,0,0,0,0,0,0,0,0
371268,2,1,1986,0,0,0,0,0,0,0,0,0,0
371269,1,1,1986,17,17,17,17,17,17,17,17,17,17
371270,1,1,1986,0,0,0,0,0,0,0,0,0,0
371271,1,1,1986,19,19,19,19,19,19,19,19,19,19
371272,1,1,1986,0,0,0,0,0,0,0,0,0,0
371273,1,1,1986,0,0,0,0,0,0,0,0,0,0
371274,1,1,1986,0,0,0,0,0,0,0,0,0,0
371275,1,1,1986,23,23,23,23,23,23,23,23,23,23
371276,1,1,1986,25,25,25,25,25,25,25,25,25,25
371277,0,1,1986,29,29,29,29,29,29,29,29,29,29
371277,1,1,1986,0,0,0,0,0,3,0,0,0,0
371278,0,1,1986,0,0,0,0,0,0,0,0,0,0
371278,1,1,1986,0,0,0,0,0,0,0,0,0,0
371279,1,1,1986,13,13,13,13,13,13,13,13,13,13
371280,1,1,1986,13,13,13,13,13,13,13,13,13,13
371281,1,1,1986,0,0,0,0,0,0,0,0,0,0
371281,2,1,1986,0,0,0,15,0,0,0,0,0,0
371281,3,1,1986,0,0,0,0,0,0,0,0,0,0
371282,1,1,1986,0,0,0,0,0,0,0,0,0,0
371282,2,1,1986,13,13,13,13,13,13,13,13,13,13
371283,1,1,1986,0,0,0,0,0,0,0,0,0,0
371283,2,1,1986,0,0,0,0,0,0,0,0,0,0
371284,0,1,1986,26,26,26,26,26,26,26,26,26,26
371284,1,1,1986,21,16,16,17,4,0,7,19,16,13
371286,1,1,1986,29,29,29,29,29,29,29,29,29,29
371287,1,1,1986,30,30,30,30,30,30,30,30,30,30
371288,0,1,1986,30,30,30,30,30,30,30,30,30,30
371288,1,1,1986,0,0,0,0,0,0,0,0,0,0
371289,0,1,1986,10,10,10,10,10,10,10,10,10,10
371289,1,1,1986,0,0,0,0,0,0,0,0,0,4
371289,2,1,1986,4,0,0,8,0,0,0,0,12,0
371290,1,1,1986,14,22,20,24,3,0,18,10,18,20
371291,1,1,1986,0,0,0,0,0,14,15,0,0,0
371291,2,1,1986,6,0,19,15,18,8,16,25,0,0
371292,1,1,1986,0,0,0,0,0,0,0,0,0,0
371293,0,1,1986,0,0,0,0,0,0,0,0,0,0
371293,1,1,1986,0,16,0,0,0,0,0,0,0,13
371294,1,1,1986,27,27,18,11,20,14,23,13,15,45
371295,1,1,1986,0,0,0,0,0,0,0,0,0,0
371295,2,1,1986,17,0,0,0,0,0,0,0,0,0
371296,1,1,1986,21,21,21,21,21,21,21,21,21,21
371297,1,1,1986,0,0,10,0,7,0,27,23,0,0
371298,1,1,1986,0,0,0,0,0,0,0,0,0,0
371298,2,1,1986,0,0,0,0,0,0,0,0,0,0
371299,1,1,1986,0,0,0,0,0,0,0,0,0,0
371300,1,1,1986,0,0,0,0,0,0,0,0,0,0
371300,2,1,1986,3,3,3,3,3,3,3,3,3,3
371301,1,1,1986,0,0,0,0,0,0,0,0,0,0
371301,2,1,1986,0,0,0,0,0,0,0,0,0,0
371302,1,1,1986,0,0,0,0,0,0,0,0,0,0
371303,0,1,1986,27,27,27,27,27,27,27,27,27,27
371303,1,1,1986,6,0,14,0,12,0,0,10,0,0
371304,1,1,1986,0,0,0,0,0,0,0,0,0,0
371305,1,1,1986,31,31,31,31,31,31,31,31,31,31
371306,1,1,1986,2,2,2,2,2,2,2,2,2,2
371306,2,1,1986,0,0,0,0,0,0,0,0,0,0
371306,3,1,1986,0,0,0,0,0,0,0,0,0,0
371307,1,1,1986,0,0,0,0,19,0,0,0,0,0
371307,2,1,1986,12,12,12,12,12,12,12,12,12,12
371308,1,1,1986,0,0,0,0,0,0,0,0,0,0
371308,2,1,1986,0,0,0,0,0,0,0,0,0,0
371309,1,1,1986,0,0,0,0,0,0,0,0,0,0
371309,2,1,1986,0,0,0,0,0,0,0,0,0,0
371310,1,1,1986,0,0,0,0,0,0,0,0,0,0
371310,2,1,1986,0,0,0,0,0,0,0,0,0,0
371310,3,1,1986,0,0,0,0,0,0,0,0,0,0
371311,1,1,1986,9,9,9,9,9,9,9,9,9,9
371312,1,1,1986,0,0,0,0,0,0,0,0,0,0
371313,1,1,1986,25,25,25,25,25,25,25,25,25,25
371314,1,1,1986,0,0,0,0,0,0,0,0,0,0
371315,1,1,1986,19,28,16,12,22,0,5,13,5,19
371315,2,1,1986,0,0,0,0,0,0,0,0,0,0
371316,0,1,1986,0,0,0,0,0,0,0,0,0,0
371316,1,1,1986,0,0,0,0,0,0,0,0,0,0
371317,1,1,1986,0,0,0,0,0,0,0,0,0,0
371317,2,1,1986,0,0,0,0,0,0,0,0,0,0
371317,3,1,1986,0,0,0,0,0,0,0,0,0,0
371318,1,1,1986,0,0,0,0,0,0,0,0,0,0
371319,1,1,1986,25,15,14,19,15,15,10,0,21,12
371319,2,1,1986,0,0,0,0,0,0,0,0,0,0
371320,1,1,1986,0,0,0,0,0,0,2,0,0,0
371320,2,1,1986,23,13,14,21,9,19,7,9,20,0
371321,0,1,1986,0,0,0,0,0,0,0,0,0,0
371321,1,1,1986,0,0,0,0,0,0,0,0,0,0
371322,1,1,1986,0,0,0,0,0,0,0,0,0,0
371322,2,1,1986,0,0,0,0,0,0,0,0,0,0
371323,1,1,1986,0,0,0,0,0,0,0,0,0,0
371323,2,1,1986,0,0,0,0,0,0,0,0,0,0
371324,1,1,1986,26,26,26,26,26,26,26,26,26,26
371325,1,1,1986,0,0,0,0,0,0,0,0,0,0
371325,2,1,1986,0,0,0,0,0,0,0,0,0,0
371326,0,1,1986,0,0,0,0,0,0,0,0,0,0
371326,1,1,1986,14,11,0,0,13,0,10,21,0,0
371327,1,1,1986,0,0,0,0,0,10,0,0,10,0
371327,2,1,1986,26,26,26,26,26,26,26,26,26,26
371328,1,1,1986,0,0,16,18,0,0,10,15,0,0
371328,2,1,1986,0,0,0,0,0,0,0,0,0,0
371329,1,1,1986,0,0,0,4,0,0,0,24,0,0
371329,2,1,1986,0,0,0,0,0,0,0,0,0,0
371330,0,1,1986,0,0,0,0,0,0,0,0,0,0
371330,1,1,1986,0,0,0,0,0,0,0,0,0,0
371331,1,1,1986,6,6,6,6,6,6,6,6,6,6
371331,2,1,1986,0,0,0,0,0,0,0,0,0,0
371332,0,1,1986,0,0,0,0,0,0,0,0,0,0
371332,1,1,1986,0,0,0,0,0,0,0,0,10,9
371333,0,1,1986,35,35,35,35,35,35,35,35,35,35
371333,1,1,1986,0,0,6,0,0,17,26,0,13,8
371334,1,1,1986,23,23,23,23,23,23,23,23,23,23
371334,2,1,1986,12,0,0,0,10,0,0,0,0,0
371335,1,1,1986,0,0,0,0,0,0,0,0,0,0
371336,1,1,1986,16,16,16,16,16,16,16,16,16,16
371337,1,1,1986,18,18,18,18,18,18,18,18,18,18
371338,1,1,1986,0,0,0,0,0,0,0,0,0,0
371338,2,1,1986,0,0,0,0,0,0,0,0,0,0
371339,1,1,1986,0,0,0,0,0,0,0,0,0,0
371339,2,1,1986,0,0,0,0,0,0,0,0,0,0
371340,1,1,1986,0,0,15,12,0,22,0,18,0,8
371341,1,1,1986,0,0,0,0,0,0,0,0,0,0
371341,2,1,1986,0,0,0,0,0,0,0,0,0,0
371342,1,1,1986,0,0,0,0,0,0,0,0,0,0
371343,1,1,1986,0,0,0,0,0,0,0,0,0,0
371344,1,1,1986,17,17,17,17,17,17,17,17,17,17
371345,1,1,1986,34,20,11,15,0,37,11,5,15,6
371346,0,1,1986,0,0,0,0,0,0,0,0,0,0
371346,1,1,1986,0,0,0,0,0,0,0,0,0,0
371347,1,1,1986,0,0,0,0,0,0,0,0,0,0
371347,2,1,1986,0,13,21,17,20,17,15,10,15,14
371348,1,1,1986,0,0,0,0,0,0,0,0,0,0
371349,0,1,1986,0,0,0,0,0,0,0,0,0,0
371349,1,1,1986,0,0,0,0,0,0,0,0,10,0
371350,1,1,1986,16,16,9,0,19,27,13,5,26,9
371351,1,1,1986,15,15,15,15,15,15,15,15,15,15
371351,2,1,1986,22,16,12,23,0,12,2,0,16,16
371351,3,1,1986,0,0,0,0,11,11,20,15,12,11
371352,1,1,1986,28,28,28,28,28,28,28,28,28,28
371353,1,1,1986,0,0,0,0,0,0,0,0,0,0
371354,0,1,1986,0,0,0,0,0,0,0,0,0,0
371354,1,1,1986,0,0,0,0,0,0,10,0,0,9
371355,1,1,1986,11,13,23,22,7,19,19,9,22,15
371355,2,1,1986,0,0,0,0,0,0,0,0,0,0
371356,1,1,1986,23,23,23,23,23,23,23,23,23,23
371357,1,1,1986,0,0,0,0,0,0,0,0,0,0
371358,0,1,1986,43,43,43,43,43,43,43,43,43,43
371358,1,1,1986,0,0,0,24,0,0,0,0,0,0
371359,1,1,1986,0,0,0,0,0,0,0,0,0,0
371359,2,1,1986,13,3,24,16,14,0,12,20,22,39
371360,0,1,1986,25,25,25,25,25,25,25,25,25,25
371360,1,1,1986,14,15,3,0,17,23,20,3,8,5
371361,1,1,1986,7,0,18,14,8,9,5,17,5,22
371362,0,1,1986,0,0,0,0,0,0,0,0,0,0
371362,1,1,1986,0,0,0,0,0,0,0,0,0,0
371363,1,1,1986,0,0,0,0,0,0,0,0,0,0
371364,1,1,1986,22,22,22,22,22,22,22,22,22,22
371365,1,1,1986,22,22,22,22,22,22,22,22,22,22
371366,0,1,1986,8,8,8,8,8,8,8,8,8,8
371366,1,1,1986,0,0,0,0,5,0,22,0,0,0
371367,1,1,1986,0,0,0,0,0,0,0,0,0,0
371367,2,1,1986,0,0,0,0,0,0,0,0,0,0
371368,1,1,1986,0,0,0,0,0,0,0,0,0,0
371368,2,1,1986,0,0,0,0,0,0,0,0,0,0
371368,3,1,1986,0,0,0,0,0,0,17,0,0,0
371369,1,1,1986,16,16,16,16,16,16,16,16,16,16
371370,0,1,1986,29,29,29,29,29,29,29,29,29,29
371370,1,1,1986,0,0,0,0,0,0,0,0,0,0
371371,1,1,1986,0,0,0,0,0,0,0,0,0,0
371371,2,1,1986,0,0,0,0,0,0,0,0,0,0
371373,1,1,1986,0,0,0,0,26,0,0,0,0,0
371374,1,1,1986,0,0,0,6,0,6,0,14,0,2
371375,1,1,1986,0,0,0,0,0,0,0,0,0,0
371375,2,1,1986,0,0,0,0,0,0,0,0,0,0
371376,1,1,1986,0,0,0,0,0,0,0,0,0,0
371376,2,1,1986,0,0,0,0,0,0,0,0,0,0
371376,3,1,1986,5,0,0,0,0,0,0,0,0,0
371377,0,1,1986,0,0,0,0,0,0,0,0,0,0
371377,1,1,1986,0,0,0,0,0,0,9,0,0,0
371378,1,1,1986,0,0,0,0,0,0,0,0,0,0
371378,2,1,1986,0,0,0,0,0,0,0,0,0,0
371379,1,1,1986,14,0,0,5,0,0,0,0,0,0
371379,2,1,1986,0,0,0,0,0,0,0,0,0,0
371380,0,1,1986,0,0,0,0,0,0,0,0,0,0
371380,1,1,1986,0,0,0,0,0,0,0,0,0,0
371381,1,1,1986,0,0,0,0,0,0,0,0,0,0
371382,1,1,1986,0,0,0,0,0,0,0,0,0,0
371382,2,1,1986,0,0,0,0,0,9,0,0,0,0
371383,1,1,1986,13,13,13,13,13,13,13,13,13,13
371383,2,1,1986,0,0,0,0,0,0,0,0,0,0
371384,1,1,1986,0,0,0,0,0,0,0,0,0,0
371384,2,1,1986,0,0,0,0,0,0,0,0,0,0
371385,1,1,1986,0,0,0,0,0,0,0,9,0,0
371385,2,1,1986,31,31,31,31,31,31,31,31,31,31
371386,1,1,1986,27,10,9,8,6,16,19,22,17,8
371387,1,1,1986,23,23,23,23,23,23,23,23,23,23
371388,1,1,1986,0,0,0,0,0,0,0,0,0,0
371389,0,1,1986,7,7,7,7,7,7,7,7,7,7
371389,1,1,1986,0,14,0,0,0,0,9,0,0,0
371390,1,1,1986,0,0,0,0,0,0,0,0,0,0
371390,2,1,1986,15,12,16,19,22,19,10,10,19,12
371391,1,1,1986,0,0,0,0,0,0,0,0,0,0
371391,2,1,1986,0,14,23,0,0,0,0,0,0,0
371392,0,1,1986,0,0,0,0,0,0,0,0,0,0
371392,1,1,1986,0,0,0,0,0,0,0,0,0,0
371393,1,1,1986,0,0,0,0,0,0,0,0,0,0
371393,2,1,1986,0,0,0,0,0,0,20,0,0,0
371393,3,1,1986,0,0,0,0,0,0,0,0,0,0
371394,1,1,1986,18,18,18,18,18,18,18,18,18,18
371395,1,1,1986,17,0,7,26,18,7,19,11,5,12
371395,2,1,1986,0,0,0,0,0,0,0,0,0,0
371396,1,1,1986,0,0,0,0,0,0,0,0,0,0
371396,2,1,1986,0,0,0,0,0,0,0,0,0,0
371397,1,1,1986,0,0,0,0,0,0,0,0,0,0
371398,1,1,1986,0,0,0,0,0,0,0,0,0,0
371398,2,1,1986,0,0,0,0,0,0,0,0,0,0
371398,3,1,1986,0,0,0,0,0,0,0,0,0,0
371399,1,1,1986,0,0,0,0,0,0,0,0,0,0
371399,2,1,1986,0,0,0,0,0,0,0,0,0,0
371400,1,1,1986,0,0,0,0,0,0,0,0,0,0
371400,2,1,1986,0,0,0,0,0,0,0,0,0,0
371401,1,1,1986,0,0,13,0,0,0,0,0,0,0
371401,2,1,1986,0,0,0,0,0,0,0,0,0,0
371402,1,1,1986,0,9,0,0,0,0,0,14,0,0
371402,2,1,1986,31,31,31,31,31,31,31,31,31,31
371403,1,1,1986,0,0,0,0,0,0,0,0,0,0
371404,1,1,1986,0,0,0,0,0,0,0,0,0,0
371404,2,1,1986,0,0,0,0,0,0,0,0,0,0
371404,3,1,1986,0,0,0,0,0,0,0,0,0,0
371405,1,1,1986,0,0,0,0,0,0,0,6,0,0
371406,0,1,1986,0,0,0,0,0,0,0,0,0,0
371406,1,1,1986,0,0,0,0,0,0,0,0,0,0
371407,1,1,1986,19,19,19,19,19,19,19,19,19,19
371407,2,1,1986,0,0,0,0,0,0,0,0,0,0
371408,1,1,1986,0,0,0,0,0,0,0,0,0,0
371408,2,1,1986,0,0,0,0,0,0,0,0,0,0
371409,0,1,1986,0,0,0,0,0,0,0,0,0,0
371409,1,1,1986,0,0,0,0,0,0,0,0,0,0
371410,1,1,1986,10,10,10,10,10,10,10,10,10,10
371411,1,1,1986,15,19,13,33,25,18,19,14,18,20
371411,2,1,1986,0,0,0,14,0,0,0,0,0,0
371411,3,1,1986,0,0,0,0,0,0,0,0,0,0
371412,0,1,1986,37,37,37,37,37,37,37,37,37,37
371412,1,1,1986,0,0,0,0,15,0,5,0,0,0
371412,2,1,1986,0,0,5,0,0,0,0,0,16,22
371412,3,1,1986,0,0,0,0,0,0,0,0,0,0
371413,1,1,1986,0,0,0,0,0,0,0,0,0,0
371414,1,1,1986,23,23,23,23,23,23,23,23,23,23
371415,0,1,1986,22,22,22,22,22,22,22,22,22,22
371415,1,1,1986,0,0,0,0,0,7,0,0,0,0
371416,1,1,1986,0,0,0,0,0,0,0,0,0,0
371417,1,1,1986,5,17,17,15,16,11,0,15,8,40
371418,1,1,1986,21,21,13,32,13,15,15,6,10,22
371419,1,1,1986,29,29,29,29,29,29,29,29,29,29
371420,1,1,1986,34,29,37,12,10,3,14,35,12,14
371421,0,1,1986,0,0,0,0,0,0,0,0,0,0
371421,1,1,1986,0,8,0,0,0,21,19,0,0,0
371422,1,1,1986,0,0,0,0,0,0,0,0,0,0
371423,1,1,1986,0,0,0,0,0,0,15,0,0,0
371424,1,1,1986,0,0,0,0,0,0,0,0,0,0
371424,2,1,1986,0,0,0,0,0,0,0,0,0,0
371425,1,1,1986,26,18,25,8,27,16,8,7,25,13
371426,0,1,1986,14,14,14,14,14,14,14,14,14,14
371426,1,1,1986,0,0,0,8,0,0,0,0,0,0
371427,1,1,1986,13,13,13,13,13,13,13,13,13,13
371427,2,1,1986,0,0,0,0,0,0,7,0,0,0
371428,1,1,1986,0,0,0,0,0,0,0,0,0,0
371428,2,1,1986,0,0,0,0,0,0,0,0,0,0
371428,3,1,1986,0,0,0,0,0,0,0,0,0,0
371429,1,1,1986,0,7,18,0,17,0,0,0,0,0
371430,1,1,1986,2,2,2,2,2,2,2,2,2,2
371430,2,1,1986,0,0,0,0,0,0,0,0,0,0
371431,1,1,1986,0,0,0,0,0,0,0,0,0,0
371432,0,1,1986,42,42,42,42,42,42,42,42,42,42
371432,1,1,1986,0,0,11,0,0,0,0,0,0,0
371432,2,1,1986,0,0,0,0,0,13,0,0,0,0
371432,3,1,1986,14,0,0,0,0,0,0,0,14,0
371433,1,1,1986,22,22,22,22,22,22,22,22,22,22
371433,2,1,1986,0,0,0,0,0,0,0,0,0,0
371434,0,1,1986,26,26,26,26,26,26,26,26,26,26
371434,1,1,1986,0,0,0,0,0,0,0,0,0,0
371435,0,1,1986,25,25,25,25,25,25,25,25,25,25
371435,1,1,1986,0,0,0,0,0,0,0,0,0,0
371436,1,1,1986,0,0,0,7,0,0,0,0,0,0
371436,2,1,1986,6,6,6,6,6,6,6,6,6,6
371437,1,1,1986,0,0,0,0,0,0,0,0,0,0
371437,2,1,1986,0,0,0,0,0,0,0,0,0,0
371438,0,1,1986,0,0,0,0,0,0,0,0,0,0
371438,1,1,1986,0,0,0,0,0,0,0,0,0,0
371439,1,1,1986,25,25,25,25,25,25,25,25,25,25
371440,1,1,1986,0,0,0,0,0,0,0,0,0,0
371440,2,1,1986,0,0,0,0,0,0,0,0,0,0
371440,3,1,1986,0,0,0,0,0,0,0,0,0,0
371440,4,1,1986,0,0,0,0,0,0,0,0,0,0
371440,5,1,1986,0,0,0,0,0,0,0,0,10,0
371441,1,1,1986,0,0,0,0,0,0,0,0,0,0
371441,2,1,1986,0,0,0,0,0,0,0,0,15,0
371442,1,1,1986,15,0,14,0,4,9,32,15,0,19
371442,2,1,1986,5,5,5,5,5,5,5,5,5,5
371443,1,1,1986,25,25,25,25,25,25,25,25,25,25
371444,1,1,1986,0,0,0,0,26,12,25,28,14,26
371445,1,1,1986,0,0,0,0,0,0,0,0,0,0
371445,2,1,1986,0,0,0,0,0,0,0,0,0,0
371446,1,1,1986,0,0,0,0,0,0,0,0,0,0
371446,2,1,1986,0,0,0,0,0,0,0,0,0,0
371447,1,1,1986,0,0,0,0,0,0,0,0,0,0
371448,1,1,1986,0,0,0,0,0,0,0,0,0,0
371448,2,1,1986,0,0,0,0,0,0,0,0,0,0
371449,1,1,1986,10,0,0,0,14,0,0,0,0,0
371450,1,1,1986,14,0,11,0,5,14,10,17,0,0
371450,2,1,1986,0,0,0,0,0,0,0,0,0,0
371451,1,1,1986,0,0,0,0,0,0,0,13,8,0
371451,2,1,1986,8,0,0,0,0,0,15,0,0,0
371451,3,1,1986,23,23,23,23,23,23,23,23,23,23
371452,1,1,1986,0,0,0,0,0,0,0,0,0,0
371452,2,1,1986,0,0,0,0,0,0,0,0,0,0
371453,1,1,1986,0,0,0,0,0,0,0,0,0,0
371453,2,1,1986,0,0,0,0,0,6,0,0,0,0
371454,1,1,1986,0,0,0,0,0,0,0,0,0,0
371455,1,1,1986,0,0,0,0,0,13,0,0,0,0
371455,2,1,1986,3,3,3,3,3,3,3,3,3,3
371456,1,1,1986,0,0,0,0,0,0,0,0,0,0
371457,1,1,1986,7,0,0,0,0,0,0,0,5,0
371458,1,1,1986,0,0,0,0,0,0,0,0,0,0
371458,2,1,1986,0,0,0,0,0,0,0,0,0,0
371459,1,1,1986,32,19,33,13,18,25,20,13,3,16
371460,1,1,1986,18,18,18,18,18,18,18,18,18,18
371461,0,1,1986,28,28,28,28,28,28,28,28,28,28
371461,1,1,1986,0,0,0,0,0,0,0,0,0,0
371462,0,1,1986,37,37,37,37,37,37,37,37,37,37
371462,1,1,1986,18,0,26,15,11,7,20,14,29,19
371463,1,1,1986,0,0,0,0,0,0,0,0,0,0
371463,2,1,1986,0,0,0,0,0,0,0,0,0,0
371464,1,1,1986,0,18,0,0,0,0,0,0,0,0
371465,1,1,1986,0,0,0,0,0,0,0,0,0,0
371466,0,1,1986,0,0,0,0,0,0,0,0,0,0
371466,1,1,1986,0,0,0,0,9,0,0,0,0,0
371467,1,1,1986,0,0,0,0,0,0,0,0,0,0
371468,0,1,1986,0,0,0,0,0,0,0,0,0,0