ST_CASE,VEH_NO,PER_NO,YEAR,P1,P2,P3,P4,P5,P6,P7,P8,P9,P10
410324,2,1,1986,0,0,0,0,0,0,0,0,0,0
410325,1,1,1986,0,0,0,0,0,0,0,0,0,0
410325,2,1,1986,18,18,18,18,18,18,18,18,18,18
410326,1,1,1986,0,0,0,0,0,0,0,0,0,0
410326,2,1,1986,0,0,0,0,0,0,0,0,0,0
410327,1,1,1986,0,0,0,0,0,0,0,0,0,0
410327,2,1,1986,0,0,0,0,0,0,0,0,0,0
410327,3,1,1986,0,0,0,0,0,0,0,15,10,0
410328,1,1,1986,0,11,24,0,0,0,26,0,0,0
410329,1,1,1986,16,16,16,16,16,16,16,16,16,16
410329,2,1,1986,0,0,0,0,0,22,0,0,0,0
410330,1,1,1986,0,0,0,0,0,0,0,0,0,0
410331,1,1,1986,0,0,0,0,0,25,0,33,0,0
410331,2,1,1986,0,0,0,0,0,0,0,0,0,0
410332,1,1,1986,20,20,20,20,20,20,20,20,20,20
410333,1,1,1986,0,0,0,0,0,0,0,0,0,0
410333,2,1,1986,0,0,0,0,0,0,0,0,0,0
410334,1,1,1986,27,29,7,13,5,21,0,41,19,0
410335,1,1,1986,0,0,0,0,0,0,0,0,0,0
410336,1,1,1986,11,13,4,30,19,17,19,14,0,8
410337,1,1,1986,22,22,22,22,22,22,22,22,22,22
410338,1,1,1986,1,1,1,1,1,1,1,1,1,1
410338,2,1,1986,0,0,0,0,0,0,0,0,0,0
410339,1,1,1986,0,0,0,0,0,0,0,0,0,0
410339,2,1,1986,0,0,0,0,0,0,0,0,0,0
410341,1,1,1986,0,0,0,0,0,0,0,0,0,0
410341,2,1,1986,0,0,20,0,46,0,0,6,0,0
410342,1,1,1986,0,21,13,0,0,0,0,0,0,0
410343,1,1,1986,23,23,23,23,23,23,23,23,23,23
410345,1,1,1986,0,0,0,0,0,0,0,0,0,0
410345,2,1,1986,0,0,0,0,0,0,0,0,0,0
410345,3,1,1986,0,0,0,0,0,0,0,0,0,0
410346,1,1,1986,0,0,0,0,0,0,0,0,0,0
410346,2,1,1986,0,0,0,0,0,0,0,0,0,0
410347,1,1,1986,0,0,0,0,0,0,0,0,0,0
410347,2,1,1986,32,32,32,32,32,32,32,32,32,32
410348,0,1,1986,0,0,0,0,0,0,0,0,0,0
410348,1,1,1986,0,0,2,0,0,0,0,0,0,10
410349,1,1,1986,0,0,0,0,0,0,0,0,0,0
410349,2,1,1986,0,0,0,0,0,0,0,0,0,0
410350,1,1,1986,11,11,11,11,11,11,11,11,11,11
410350,2,1,1986,0,0,0,0,0,0,0,0,0,0
410351,1,1,1986,1,1,1,1,1,1,1,1,1,1
410352,1,1,1986,11,11,11,11,11,11,11,11,11,11
410352,2,1,1986,0,0,0,0,0,0,0,0,0,0
410353,1,1,1986,21,21,21,21,21,21,21,21,21,21
410354,1,1,1986,0,0,0,0,0,0,0,0,0,0
410354,2,1,1986,0,0,0,0,0,0,0,0,0,0
410355,1,1,1986,17,17,17,17,17,17,17,17,17,17
410355,2,1,1986,7,0,0,0,0,0,0,0,0,0
410356,1,1,1986,0,0,0,0,0,0,0,0,0,0
410356,2,1,1986,0,0,0,0,0,0,0,0,0,0
410357,0,1,1986,0,0,0,0,0,0,0,0,0,0
410357,1,1,1986,0,0,0,0,0,0,13,0,0,0
410358,1,1,1986,0,0,0,0,0,0,0,0,0,0
410359,1,1,1986,31,38,0,12,21,0,9,0,24,17
410360,1,1,1986,30,30,30,30,30,30,30,30,30,30
410361,0,1,1986,0,0,0,0,0,0,0,0,0,0
410361,1,1,1986,0,0,0,0,0,0,0,0,0,0
410362,1,1,1986,14,14,14,14,14,14,14,14,14,14
410363,1,1,1986,0,0,0,0,0,0,0,0,0,0
410363,2,1,1986,0,0,0,0,0,0,0,0,0,0
410364,1,1,1986,16,16,16,16,16,16,16,16,16,16
410365,1,1,1986,0,0,0,0,0,0,0,0,0,0
410365,2,1,1986,10,0,9,0,0,0,0,0,0,0
410366,1,1,1986,17,17,17,17,17,17,17,17,17,17
410366,2,1,1986,17,18,0,7,16,12,14,5,10,18
410367,1,1,1986,9,9,9,9,9,9,9,9,9,9
410367,2,1,1986,0,0,0,0,0,0,0,0,0,0
410368,0,1,1986,2,0,0,17,0,0,0,9,0,24
410368,0,2,1986,0,0,0,0,0,0,0,0,0,0
410368,1,1,1986,0,0,0,10,0,0,0,0,10,0
410369,0,1,1986,0,0,0,0,0,0,0,0,0,0
410369,1,1,1986,0,0,0,0,0,0,0,0,0,0
410370,0,1,1986,5,5,5,5,5,5,5,5,5,5
410370,1,1,1986,0,0,0,0,0,0,0,0,0,0
410371,1,1,1986,0,0,0,0,0,0,0,0,0,0
410372,1,1,1986,0,6,0,14,0,0,0,0,0,7
410372,2,1,1986,0,0,0,0,0,0,0,0,0,0
410373,1,1,1986,28,28,28,28,28,28,28,28,28,28
410374,1,1,1986,0,0,0,0,0,24,10,0,17,9
410375,1,1,1986,0,0,0,0,0,0,0,0,0,0
410375,2,1,1986,0,0,0,0,0,0,0,0,0,0
410376,1,1,1986,0,0,0,0,0,0,0,0,0,0
410376,2,1,1986,0,0,0,0,0,0,0,0,0,0
410377,1,1,1986,9,9,9,9,9,9,9,9,9,9
410378,1,1,1986,0,0,0,0,0,0,0,0,0,0
410379,1,1,1986,0,0,0,0,0,0,0,0,0,0
410380,1,1,1986,4,4,4,4,4,4,4,4,4,4
410381,1,1,1986,0,0,0,0,0,0,0,0,0,0
410382,1,1,1986,24,24,24,24,24,24,24,24,24,24
410383,1,1,1986,16,16,16,16,16,16,16,16,16,16
410384,1,1,1986,0,0,0,0,0,0,0,0,0,0
410385,1,1,1986,0,0,0,0,0,0,0,0,0,0
410385,2,1,1986,0,0,0,0,0,0,0,0,0,0
410387,1,1,1986,21,21,21,21,21,21,21,21,21,21
410387,2,1,1986,0,0,0,0,0,6,0,0,0,6
410388,0,1,1986,24,24,24,24,24,24,24,24,24,24
410388,1,1,1986,0,0,0,0,0,0,0,0,0,0
410389,1,1,1986,0,20,0,19,6,15,13,0,10,25
410390,1,1,1986,0,0,0,0,0,0,0,0,0,0
410391,1,1,1986,0,0,0,0,0,0,0,0,0,0
410391,2,1,1986,0,0,0,0,0,0,0,0,0,0
410392,1,1,1986,0,0,0,0,0,0,0,0,0,0
410392,2,1,1986,0,0,0,0,0,0,0,0,0,0
410393,1,1,1986,1,1,1,1,1,1,1,1,1,1
410394,1,1,1986,0,0,0,0,0,0,0,0,0,0
410395,1,1,1986,11,11,11,11,11,11,11,11,11,11
410396,1,1,1986,0,0,12,0,0,0,0,0,11,0
410396,2,1,1986,0,5,0,0,0,0,0,10,3,0
410397,1,1,1986,0,0,0,0,0,0,0,0,0,0
410398,1,2,1986,8,8,8,8,8,8,8,8,8,8
410399,1,1,1986,0,0,0,0,0,0,0,0,0,0
410399,2,1,1986,0,18,18,15,15,0,7,0,0,0
410400,1,1,1986,5,5,5,5,5,5,5,5,5,5
410400,2,1,1986,0,0,0,0,0,0,0,0,0,0
410400,3,1,1986,0,0,0,0,0,0,0,0,0,0
410401,1,1,1986,0,0,0,0,0,0,0,0,0,0
410401,2,1,1986,0,0,0,0,0,0,0,0,0,0
410402,1,1,1986,0,0,0,0,0,0,0,0,0,0
410402,2,1,1986,0,6,0,0,0,0,0,0,0,0
410403,1,1,1986,21,21,21,21,21,21,21,21,21,21
410404,1,1,1986,14,14,14,14,14,14,14,14,14,14
410405,1,1,1986,19,19,19,19,19,19,19,19,19,19
410406,1,1,1986,0,0,0,0,0,0,0,0,0,0
410406,2,1,1986,0,0,0,0,0,0,0,0,0,0
410407,1,1,1986,8,0,0,0,10,0,0,0,0,0
410407,2,1,1986,0,7,0,0,0,0,16,0,0,0
410408,1,1,1986,0,0,0,0,0,0,0,0,0,0
410408,2,1,1986,0,0,0,0,0,0,0,0,0,0
410409,1,1,1986,0,0,0,0,0,0,0,0,0,0
410410,1,1,1986,26,26,26,26,26,26,26,26,26,26
410411,1,1,1986,0,0,0,0,0,0,0,0,0,0
410412,1,1,1986,11,11,11,11,11,11,11,11,11,11
410412,2,1,1986,0,0,0,0,0,0,0,0,0,0
410413,0,1,1986,0,0,0,0,0,0,0,0,0,0
410413,1,1,1986,0,0,0,0,0,0,0,0,0,0
410414,1,1,1986,0,0,0,0,0,0,0,0,0,0
410414,2,1,1986,0,0,0,0,0,0,0,0,0,11
410415,1,1,1986,9,9,9,9,9,9,9,9,9,9
410416,0,1,1986,0,0,0,0,0,0,0,0,0,0
410416,1,1,1986,0,0,0,0,0,0,0,0,0,0
410417,1,1,1986,0,0,10,0,0,0,0,0,0,0
410417,2,1,1986,0,0,0,0,0,0,0,0,0,0
410418,1,1,1986,13,13,13,13,13,13,13,13,13,13
410419,1,1,1986,22,22,22,22,22,22,22,22,22,22
410419,2,1,1986,0,0,0,0,0,0,0,0,0,0
410420,1,1,1986,28,28,28,28,28,28,28,28,28,28
410421,1,1,1986,0,0,0,0,0,34,0,0,0,0
410422,1,1,1986,0,0,0,0,0,0,0,0,0,0
410423,1,1,1986,0,0,0,0,0,0,0,0,7,7
410423,2,1,1986,0,0,0,0,0,0,0,0,0,0
410423,3,1,1986,0,0,0,0,0,4,0,16,0,0
410424,1,1,1986,0,0,0,0,0,0,0,0,0,0
410424,2,1,1986,0,0,0,0,0,0,0,0,0,0
410425,1,1,1986,3,0,0,0,0,0,15,3,0,0
410425,2,1,1986,0,0,0,0,0,0,0,0,0,0
410429,1,1,1986,0,0,0,0,0,0,0,0,0,0
410429,2,1,1986,0,0,0,0,0,0,0,0,0,0
410430,0,1,1986,0,0,0,0,0,0,0,0,0,0
410430,0,2,1986,0,0,0,0,0,0,0,0,0,0
410430,1,1,1986,0,0,0,0,0,0,0,0,0,0
410431,1,1,1986,0,0,0,0,0,0,0,0,0,0
410431,2,1,1986,0,0,0,0,0,0,19,0,0,9
410432,1,1,1986,0,0,0,0,0,0,0,0,0,0
410432,2,1,1986,0,0,0,0,0,0,0,0,0,0
410433,1,1,1986,13,13,13,13,13,13,13,13,13,13
410433,2,1,1986,0,0,0,0,0,0,0,14,0,0
410434,1,1,1986,9,9,9,9,9,9,9,9,9,9
410435,1,1,1986,0,0,0,0,0,0,0,0,0,0
410435,2,1,1986,0,0,0,0,0,0,0,0,0,0
410436,1,1,1986,0,0,0,0,0,0,0,0,0,0
410437,1,1,1986,0,0,0,0,0,0,0,0,0,0
410437,2,1,1986,3,3,3,3,3,3,3,3,3,3
410438,1,1,1986,20,20,20,20,20,20,20,20,20,20
410438,2,1,1986,0,0,0,0,0,0,0,0,0,0
410439,1,1,1986,19,19,19,19,19,19,19,19,19,19
410440,1,1,1986,0,0,0,0,0,0,0,0,0,0
410440,2,1,1986,12,12,12,12,12,12,12,12,12,12
410441,1,1,1986,0,0,0,0,0,0,0,0,0,0
410441,2,1,1986,0,0,0,0,0,0,0,0,0,0
410442,1,1,1986,15,15,15,15,15,15,15,15,15,15
410443,1,1,1986,0,0,0,0,0,0,0,0,0,0
410443,2,1,1986,0,0,3,0,0,0,12,0,0,6
410444,1,1,1986,0,0,0,0,0,0,0,0,0,0
410444,2,1,1986,0,0,0,0,0,0,0,0,0,0
410445,0,1,1986,0,0,0,0,0,0,6,0,0,0
410445,1,1,1986,0,0,0,0,0,0,0,0,0,0
410446,1,1,1986,0,0,0,0,0,0,0,0,0,0
410447,0,1,1986,0,0,0,0,0,0,0,0,0,0
410447,1,1,1986,5,5,5,5,5,5,5,5,5,5
410448,0,1,1986,22,22,22,22,22,22,22,22,22,22
410448,1,1,1986,4,4,4,4,4,4,4,4,4,4
410449,1,1,1986,0,0,0,0,0,0,0,0,0,0
410449,2,1,1986,0,0,0,0,0,7,0,0,0,0
410450,1,1,1986,23,23,23,23,23,23,23,23,23,23
410451,1,1,1986,22,22,22,22,22,22,22,22,22,22
410452,1,1,1986,14,14,14,14,14,14,14,14,14,14
410452,2,1,1986,8,8,8,8,8,8,8,8,8,8
410452,3,1,1986,0,0,0,0,0,0,0,0,0,0
410453,1,1,1986,0,0,0,0,0,0,0,0,0,0
410453,2,1,1986,0,0,0,0,0,0,0,0,0,0
410454,1,1,1986,0,0,0,0,0,0,0,0,0,0
410454,2,1,1986,0,0,0,0,0,0,0,0,0,0
410455,1,1,1986,0,0,0,0,0,0,0,0,0,0
410455,2,1,1986,0,19,0,0,11,0,0,0,0,0
410457,1,1,1986,0,0,0,0,0,0,0,0,0,0
410457,2,1,1986,0,0,0,0,0,0,0,0,0,0
410457,3,1,1986,0,0,29,21,17,24,10,9,0,18
410458,1,1,1986,0,0,0,0,0,0,0,0,0,0
410458,2,1,1986,7,0,0,0,0,0,0,0,0,0
410459,1,1,1986,18,18,18,18,18,18,18,18,18,18
410460,1,1,1986,0,0,0,0,19,0,0,0,0,20
410461,1,1,1986,12,12,12,12,12,12,12,12,12,12
410463,1,1,1986,0,0,0,0,0,0,0,0,0,0
410463,2,1,1986,0,0,0,0,0,41,0,0,0,0
410464,1,1,1986,0,0,0,0,0,0,0,0,0,0
410464,2,1,1986,0,0,0,0,0,0,0,0,0,0
410465,1,1,1986,0,0,0,0,0,0,0,0,0,0
410465,2,1,1986,0,0,0,0,0,0,0,0,0,0
410465,3,1,1986,0,0,0,18,0,0,0,0,0,0
410466,1,1,1986,0,0,0,0,0,0,0,0,0,0
410466,2,1,1986,0,0,0,0,0,0,0,0,0,0
410467,1,1,1986,15,15,15,15,15,15,15,15,15,15
410469,1,1,1986,0,0,0,0,0,0,0,0,0,0
410469,2,1,1986,0,0,0,0,0,0,0,0,0,0
410470,0,1,1986,0,0,23,29,9,14,0,0,0,0
410470,1,1,1986,9,9,9,9,9,9,9,9,9,9
410471,1,1,1986,21,21,21,21,21,21,21,21,21,21
410472,1,1,1986,0,0,0,0,0,0,0,0,0,0
410472,2,1,1986,0,0,0,0,0,0,0,0,0,0
410473,0,1,1986,0,0,0,0,0,0,0,0,0,0
410473,1,1,1986,0,24,0,0,26,0,0,0,0,0
410474,1,1,1986,17,17,17,17,17,17,17,17,17,17
410474,2,1,1986,23,23,23,23,23,23,23,23,23,23
410475,1,1,1986,0,0,0,0,0,0,0,0,0,0
410475,2,1,1986,0,0,0,0,0,0,0,0,0,0
410476,0,1,1986,0,0,0,0,0,0,0,0,0,0
410476,1,1,1986,0,0,0,0,0,0,0,0,0,0
410477,0,1,1986,26,26,26,26,26,26,26,26,26,26
410477,1,1,1986,0,0,0,0,0,0,0,0,0,0
410478,1,1,1986,14,0,0,0,0,0,0,0,0,0
410478,2,1,1986,0,0,0,0,0,0,0,0,0,0
410479,1,1,1986,0,0,0,0,0,0,0,0,0,0
410480,1,1,1986,0,0,0,0,0,0,0,0,0,0
410481,0,1,1986,0,0,0,0,0,0,0,0,0,0
410481,1,1,1986,0,0,0,0,0,0,0,0,0,0
410482,1,1,1986,0,0,0,13,21,0,0,0,0,0
410482,2,1,1986,0,0,0,0,0,0,0,0,0,0
410483,1,1,1986,0,0,0,0,0,0,0,0,0,0
410484,0,1,1986,0,15,0,0,16,9,0,1,22,0
410484,1,1,1986,0,0,0,0,0,0,0,0,0,0
410485,1,1,1986,16,16,16,16,16,16,16,16,16,16
410486,1,1,1986,26,26,26,26,26,26,26,26,26,26
410486,2,1,1986,0,0,0,0,0,0,0,0,14,0
410487,1,1,1986,0,0,0,0,0,0,0,0,0,0
410487,2,1,1986,0,0,0,0,0,0,0,0,0,0
410488,1,1,1986,25,25,25,25,25,25,25,25,25,25
410489,1,1,1986,0,0,0,0,0,0,0,0,0,0
410489,2,1,1986,0,0,0,0,0,0,0,0,0,0
410490,1,1,1986,23,23,23,23,23,23,23,23,23,23
410491,1,1,1986,6,6,6,6,6,6,6,6,6,6
410491,2,1,1986,0,0,0,0,0,0,0,0,0,0
410492,1,1,1986,20,20,20,20,20,20,20,20,20,20
410493,1,1,1986,18,18,18,18,18,18,18,18,18,18
410494,1,1,1986,0,0,0,0,0,0,0,0,0,0
410495,1,1,1986,0,0,0,0,0,0,0,0,0,0
410495,2,1,1986,0,0,0,0,1,0,0,0,0,0
410495,3,1,1986,0,0,0,0,0,0,0,0,0,0
410496,1,1,1986,0,0,0,0,0,0,0,0,0,0
410497,0,1,1986,0,0,0,0,0,0,0,0,0,0
410497,1,1,1986,0,0,0,0,0,0,0,0,0,0
410497,3,1,1986,0,0,0,0,5,0,0,0,0,0
410498,1,1,1986,0,0,0,0,0,0,0,0,0,0
410498,2,1,1986,0,0,0,0,0,0,0,0,0,0
410499,1,1,1986,21,21,21,21,21,21,21,21,21,21
410500,1,1,1986,17,17,17,17,17,17,17,17,17,17
410501,0,1,1986,0,0,0,0,0,0,0,0,0,0
410501,1,1,1986,2,2,2,2,2,2,2,2,2,2
410502,1,1,1986,15,15,15,15,15,15,15,15,15,15
410503,1,1,1986,16,16,16,16,16,16,16,16,16,16
410504,1,1,1986,18,18,18,18,18,18,18,18,18,18
410505,1,1,1986,0,0,0,0,0,0,0,0,0,0
410505,2,1,1986,0,0,0,0,0,0,0,0,0,0
410506,1,1,1986,0,0,0,0,0,0,0,0,0,0
410507,1,1,1986,0,0,0,0,0,0,0,0,0,0
410507,2,1,1986,0,0,0,0,0,0,0,0,0,0
410508,0,1,1986,0,0,0,0,0,0,0,0,0,0
410508,1,1,1986,0,0,0,0,0,0,0,0,0,0
410509,1,1,1986,33,33,33,33,33,33,33,33,33,33
410510,1,1,1986,0,0,0,0,0,0,0,0,0,0
410510,2,1,1986,0,0,0,0,0,0,0,0,0,0
410512,0,1,1986,0,0,0,0,0,0,0,0,0,0
410512,0,2,1986,0,0,0,0,0,0,0,0,0,0
410512,0,3,1986,0,0,0,0,0,0,0,0,0,0
410512,1,1,1986,0,0,0,0,0,0,0,0,0,0
410513,1,1,1986,18,18,18,18,18,18,18,18,18,18
410514,1,1,1986,0,0,0,0,0,0,0,0,0,22
410514,2,1,1986,0,0,0,0,0,0,0,0,0,0
410515,1,1,1986,0,0,0,0,0,0,0,0,0,0
410515,2,1,1986,0,0,0,0,0,0,0,0,0,0
410516,0,1,1986,0,0,0,0,0,0,0,0,0,0
410516,1,1,1986,0,0,0,0,0,0,0,0,0,0
410517,1,1,1986,28,28,28,28,28,28,28,28,28,28
410518,1,1,1986,10,0,0,0,10,0,20,0,0,27
410518,2,1,1986,0,0,0,0,0,0,0,0,0,0
410519,0,1,1986,32,32,32,32,32,32,32,32,32,32
410519,1,1,1986,0,0,0,0,0,0,3,0,0,0
410519,2,1,1986,16,0,0,18,0,0,0,7,0,0
410519,3,1,1986,0,0,0,0,0,0,0,0,0,0
410519,4,1,1986,0,0,0,0,0,0,0,0,0,0
410520,0,1,1986,0,0,0,0,0,0,0,0,0,0
410520,1,1,1986,0,0,0,0,0,0,6,0,0,0
410521,1,1,1986,0,0,0,0,0,0,0,0,0,0
410521,2,1,1986,0,0,0,0,0,0,0,0,0,0
410522,0,1,1986,17,17,17,17,17,17,17,17,17,17
410522,1,1,1986,0,0,0,0,0,0,0,0,0,0
410523,1,1,1986,27,27,27,27,27,27,27,27,27,27
410524,1,1,1986,10,0,0,0,0,0,0,0,0,0
410524,2,1,1986,0,0,0,0,0,0,0,0,0,0
410525,1,1,1986,0,0,0,0,0,0,0,0,0,0
410525,2,1,1986,0,0,0,0,0,0,0,0,0,0
410526,1,1,1986,0,19,0,0,0,17,0,0,0,0
410527,1,1,1986,17,0,16,16,13,16,20,22,14,15
410528,1,1,1986,0,0,0,0,11,0,4,0,0,0
410528,2,1,1986,0,0,0,0,0,0,0,0,0,0
410529,1,1,1986,24,24,24,24,24,24,24,24,24,24
410529,2,1,1986,0,0,0,0,0,0,0,9,0,0
410530,1,1,1986,7,7,7,7,7,7,7,7,7,7
410532,0,1,1986,0,0,0,0,0,0,0,0,0,0
410532,1,1,1986,9,23,0,0,0,0,0,7,0,0
410533,1,1,1986,23,23,23,23,23,23,23,23,23,23
410534,0,1,1986,0,0,0,0,0,0,0,0,0,0
410534,1,1,1986,0,0,0,0,0,0,0,0,0,0
410535,0,1,1986,0,0,0,0,0,0,0,0,0,0
410535,1,1,1986,0,0,0,5,0,0,0,0,0,20
410536,1,1,1986,0,0,0,0,0,0,0,0,0,0
410536,2,1,1986,3,3,3,3,3,3,3,3,3,3
410537,1,1,1986,0,0,0,0,0,0,0,0,0,0
410537,2,1,1986,11,11,11,11,11,11,11,11,11,11
410538,1,1,1986,2,2,2,2,2,2,2,2,2,2
410539,1,1,1986,0,0,0,0,0,0,0,0,12,0
410539,2,1,1986,0,0,0,0,0,0,0,0,0,0
410540,0,1,1986,25,25,25,25,25,25,25,25,25,25
410540,1,1,1986,0,0,0,4,11,0,0,20,15,0
410541,0,1,1986,0,0,0,0,0,0,0,0,0,0
410541,1,1,1986,0,0,0,0,0,14,0,0,0,0
410542,1,1,1986,0,0,0,0,0,0,0,0,0,0
410542,2,1,1986,0,0,0,8,0,0,0,0,0,0
410543,0,1,1986,7,0,0,0,0,0,0,0,0,0
410543,1,1,1986,0,0,0,0,0,0,0,0,0,0
410544,1,1,1986,0,9,4,0,0,0,0,0,5,0
410544,2,1,1986,0,0,0,0,0,0,0,0,0,0
410545,1,1,1986,0,0,0,0,0,0,0,0,0,0
410545,2,1,1986,0,0,0,0,0,0,0,0,0,0
410546,0,1,1986,27,27,27,27,27,27,27,27,27,27
410546,1,1,1986,17,17,17,17,17,17,17,17,17,17
410547,1,1,1986,0,0,0,0,0,0,0,0,0,0
410548,1,1,1986,24,24,24,24,24,24,24,24,24,24
410549,1,1,1986,17,17,17,17,17,17,17,17,17,17
410550,1,1,1986,0,0,0,0,0,0,0,0,0,0
410550,2,1,1986,0,0,0,0,0,0,0,0,0,0
410550,3,1,1986,0,0,0,0,0,0,0,0,0,0
410550,4,1,1986,0,0,0,0,0,0,0,0,0,0
410551,1,1,1986,0,0,0,0,0,9,0,0,0,0
410551,2,1,1986,0,0,0,0,0,0,0,0,0,0
410552,1,1,1986,13,13,13,13,13,13,13,13,13,13
410553,1,1,1986,0,0,0,0,0,0,0,0,0,0
410553,2,1,1986,0,0,0,0,12,0,0,0,0,0
410554,1,1,1986,0,0,0,0,0,0,0,0,0,0
410554,2,1,1986,0,0,0,0,0,0,0,0,0,0
410555,1,1,1986,0,0,0,0,0,0,0,0,0,0
410556,1,1,1986,17,0,0,0,0,23,0,20,0,0
410556,2,1,1986,0,0,6,0,0,0,0,31,0,0
410557,1,1,1986,19,19,19,19,19,19,19,19,19,19
410558,1,1,1986,12,12,12,12,12,12,12,12,12,12
410558,2,1,1986,20,20,20,20,20,20,20,20,20,20
410558,3,1,1986,0,0,7,0,0,0,0,0,6,0
410559,1,1,1986,0,0,0,0,15,0,0,0,3,0
410560,1,1,1986,15,15,15,15,15,15,15,15,15,15
410561,0,1,1986,0,0,0,0,0,0,0,0,0,0
410561,1,1,1986,0,0,0,0,0,0,0,0,0,0
410562,1,1,1986,27,27,27,27,27,27,27,27,27,27
410563,1,1,1986,20,20,20,20,20,20,20,20,20,20
410564,1,1,1986,0,0,0,0,0,0,0,0,0,0
410564,2,1,1986,0,0,0,0,0,0,0,0,0,0
410565,0,1,1986,15,21,13,33,16,29,22,38,32,0
410565,1,1,1986,0,0,29,0,18,0,0,0,0,0
410566,1,1,1986,0,0,0,0,0,0,0,0,0,0
410566,2,1,1986,0,0,0,0,0,0,0,0,0,0
410567,0,1,1986,0,0,0,0,0,20,0,0,0,0
410567,1,1,1986,0,0,0,0,0,0,0,0,0,0
410568,1,1,1986,0,0,0,0,0,0,0,0,0,0
410568,2,1,1986,0,0,0,0,0,0,0,0,0,0
410569,1,1,1986,13,13,13,13,13,13,13,13,13,13
410569,2,1,1986,0,0,0,0,0,0,0,0,0,0
420001,1,1,1986,17,17,17,17,17,17,17,17,17,17
420001,2,1,1986,20,20,20,20,20,20,20,20,20,20
420002,1,1,1986,24,24,24,24,24,24,24,24,24,24
420003,1,1,1986,20,20,20,20,20,20,20,20,20,20
420004,1,1,1986,19,19,19,19,19,19,19,19,19,19
420004,2,1,1986,0,0,0,0,0,0,0,0,15,0
420005,1,1,1986,22,22,22,22,22,22,22,22,22,22
420006,1,1,1986,17,17,17,17,17,17,17,17,17,17
420007,1,1,1986,15,15,15,15,15,15,15,15,15,15
420007,2,1,1986,0,0,0,0,0,0,0,0,0,0
420007,3,1,1986,0,16,0,0,16,0,0,0,0,0
420008,1,1,1986,19,19,19,19,19,19,19,19,19,19
420008,2,1,1986,16,16,16,16,16,16,16,16,16,16
420009,0,1,1986,0,0,0,0,0,0,0,0,0,0
420009,1,1,1986,0,0,0,0,0,0,0,0,0,0
420010,1,1,1986,0,0,0,0,0,0,0,0,0,0
420010,2,1,1986,0,0,0,0,0,0,0,0,0,0
420011,1,1,1986,0,0,0,0,0,0,0,0,0,0
420011,2,1,1986,0,0,0,0,0,0,0,0,0,0
420012,1,1,1986,0,0,0,0,0,0,0,0,0,0
420012,2,1,1986,20,20,20,20,20,20,20,20,20,20
420013,1,1,1986,40,22,28,22,11,5,32,20,0,21
420014,1,1,1986,14,14,14,14,14,14,14,14,14,14
420014,2,1,1986,0,0,0,0,0,0,0,0,0,0
420014,3,1,1986,0,10,0,0,0,0,0,0,0,0
420015,1,1,1986,18,9,19,29,16,30,17,18,18,0
420016,1,1,1986,0,0,0,0,0,0,0,0,0,0
420016,2,1,1986,0,0,0,0,0,0,0,0,0,0
420017,1,1,1986,0,0,0,0,0,0,0,0,0,0
420017,2,1,1986,0,0,0,0,0,0,0,0,0,0
420018,1,1,1986,0,0,0,0,0,0,0,0,0,0
420018,2,1,1986,0,0,0,0,0,0,0,0,0,0
420019,1,1,1986,24,24,24,24,24,24,24,24,24,24
420019,2,1,1986,23,23,23,23,23,23,23,23,23,23
420020,1,1,1986,13,13,13,13,13,13,13,13,13,13
420021,1,1,1986,16,16,16,16,16,16,16,16,16,16
420021,2,1,1986,13,13,13,13,13,13,13,13,13,13
420022,1,1,1986,0,0,0,0,0,0,0,0,0,0
420022,2,1,1986,0,0,0,0,0,0,0,0,0,0
420023,1,1,1986,0,0,0,0,0,0,0,0,0,0
420023,2,1,1986,0,0,0,0,0,0,0,0,0,0
420024,1,1,1986,21,21,21,21,21,21,21,21,21,21
420025,1,1,1986,18,18,18,18,18,18,18,18,18,18
420026,1,1,1986,0,0,0,0,0,0,0,0,0,0
420027,1,1,1986,16,16,16,16,16,16,16,16,16,16
420027,2,1,1986,0,0,0,0,0,0,0,17,0,0
420028,1,1,1986,32,32,32,32,32,32,32,32,32,32
420029,1,1,1986,30,30,30,30,30,30,30,30,30,30
420029,2,1,1986,0,0,0,0,0,0,0,0,0,0
420030,1,1,1986,18,18,18,18,18,18,18,18,18,18
420031,0,1,1986,0,22,0,15,16,0,27,28,17,0
420031,1,1,1986,0,0,7,0,0,0,0,0,0,0
420033,1,1,1986,0,0,0,0,0,0,0,0,0,0
420033,2,1,1986,0,57,21,0,0,9,12,0,0,0
420034,1,1,1986,0,0,0,0,0,0,0,0,0,0
420035,1,1,1986,8,0,0,0,0,0,0,0,0,0
420035,2,1,1986,0,0,0,0,0,0,0,0,0,0
420036,1,1,1986,16,16,16,16,16,16,16,16,16,16
420037,1,1,1986,2,32,20,7,42,18,9,6,4,20
420038,1,1,1986,20,20,20,20,20,20,20,20,20,20
420039,1,1,1986,16,16,16,16,16,16,16,16,16,16
420040,1,1,1986,0,0,0,0,0,0,0,0,0,0
420041,0,1,1986,0,0,0,0,0,0,0,0,0,0
420041,1,1,1986,0,0,0,0,0,0,0,0,0,0
420042,1,1,1986,10,0,0,0,0,0,0,14,0,0
420042,2,1,1986,0,0,0,0,0,0,0,0,0,0