ST_CASE,VEH_NO,PER_NO,YEAR,P1,P2,P3,P4,P5,P6,P7,P8,P9,P10
420320,2,1,1986,0,0,0,0,0,0,0,0,0,0
420321,1,1,1986,0,0,0,0,0,0,0,0,0,0
420321,2,1,1986,16,19,19,8,14,0,0,0,22,0
420322,0,1,1986,16,16,16,16,16,16,16,16,16,16
420322,1,1,1986,0,0,0,0,16,6,0,11,0,0
420323,1,1,1986,0,0,0,0,0,0,0,0,0,0
420324,1,1,1986,20,20,20,20,20,20,20,20,20,20
420325,0,1,1986,0,0,0,0,0,0,0,0,0,0
420325,1,1,1986,0,0,0,0,0,0,0,0,0,0
420326,1,1,1986,26,26,26,26,26,26,26,26,26,26
420327,1,1,1986,0,0,0,0,0,0,0,0,0,0
420327,2,1,1986,0,0,0,0,0,0,0,0,0,0
420328,1,1,1986,0,0,0,0,0,0,0,0,0,0
420328,2,1,1986,0,0,0,0,0,0,0,0,0,0
420329,1,1,1986,19,19,19,19,19,19,19,19,19,19
420330,0,1,1986,32,32,32,32,32,32,32,32,32,32
420330,1,1,1986,0,0,0,0,0,0,0,0,0,17
420331,0,1,1986,21,0,16,0,0,0,0,19,0,0
420331,1,1,1986,17,17,17,17,17,17,17,17,17,17
420332,0,1,1986,0,0,0,0,0,0,0,0,0,0
420332,1,1,1986,0,0,0,0,0,0,0,0,0,0
420333,1,1,1986,23,23,23,23,23,23,23,23,23,23
420334,0,1,1986,0,0,0,0,0,0,0,0,0,0
420334,1,1,1986,0,0,0,0,0,0,0,0,0,0
420335,0,1,1986,41,0,0,0,0,0,0,0,0,0
420335,1,1,1986,0,12,0,0,0,12,0,0,0,0
420336,0,1,1986,0,0,0,0,0,0,0,0,0,0
420336,1,1,1986,0,0,0,0,0,0,0,0,0,0
420337,1,1,1986,0,0,0,0,0,0,0,0,0,0
420337,2,1,1986,0,0,0,14,0,0,0,8,0,0
420338,1,1,1986,0,0,0,0,0,0,0,0,0,0
420338,2,1,1986,0,0,0,0,0,0,0,0,0,0
420339,0,1,1986,0,0,0,0,0,0,0,0,0,0
420339,1,1,1986,0,0,0,0,0,0,0,0,0,0
420340,1,1,1986,0,0,0,0,4,6,0,0,0,0
420340,2,1,1986,0,0,0,0,0,0,0,0,0,0
420340,3,1,1986,0,0,0,0,0,0,0,0,0,0
420341,1,1,1986,20,20,20,20,20,20,20,20,20,20
420341,2,1,1986,0,0,0,0,0,0,0,0,0,0
420342,1,1,1986,2,2,2,2,2,2,2,2,2,2
420342,2,1,1986,0,0,0,0,0,0,0,0,0,0
420342,3,1,1986,0,0,0,0,0,0,0,0,0,0
420342,4,1,1986,0,0,0,0,0,0,0,0,0,12
420343,1,1,1986,6,9,9,20,9,8,15,6,0,0
420343,2,1,1986,0,0,0,0,0,0,0,0,0,0
420344,0,1,1986,0,0,0,0,0,0,0,0,0,0
420344,1,1,1986,0,0,0,28,0,0,0,0,0,0
420345,1,1,1986,12,12,12,12,12,12,12,12,12,12
420346,1,1,1986,0,6,0,0,0,0,0,0,0,0
420346,2,1,1986,0,0,0,0,0,0,0,0,0,0
420347,1,1,1986,0,11,24,25,0,20,0,0,6,0
420348,1,1,1986,28,28,28,28,28,28,28,28,28,28
420349,1,1,1986,17,17,17,17,17,17,17,17,17,17
420349,2,1,1986,0,0,0,8,0,0,0,0,0,0
420349,3,1,1986,0,0,0,0,0,0,0,0,0,0
420350,1,1,1986,6,4,22,24,15,11,15,19,3,5
420351,1,1,1986,0,0,0,0,0,0,0,0,0,0
420352,1,1,1986,0,0,0,0,0,0,0,0,0,0
420352,2,1,1986,0,0,0,0,0,0,0,0,0,0
420353,1,1,1986,0,0,0,0,0,0,0,0,0,0
420353,2,1,1986,0,0,0,0,0,0,0,8,0,0
420354,1,1,1986,0,0,0,0,0,0,0,0,0,0
420355,1,1,1986,0,0,0,0,0,0,0,0,0,0
420355,2,1,1986,0,0,0,0,0,0,0,0,0,0
420356,1,1,1986,0,0,0,0,0,0,0,0,0,0
420356,2,1,1986,0,0,0,0,0,0,0,0,0,0
420357,1,1,1986,23,0,7,29,9,34,0,24,18,0
420358,1,1,1986,0,0,0,0,0,0,0,0,0,0
420358,2,1,1986,0,0,23,0,0,0,10,0,0,0
420359,1,1,1986,16,16,16,16,16,16,16,16,16,16
420360,1,1,1986,10,10,10,10,10,10,10,10,10,10
420361,1,1,1986,31,31,31,31,31,31,31,31,31,31
420362,1,1,1986,0,9,15,10,9,0,20,15,11,9
420363,1,1,1986,11,21,0,0,0,0,0,17,21,0
420364,0,1,1986,0,0,0,0,0,0,0,0,8,0
420364,1,1,1986,0,0,0,0,0,0,0,0,0,0
420365,1,1,1986,16,16,16,16,16,16,16,16,16,16
420366,1,1,1986,20,20,20,20,20,20,20,20,20,20
420367,1,1,1986,0,0,0,0,0,0,0,0,0,0
420367,2,1,1986,0,0,0,0,0,0,0,0,0,0
420368,1,1,1986,0,7,0,20,2,8,0,0,0,0
420368,2,1,1986,0,6,0,0,5,0,0,18,0,0
420369,1,1,1986,16,16,16,16,16,16,16,16,16,16
420370,1,1,1986,0,0,0,0,0,0,0,0,0,0
420370,2,1,1986,0,0,0,0,0,0,0,0,0,0
420371,1,1,1986,8,0,0,0,0,0,0,0,0,0
420371,2,1,1986,0,0,0,0,0,0,0,0,0,0
420372,1,1,1986,12,12,12,12,12,12,12,12,12,12
420373,1,1,1986,31,31,31,31,31,31,31,31,31,31
420373,2,1,1986,0,0,0,0,0,0,0,0,0,0
420374,1,1,1986,0,0,0,0,0,0,0,0,0,0
420374,2,1,1986,0,0,0,0,0,0,0,0,0,0
420375,1,1,1986,0,0,12,0,6,0,0,0,12,0
420375,2,1,1986,17,0,0,8,11,11,0,0,0,12
420376,1,1,1986,46,46,46,46,46,46,46,46,46,46
420377,1,1,1986,26,26,26,26,26,26,26,26,26,26
420378,1,1,1986,0,0,0,0,0,0,0,0,0,0
420379,1,1,1986,0,0,0,0,0,0,0,0,0,0
420379,2,1,1986,0,0,0,0,0,0,0,0,0,0
420380,1,1,1986,20,0,26,27,15,28,0,18,20,12
420382,1,1,1986,12,12,12,12,12,12,12,12,12,12
420383,0,1,1986,0,0,0,0,0,0,0,0,0,0
420383,1,1,1986,0,0,0,0,0,0,0,0,0,0
420384,0,1,1986,0,0,0,0,0,0,0,0,0,0
420384,1,1,1986,0,0,0,0,0,0,0,0,0,0
420385,1,1,1986,0,0,0,0,0,15,0,0,0,0
420386,1,1,1986,0,0,0,0,0,0,0,0,0,0
420386,2,1,1986,0,21,0,0,5,14,0,0,0,0
420387,1,1,1986,0,0,0,0,0,0,0,0,0,0
420389,1,1,1986,0,0,0,0,0,0,0,0,0,0
420390,1,1,1986,16,16,16,16,16,16,16,16,16,16
420391,1,1,1986,24,14,0,0,0,0,0,0,0,0
420392,1,1,1986,0,0,18,0,0,0,0,0,0,0
420392,2,1,1986,22,0,0,0,0,0,0,0,0,0
420393,1,1,1986,0,0,0,0,0,0,0,0,0,0
420393,2,1,1986,0,0,0,0,0,0,0,0,0,0
420393,3,1,1986,0,0,0,0,0,0,0,0,0,0
420393,4,1,1986,0,0,0,0,0,0,0,0,0,0
420394,1,1,1986,0,0,0,0,0,0,0,0,0,0
420395,1,1,1986,0,0,0,0,0,0,0,0,0,0
420395,2,1,1986,0,0,0,0,0,0,0,0,0,0
420396,0,1,1986,0,0,0,0,0,0,0,0,0,0
420396,1,1,1986,0,0,0,0,0,15,0,6,0,0
420397,0,1,1986,0,0,0,0,0,0,0,0,0,0
420397,1,1,1986,0,0,0,12,0,0,0,0,0,0
420398,1,1,1986,22,22,22,22,22,22,22,22,22,22
420398,2,1,1986,0,0,0,0,0,0,6,0,17,12
420399,1,1,1986,14,10,15,16,21,13,10,22,25,19
420400,1,1,1986,9,3,4,0,3,7,15,0,8,0
420401,1,1,1986,0,0,0,0,0,0,0,0,0,0
420402,1,1,1986,0,8,0,0,14,0,9,0,0,0
420403,0,1,1986,22,22,22,22,22,22,22,22,22,22
420403,1,1,1986,0,0,0,0,0,0,0,0,0,0
420404,1,1,1986,0,0,0,0,0,0,0,0,0,0
420404,2,1,1986,0,0,5,0,0,0,0,0,0,0
420405,0,1,1986,0,0,0,0,0,0,0,0,0,0
420405,0,2,1986,0,0,0,0,0,0,0,0,0,0
420405,0,3,1986,0,0,0,0,0,0,0,0,0,0
420405,1,1,1986,0,0,0,0,0,0,0,0,0,0
420406,1,1,1986,0,0,0,0,0,0,0,0,0,0
420406,2,1,1986,0,0,0,0,0,0,0,3,0,0
420407,1,1,1986,0,0,0,0,0,0,0,0,0,0
420407,2,1,1986,0,0,0,7,0,0,25,0,0,0
420409,1,1,1986,16,16,16,16,16,16,16,16,16,16
420410,1,1,1986,0,0,0,6,0,13,28,0,13,0
420410,2,1,1986,0,0,0,0,0,0,0,0,0,0
420410,3,1,1986,0,0,0,0,0,0,0,0,0,0
420411,1,1,1986,0,0,0,0,0,0,0,0,0,0
420411,2,1,1986,0,0,0,17,6,19,20,0,0,16
420412,1,1,1986,18,18,18,18,18,18,18,18,18,18
420413,1,1,1986,16,16,16,16,16,16,16,16,16,16
420414,1,1,1986,19,19,19,19,19,19,19,19,19,19
420415,1,1,1986,0,0,0,0,0,0,0,0,13,0
420415,2,1,1986,0,0,0,0,0,0,0,0,0,0
420416,1,1,1986,0,13,0,0,0,0,17,8,0,0
420416,2,1,1986,7,0,0,0,0,0,0,0,17,0
420416,3,1,1986,23,0,0,0,0,11,0,12,0,11
420417,0,1,1986,0,0,0,0,0,0,0,0,0,0
420417,1,1,1986,0,0,17,0,0,0,0,0,0,0
420418,1,1,1986,28,28,28,28,28,28,28,28,28,28
420418,2,1,1986,0,0,0,0,0,0,10,0,0,0
420418,3,1,1986,0,0,0,0,0,0,0,0,0,0
420419,1,1,1986,28,28,28,28,28,28,28,28,28,28
420420,1,1,1986,0,0,0,0,0,0,0,0,0,0
420421,0,1,1986,5,5,5,5,5,5,5,5,5,5
420421,1,1,1986,16,20,22,22,7,18,10,19,23,9
420422,1,1,1986,0,0,0,0,0,0,0,0,0,0
420422,2,1,1986,0,0,0,0,0,0,0,0,0,0
420423,0,1,1986,21,21,21,21,21,21,21,21,21,21
420423,1,1,1986,0,0,0,0,7,0,0,0,0,9
420424,1,1,1986,20,20,20,20,20,20,20,20,20,20
420425,1,1,1986,0,0,0,0,0,0,0,0,0,0
420425,2,1,1986,0,0,0,0,0,0,0,0,0,0
420426,1,1,1986,18,16,7,20,23,37,21,13,15,16
420427,1,1,1986,0,0,0,0,0,18,0,0,0,0
420427,2,1,1986,0,0,0,0,0,0,0,0,0,0
420428,1,1,1986,0,0,0,0,0,0,0,0,2,0
420428,2,1,1986,0,0,0,0,0,0,0,0,0,0
420429,1,1,1986,24,24,24,24,24,24,24,24,24,24
420430,0,1,1986,0,0,0,0,0,0,0,0,0,0
420430,1,1,1986,0,6,0,0,0,0,0,0,0,0
420431,1,1,1986,26,26,26,26,26,26,26,26,26,26
420431,2,1,1986,0,3,0,0,0,0,0,0,0,11
420431,3,1,1986,0,0,0,0,0,0,0,0,0,0
420431,4,1,1986,0,0,0,0,0,0,0,0,0,10
420432,1,1,1986,0,0,0,0,0,0,0,0,0,0
420432,2,1,1986,0,0,0,0,0,0,0,0,0,0
420433,1,1,1986,0,0,0,0,0,0,0,0,0,0
420433,2,1,1986,5,5,5,5,5,5,5,5,5,5
420434,1,1,1986,0,0,0,0,0,0,0,10,0,0
420434,2,1,1986,0,0,0,0,0,0,0,0,12,0
420435,0,1,1986,0,17,0,25,0,0,0,0,14,11
420435,0,2,1986,0,0,0,13,0,0,0,0,27,0
420435,1,1,1986,0,0,0,0,0,7,0,0,17,0
420436,0,1,1986,0,0,0,0,0,0,0,0,0,0
420436,1,1,1986,0,0,12,0,0,0,0,0,0,0
420437,1,1,1986,18,18,18,18,18,18,18,18,18,18
420438,1,1,1986,23,18,9,25,0,0,0,0,13,0
420438,2,1,1986,0,0,0,0,0,0,0,0,0,0
420439,1,1,1986,17,17,17,17,17,17,17,17,17,17
420440,1,1,1986,5,5,5,5,5,5,5,5,5,5
420440,2,1,1986,6,6,6,6,6,6,6,6,6,6
420441,1,1,1986,15,12,0,0,0,0,0,0,0,0
420442,1,1,1986,0,6,0,0,0,20,0,0,0,0
420442,2,1,1986,0,0,0,0,0,0,0,0,0,0
420443,1,1,1986,0,0,0,0,0,0,0,11,0,0
420444,1,1,1986,24,24,24,24,24,24,24,24,24,24
420445,1,1,1986,6,6,6,6,6,6,6,6,6,6
420446,1,1,1986,10,16,17,0,9,6,0,3,10,0
420446,2,1,1986,0,4,0,0,0,0,0,4,0,15
420447,1,1,1986,7,16,25,0,0,10,16,14,10,10
420448,1,1,1986,15,15,15,15,15,15,15,15,15,15
420449,1,1,1986,26,26,26,26,26,26,26,26,26,26
420450,1,1,1986,0,0,0,0,0,0,0,0,5,0
420451,0,1,1986,0,0,0,0,0,0,0,0,0,0
420451,1,1,1986,0,0,0,0,0,0,0,0,0,0
420452,1,1,1986,0,0,0,0,0,0,0,0,0,0
420452,2,1,1986,0,0,0,0,0,0,0,0,0,0
420453,0,1,1986,0,0,0,0,0,0,0,0,0,0
420453,1,1,1986,0,0,0,0,0,0,0,0,0,0
420454,1,1,1986,0,0,0,0,5,0,0,0,0,0
420454,2,1,1986,0,32,28,0,8,0,0,0,0,0
420455,1,1,1986,11,11,11,11,11,11,11,11,11,11
420455,2,1,1986,0,0,0,0,0,0,0,0,0,0
420456,1,1,1986,0,0,0,0,0,0,28,0,0,0
420457,1,1,1986,8,8,8,8,8,8,8,8,8,8
420457,2,1,1986,0,0,0,0,0,0,0,0,0,0
420457,3,1,1986,0,0,23,0,0,7,0,0,0,0
420458,1,1,1986,0,0,0,0,0,0,0,0,0,0
420458,2,1,1986,0,2,0,0,0,0,0,0,0,0
420459,1,1,1986,10,10,10,10,10,10,10,10,10,10
420460,0,1,1986,0,0,0,0,0,0,0,0,0,0
420460,1,1,1986,14,0,0,0,0,0,0,0,18,0
420461,1,1,1986,3,0,0,0,0,0,0,0,3,0
420461,2,1,1986,5,5,5,5,5,5,5,5,5,5
420462,1,1,1986,23,23,23,23,23,23,23,23,23,23
420463,1,1,1986,33,23,27,0,19,8,9,10,11,11
420464,1,1,1986,12,12,12,12,12,12,12,12,12,12
420464,2,1,1986,0,0,0,0,0,0,0,0,0,0
420465,1,1,1986,0,0,0,0,0,0,0,0,0,0
420466,1,1,1986,0,0,0,0,0,0,0,0,0,0
420466,2,1,1986,0,0,0,0,0,0,0,0,0,0
420467,1,1,1986,0,0,0,0,0,0,0,0,0,0
420468,1,1,1986,13,13,13,13,13,13,13,13,13,13
420469,1,1,1986,0,0,0,0,0,0,0,0,6,0
420469,2,1,1986,0,0,0,0,0,0,0,0,0,0
420469,3,1,1986,0,0,0,0,0,0,0,0,0,0
420470,1,1,1986,17,20,29,42,12,29,10,36,24,10
420471,1,1,1986,18,18,18,18,18,18,18,18,18,18
420472,1,1,1986,2,2,2,2,2,2,2,2,2,2
420473,1,1,1986,0,0,0,0,0,0,0,0,0,0
420473,2,1,1986,0,0,0,0,0,0,0,0,0,0
420474,1,1,1986,0,0,0,0,0,0,0,0,0,0
420475,0,1,1986,18,18,18,18,18,18,18,18,18,18
420475,1,1,1986,11,11,11,11,11,11,11,11,11,11
420476,1,1,1986,31,31,31,31,31,31,31,31,31,31
420477,1,1,1986,21,21,21,21,21,21,21,21,21,21
420477,2,1,1986,0,0,0,0,6,0,0,0,0,0
420478,1,1,1986,5,5,5,5,5,5,5,5,5,5
420479,0,1,1986,0,0,0,0,0,0,0,0,0,0
420479,1,1,1986,22,0,10,24,12,18,9,5,11,13
420480,1,1,1986,0,0,0,0,0,0,0,0,0,0
420480,2,1,1986,0,0,0,0,0,0,0,0,0,0
420481,1,1,1986,29,29,29,29,29,29,29,29,29,29
420482,1,1,1986,20,20,20,20,20,20,20,20,20,20
420483,1,1,1986,0,0,0,0,0,0,0,0,0,0
420484,1,1,1986,0,0,0,0,0,0,0,0,0,0
420485,1,1,1986,0,0,0,0,0,0,0,0,0,0
420485,2,1,1986,0,0,0,0,0,0,0,0,0,0
420486,1,1,1986,12,15,26,7,8,21,13,9,14,8
420486,2,1,1986,11,11,11,11,11,11,11,11,11,11
420487,1,1,1986,0,0,0,0,0,0,0,0,0,0
420487,2,1,1986,0,0,0,0,0,0,0,0,0,0
420488,1,1,1986,0,0,0,0,0,0,0,0,0,0
420488,2,1,1986,0,0,0,0,0,0,0,0,0,0
420489,1,1,1986,0,0,0,8,0,0,0,0,0,0
420489,2,1,1986,0,0,0,0,0,0,0,0,5,0
420490,1,1,1986,0,0,0,0,0,0,0,0,0,0
420490,2,1,1986,0,0,0,0,0,0,0,0,6,0
420491,1,1,1986,0,0,0,0,0,0,0,0,6,0
420492,1,1,1986,3,3,3,3,3,3,3,3,3,3
420493,1,1,1986,14,14,14,14,14,14,14,14,14,14
420494,1,1,1986,0,0,0,0,0,0,0,0,0,0
420494,2,1,1986,0,0,0,0,0,0,0,0,0,0
420495,1,1,1986,18,18,18,18,18,18,18,18,18,18
420496,1,1,1986,13,13,13,13,13,13,13,13,13,13
420496,2,1,1986,0,0,0,0,0,0,0,0,0,0
420497,1,1,1986,0,0,0,0,0,0,0,0,0,0
420498,1,1,1986,0,0,0,0,0,0,0,0,0,0
420499,1,1,1986,18,18,18,18,18,18,18,18,18,18
420500,1,1,1986,21,21,21,21,21,21,21,21,21,21
420501,1,1,1986,0,0,0,0,0,0,0,0,0,0
420501,2,1,1986,19,19,19,19,19,19,19,19,19,19
420502,0,1,1986,0,0,0,0,0,0,0,0,0,0
420502,1,1,1986,0,0,0,0,0,0,0,0,0,0
420503,1,1,1986,19,12,13,15,10,31,19,9,14,5
420503,2,1,1986,13,13,13,13,13,13,13,13,13,13
420504,1,1,1986,25,25,25,25,25,25,25,25,25,25
420505,1,1,1986,1,1,1,1,1,1,1,1,1,1
420506,1,1,1986,0,0,0,0,0,0,0,0,0,0
420506,2,1,1986,0,0,0,0,0,0,0,0,0,0
420507,1,1,1986,8,8,8,8,8,8,8,8,8,8
420508,1,1,1986,0,0,0,0,0,0,0,0,0,0
420508,2,1,1986,0,0,0,0,0,0,0,0,0,0
420509,1,1,1986,0,0,0,0,0,0,0,0,0,0
420510,1,1,1986,0,0,0,0,0,0,0,0,0,0
420511,0,1,1986,23,23,23,23,23,23,23,23,23,23
420511,1,1,1986,15,15,15,15,15,15,15,15,15,15
420512,1,1,1986,0,0,0,0,0,0,0,0,0,0
420513,0,1,1986,0,0,0,0,0,0,0,0,0,0
420513,1,1,1986,0,0,0,0,0,0,0,0,0,0
420514,0,1,1986,0,0,0,0,0,0,0,0,0,0
420514,1,1,1986,0,0,0,0,0,0,0,0,0,0
420515,1,1,1986,26,26,26,26,26,26,26,26,26,26
420516,1,1,1986,0,0,0,0,0,0,0,0,0,5
420516,2,1,1986,0,0,0,0,0,0,0,10,0,0
420517,1,1,1986,15,0,6,18,19,14,13,2,0,14
420518,1,1,1986,21,21,21,21,21,21,21,21,21,21
420518,2,1,1986,0,7,0,0,0,0,0,0,17,25
420519,1,1,1986,0,0,0,0,0,0,0,0,0,0
420519,2,1,1986,0,0,0,0,0,0,0,0,0,0
420519,3,1,1986,0,0,0,0,0,15,23,0,0,16
420520,1,1,1986,15,27,28,22,33,30,10,15,17,35
420521,1,1,1986,12,12,12,12,12,12,12,12,12,12
420522,1,1,1986,16,16,16,16,16,16,16,16,16,16
420523,1,1,1986,0,0,0,0,0,0,0,0,0,0
420523,2,1,1986,10,18,0,0,0,0,12,0,18,0
420524,1,1,1986,15,15,15,15,15,15,15,15,15,15
420526,0,1,1986,0,0,0,0,0,0,0,0,0,0
420526,1,1,1986,0,0,0,0,0,0,0,0,0,0
420527,1,1,1986,29,29,29,29,29,29,29,29,29,29
420527,2,1,1986,16,16,16,16,16,16,16,16,16,16
420528,1,1,1986,0,0,0,0,0,0,0,0,0,0
420528,2,1,1986,0,0,0,0,0,0,0,20,0,0
420529,1,1,1986,14,14,14,14,14,14,14,14,14,14
420529,2,1,1986,0,0,0,0,0,0,0,0,0,0
420530,1,1,1986,25,25,25,25,25,25,25,25,25,25
420531,1,1,1986,24,35,17,21,12,17,21,35,29,31
420532,1,1,1986,0,0,0,0,0,0,0,0,0,0
420532,2,1,1986,0,0,0,0,0,0,0,0,0,0
420533,1,1,1986,24,24,24,24,24,24,24,24,24,24
420534,1,1,1986,0,0,0,0,0,0,0,0,0,0
420534,2,1,1986,0,0,0,0,0,0,0,0,0,0
420535,1,1,1986,0,0,0,0,0,0,0,0,0,0
420535,2,1,1986,0,0,0,0,0,0,0,0,0,0
420536,1,1,1986,43,43,43,43,43,43,43,43,43,43
420537,1,1,1986,14,14,14,14,14,14,14,14,14,14
420538,1,1,1986,21,21,21,21,21,21,21,21,21,21
420538,2,1,1986,0,0,0,0,0,0,0,0,0,0
420539,1,1,1986,0,0,0,15,0,0,0,0,0,0
420539,2,1,1986,5,5,5,5,5,5,5,5,5,5
420540,1,1,1986,0,0,0,0,0,0,0,0,0,0
420540,2,1,1986,0,0,0,0,0,0,0,0,0,0
420541,1,1,1986,0,0,15,0,0,0,0,0,0,0
420541,2,1,1986,0,0,0,0,0,0,0,0,0,0
420542,1,1,1986,8,8,8,8,8,8,8,8,8,8
420543,1,1,1986,10,10,10,10,10,10,10,10,10,10
420543,2,1,1986,0,0,0,0,0,0,0,0,0,0
420544,1,1,1986,0,0,0,0,0,0,0,0,0,0
420545,1,1,1986,25,15,27,17,36,16,10,11,32,23
420546,1,1,1986,0,0,24,0,20,0,0,0,0,19
420546,2,1,1986,0,0,0,0,14,0,0,0,0,0
420546,3,1,1986,0,0,0,0,0,0,0,0,0,0
420547,1,1,1986,32,43,3,8,15,7,13,13,4,24
420548,1,1,1986,23,23,23,23,23,23,23,23,23,23
420549,1,1,1986,16,16,16,16,16,16,16,16,16,16
420549,2,1,1986,0,0,0,0,0,0,0,0,0,0
420550,1,1,1986,14,14,14,14,14,14,14,14,14,14
420551,1,1,1986,0,0,0,0,0,0,0,0,0,0
420552,0,1,1986,0,0,0,0,0,0,0,0,0,0
420552,1,1,1986,0,0,0,0,4,0,0,0,0,0
420553,1,1,1986,16,16,16,16,16,16,16,16,16,16
420554,1,1,1986,17,17,17,17,17,17,17,17,17,17
420555,1,1,1986,12,12,12,12,12,12,12,12,12,12
420556,1,1,1986,0,16,0,8,0,9,0,6,0,0
420556,2,1,1986,22,22,22,22,22,22,22,22,22,22
420557,1,1,1986,0,0,0,0,6,0,0,0,0,0
420557,2,1,1986,11,0,0,0,0,7,0,0,0,0
420557,3,1,1986,0,0,0,0,0,0,0,0,0,0
420558,1,1,1986,20,20,20,20,20,20,20,20,20,20
420559,0,1,1986,12,12,12,12,12,12,12,12,12,12
420559,1,1,1986,12,12,14,0,0,0,33,17,0,0
420560,1,1,1986,19,19,19,19,19,19,19,19,19,19
420561,1,1,1986,0,0,0,0,0,0,0,0,0,0
420561,2,1,1986,0,0,0,0,13,0,0,0,0,0
420562,0,1,1986,0,0,0,0,0,0,0,0,0,0
420562,1,1,1986,0,0,0,0,0,0,0,0,0,0
420563,1,1,1986,13,13,13,13,13,13,13,13,13,13
420563,2,1,1986,11,11,11,11,11,11,11,11,11,11
420564,1,1,1986,0,0,0,0,0,0,0,0,0,0
420564,2,1,1986,0,0,0,0,0,0,0,0,0,0
420565,1,1,1986,12,20,37,17,24,29,9,11,13,7
420566,1,1,1986,6,6,6,6,6,6,6,6,6,6
420566,2,1,1986,0,0,0,0,0,0,0,0,0,0
420567,1,1,1986,21,21,21,21,21,21,21,21,21,21
420568,1,1,1986,24,24,24,24,24,24,24,24,24,24
420569,1,1,1986,0,0,0,0,0,0,0,0,0,0
420569,2,1,1986,0,0,0,0,0,0,0,0,0,10
420570,1,1,1986,0,0,0,0,0,0,0,0,0,0
420571,0,1,1986,28,28,28,28,28,28,28,28,28,28
420571,1,1,1986,11,0,0,7,0,0,11,0,0,0
420572,0,1,1986,0,0,0,0,0,0,0,0,0,0
420572,1,1,1986,0,0,0,0,0,0,0,0,0,0
420573,1,1,1986,11,11,11,11,11,11,11,11,11,11
420574,1,1,1986,0,0,0,0,0,0,0,0,0,0
420575,1,1,1986,8,8,8,8,8,8,8,8,8,8
420576,1,1,1986,12,12,12,12,12,12,12,12,12,12
420577,1,1,1986,0,11,0,0,0,0,27,0,0,0
420577,2,1,1986,0,0,0,0,0,0,0,0,0,0
420578,1,1,1986,10,10,10,10,10,10,10,10,10,10
420579,1,1,1986,18,0,0,0,0,5,0,0,17,0
420580,1,1,1986,0,0,0,0,0,0,0,0,0,0
420580,2,1,1986,1,1,1,1,1,1,1,1,1,1
420581,0,1,1986,6,0,0,0,0,0,0,12,11,0
420581,1,1,1986,0,0,0,0,0,0,0,0,30,0
420582,1,1,1986,0,0,0,0,0,0,0,0,0,0
420583,1,1,1986,0,0,0,0,0,0,0,0,0,0
420584,1,1,1986,0,0,0,0,0,0,0,0,0,0
420584,2,1,1986,0,0,0,0,0,0,0,0,0,0
420585,0,1,1986,0,0,0,0,0,0,0,0,0,0
420585,1,1,1986,0,0,0,0,0,0,0,0,0,0
420586,1,1,1986,15,15,15,15,15,15,15,15,15,15
420586,2,1,1986,0,0,0,0,0,0,0,0,0,0
420587,1,1,1986,0,0,0,0,0,0,0,0,0,0
420587,2,1,1986,11,11,11,11,11,11,11,11,11,11
420588,1,1,1986,14,14,14,14,14,14,14,14,14,14
420588,2,1,1986,0,0,0,0,0,0,0,0,0,0
420590,1,1,1986,23,23,23,23,23,23,23,23,23,23
420590,2,1,1986,0,0,0,0,0,0,0,0,0,0
420592,0,1,1986,0,0,0,0,32,0,0,6,0,36
420592,1,1,1986,0,0,0,0,0,0,0,0,0,0
420593,1,1,1986,16,16,16,16,16,16,16,16,16,16
420593,2,1,1986,17,0,0,0,6,26,12,19,0,0
420594,1,1,1986,0,0,0,15,22,0,0,0,8,0
420594,2,1,1986,0,0,0,0,0,0,0,0,0,0
420595,1,1,1986,10,30,24,17,24,0,8,5,41,15
420595,2,1,1986,0,0,0,0,0,0,13,0,0,0
420596,1,1,1986,0,0,0,0,0,0,0,0,0,0
420596,2,1,1986,0,0,0,0,0,0,0,0,0,0
420597,0,1,1986,0,0,0,0,0,0,0,0,0,0
420597,1,1,1986,0,0,0,0,0,0,0,9,0,0
420598,1,1,1986,0,0,0,0,0,0,0,0,0,0
420599,0,1,1986,5,5,5,5,5,5,5,5,5,5
420599,0,2,1986,5,5,5,5,5,5,5,5,5,5
420599,1,1,1986,0,0,0,0,0,0,0,0,0,0
420600,1,1,1986,0,0,0,0,0,0,0,0,0,0
420600,2,1,1986,0,0,0,0,0,0,0,6,0,0
420601,1,1,1986,0,0,0,0,0,0,0,0,20,0
420601,2,1,1986,0,0,0,0,0,0,0,11,0,0
420602,1,1,1986,0,0,0,0,0,0,0,0,0,0
420603,1,1,1986,0,0,0,0,0,0,0,0,0,0
420604,0,1,1986,0,0,0,0,0,0,0,0,0,0
420604,1,1,1986,0,7,0,0,0,0,0,0,0,0
420605,1,1,1986,14,18,14,20,18,25,18,0,27,18
420606,0,1,1986,0,0,0,0,0,0,0,0,0,0
420606,1,1,1986,0,0,0,0,0,0,0,0,0,0
420607,0,1,1986,0,0,0,0,0,0,0,0,0,0
420607,1,1,1986,0,0,13,0,0,0,0,0,8,0
420608,1,1,1986,29,29,29,29,29,29,29,29,29,29