ST_CASE,VEH_NO,PER_NO,YEAR,P1,P2,P3,P4,P5,P6,P7,P8,P9,P10
480796,1,1,1986,23,23,23,23,23,23,23,23,23,23
480797,1,1,1986,15,0,19,24,0,0,24,0,13,2
480798,0,1,1986,14,14,14,14,14,14,14,14,14,14
480798,1,1,1986,4,0,15,0,20,0,20,0,0,0
480799,1,1,1986,22,22,22,22,22,22,22,22,22,22
480800,1,1,1986,0,0,0,0,0,0,0,0,0,0
480800,2,1,1986,0,0,0,0,0,0,3,23,0,0
480801,1,1,1986,10,10,10,10,10,10,10,10,10,10
480802,1,1,1986,0,0,0,0,0,0,0,0,0,0
480802,2,1,1986,0,0,0,0,0,0,0,0,0,0
480803,0,1,1986,0,0,0,0,0,0,0,0,0,0
480803,1,1,1986,0,0,0,0,0,0,0,0,0,0
480804,1,1,1986,0,16,24,13,0,10,16,17,12,14
480805,1,1,1986,19,0,33,20,13,20,29,22,13,14
480806,0,1,1986,25,25,25,25,25,25,25,25,25,25
480806,1,1,1986,0,0,0,0,0,0,0,0,0,0
480807,1,1,1986,0,0,0,0,0,0,0,0,0,0
480807,2,1,1986,0,0,0,0,0,0,0,0,0,0
480807,3,1,1986,0,0,0,0,0,0,0,0,0,5
480808,1,1,1986,11,11,11,11,11,11,11,11,11,11
480809,1,1,1986,15,15,15,15,15,15,15,15,15,15
480810,0,1,1986,0,0,0,0,0,22,0,0,0,0
480810,1,1,1986,9,9,9,9,9,9,9,9,9,9
480811,1,1,1986,16,16,16,16,16,16,16,16,16,16
480812,1,1,1986,20,20,20,20,20,20,20,20,20,20
480813,1,1,1986,0,6,12,0,19,0,0,16,18,14
480814,1,1,1986,0,0,0,0,0,0,0,0,0,0
480814,2,1,1986,0,0,0,0,0,0,0,16,11,0
480815,1,1,1986,12,11,17,22,22,11,13,15,17,21
480816,1,1,1986,20,20,20,20,20,20,20,20,20,20
480817,1,1,1986,15,15,15,15,15,15,15,15,15,15
480818,1,1,1986,19,19,19,19,19,19,19,19,19,19
480818,2,1,1986,0,0,0,0,0,0,0,0,0,0
480819,1,1,1986,0,0,0,18,0,0,0,0,0,0
480819,2,1,1986,18,18,18,18,18,18,18,18,18,18
480820,1,1,1986,0,18,0,0,15,0,0,0,0,0
480820,2,1,1986,14,14,14,14,14,14,14,14,14,14
480821,1,1,1986,21,13,7,22,23,17,12,23,10,25
480822,1,1,1986,27,27,27,27,27,27,27,27,27,27
480823,0,1,1986,0,0,0,0,0,0,0,0,0,0
480823,1,1,1986,2,9,0,14,13,2,12,11,0,0
480824,0,1,1986,13,13,13,13,13,13,13,13,13,13
480824,0,2,1986,0,0,17,14,5,30,27,9,29,43
480824,1,1,1986,0,0,7,0,0,0,0,19,10,0
480825,0,1,1986,0,0,7,6,10,0,17,16,9,0
480825,1,1,1986,0,0,0,14,13,0,6,0,0,0
480826,1,1,1986,0,30,8,12,0,5,20,19,17,24
480827,1,1,1986,22,6,16,4,0,12,0,0,9,7
480827,2,1,1986,0,10,0,5,0,0,27,0,0,0
480828,1,1,1986,17,17,17,17,17,17,17,17,17,17
480828,2,1,1986,49,49,49,49,49,49,49,49,49,49
480829,1,1,1986,20,20,20,20,20,20,20,20,20,20
480830,0,1,1986,17,17,17,17,17,17,17,17,17,17
480830,1,1,1986,18,20,18,14,0,20,0,10,0,0
480831,1,1,1986,0,0,0,19,0,0,5,0,0,0
480831,2,1,1986,22,0,14,0,11,0,0,0,0,5
480832,1,1,1986,10,10,10,10,10,10,10,10,10,10
480833,1,1,1986,14,14,14,14,14,14,14,14,14,14
480833,2,1,1986,0,0,0,0,0,0,0,0,0,0
480833,3,1,1986,0,0,0,0,0,0,0,0,0,0
480834,1,1,1986,0,0,0,0,0,0,0,0,0,0
480834,2,1,1986,0,0,7,0,0,0,0,0,0,3
480834,3,1,1986,0,0,0,0,0,0,0,6,0,0
480835,1,1,1986,21,21,21,21,21,21,21,21,21,21
480836,1,1,1986,11,24,0,0,21,9,20,11,17,14
480837,1,1,1986,21,35,28,20,25,34,16,26,14,10
480838,1,1,1986,15,15,15,15,15,15,15,15,15,15
480839,1,1,1986,0,0,0,9,0,0,0,0,9,0
480839,2,1,1986,0,0,0,0,0,0,0,0,0,0
480840,1,1,1986,18,18,18,18,18,18,18,18,18,18
480841,1,1,1986,30,15,12,16,21,0,29,16,12,0
480842,0,1,1986,0,0,0,0,0,0,0,0,0,0
480842,1,1,1986,0,0,0,0,0,0,0,0,0,0
480843,0,1,1986,0,0,0,0,0,0,0,0,0,0
480843,1,1,1986,0,4,0,7,0,0,0,0,8,0
480844,1,1,1986,21,21,21,21,21,21,21,21,21,21
480845,1,1,1986,23,23,23,23,23,23,23,23,23,23
480846,1,1,1986,16,16,16,16,16,16,16,16,16,16
480847,0,1,1986,14,14,14,14,14,14,14,14,14,14
480847,1,1,1986,0,0,0,0,0,0,0,0,0,0
480848,1,1,1986,20,0,0,34,0,21,18,0,0,16
480849,1,1,1986,1,1,1,1,1,1,1,1,1,1
480850,1,1,1986,0,0,0,0,0,0,0,0,0,0
480850,2,1,1986,0,0,0,0,0,0,0,0,0,0
480850,3,1,1986,0,0,0,0,0,0,0,0,0,0
480851,1,1,1986,18,0,0,30,0,0,0,7,0,20
480852,1,1,1986,11,19,17,16,12,5,9,9,21,3
480852,2,1,1986,0,0,0,0,0,0,5,0,0,0
480853,1,1,1986,4,8,16,0,5,0,0,4,12,30
480854,1,1,1986,0,0,0,0,0,0,0,0,0,0
480854,2,1,1986,0,0,0,0,0,0,0,0,0,0
480854,3,1,1986,0,0,6,0,0,0,26,0,0,0
480855,1,1,1986,0,0,0,0,0,0,0,0,0,0
480855,2,1,1986,0,0,0,0,0,0,0,0,0,0
480858,1,1,1986,0,0,3,0,0,0,0,0,0,0
480858,2,1,1986,0,0,0,0,0,0,0,0,6,0
480859,2,1,1986,18,29,19,25,24,22,7,10,10,18
480860,1,1,1986,0,0,0,0,0,0,0,0,0,0
480860,2,1,1986,0,18,0,0,0,0,19,0,0,14
480861,1,1,1986,1,1,1,1,1,1,1,1,1,1
480861,2,1,1986,0,0,0,0,0,0,0,12,0,0
480862,1,1,1986,0,0,9,0,0,0,16,0,0,0
480863,1,1,1986,0,0,0,0,6,0,0,0,0,0
480863,2,1,1986,0,0,0,0,0,0,0,0,0,0
480863,3,1,1986,0,0,10,0,0,0,0,0,0,0
480864,0,1,1986,0,0,12,0,0,0,0,0,0,0
480864,1,1,1986,0,0,0,0,0,0,0,0,0,0
480865,0,1,1986,19,0,16,19,2,21,29,28,14,19
480865,1,1,1986,0,0,0,0,0,0,0,17,0,0
480866,1,1,1986,8,8,8,8,8,8,8,8,8,8
480867,0,1,1986,17,17,17,17,17,17,17,17,17,17
480867,1,1,1986,0,0,0,21,0,0,6,0,0,12
480867,2,1,1986,0,0,19,0,0,0,0,0,6,0
480867,3,1,1986,12,10,0,0,0,0,0,0,0,0
480868,0,1,1986,20,9,16,16,20,5,28,18,46,17
480868,1,1,1986,33,13,0,10,0,15,2,9,6,10
480869,1,1,1986,18,18,18,18,18,18,18,18,18,18
480870,1,1,1986,0,0,0,0,0,0,0,0,0,0
480871,1,1,1986,11,8,2,0,7,0,12,4,12,15
480871,2,1,1986,0,0,0,0,3,0,0,0,0,0
480871,3,1,1986,0,0,0,0,0,0,0,0,0,0
480872,1,1,1986,20,10,19,3,14,0,11,0,16,13
480873,0,1,1986,0,0,0,0,0,0,0,0,0,0
480873,1,1,1986,8,8,8,8,8,8,8,8,8,8
480874,1,1,1986,0,0,0,0,0,0,0,0,0,0
480874,2,1,1986,0,0,0,0,0,0,0,0,0,0
480875,1,1,1986,16,16,16,16,16,16,16,16,16,16
480876,1,1,1986,26,26,26,26,26,26,26,26,26,26
480876,2,1,1986,0,0,0,0,0,0,0,0,14,3
480877,0,1,1986,0,0,0,0,0,0,0,0,0,0
480877,1,1,1986,0,10,0,0,17,0,0,0,0,0
480878,1,1,1986,23,19,6,8,0,26,20,27,14,9
480879,1,1,1986,23,8,12,0,25,20,18,14,0,15
480880,1,1,1986,0,0,0,0,0,0,0,0,0,0
480880,2,1,1986,0,0,0,0,12,0,0,0,0,0
480880,3,1,1986,0,0,0,0,0,0,0,0,0,0
480881,1,1,1986,28,28,28,28,28,28,28,28,28,28
480881,2,1,1986,0,0,0,0,20,0,0,0,21,24
480882,1,1,1986,12,14,24,0,0,0,0,0,0,28
480882,2,1,1986,13,0,0,15,21,0,10,23,0,9
480883,1,1,1986,0,29,21,0,0,0,11,11,22,7
480883,2,1,1986,0,0,0,6,12,0,0,17,0,0
480884,1,1,1986,0,0,0,0,0,0,0,0,0,0
480884,2,1,1986,23,0,14,0,0,12,0,0,0,0
480885,1,1,1986,0,11,15,13,15,19,0,25,0,27
480886,0,1,1986,20,30,0,35,0,12,21,26,6,41
480886,1,1,1986,0,7,16,6,21,15,21,6,21,10
480887,0,1,1986,0,0,0,0,0,0,0,0,0,0
480887,1,1,1986,0,0,0,0,0,0,0,0,0,0
480888,0,1,1986,0,0,0,0,0,13,0,0,0,0
480888,1,1,1986,0,0,14,0,0,0,0,0,0,0
480889,0,1,1986,17,17,17,17,17,17,17,17,17,17
480889,1,1,1986,0,0,0,15,0,0,14,0,0,0
480890,1,1,1986,27,27,27,27,27,27,27,27,27,27
480890,2,1,1986,0,0,0,0,0,0,0,0,0,0
480891,1,1,1986,12,9,10,24,3,17,5,13,15,20
480891,2,1,1986,17,15,6,18,21,14,11,14,8,17
480892,0,1,1986,22,27,0,35,16,30,0,0,0,12
480892,1,1,1986,7,13,0,0,0,10,0,14,0,0
480893,1,1,1986,34,34,34,34,34,34,34,34,34,34
480893,2,1,1986,18,18,18,18,18,18,18,18,18,18
480894,1,1,1986,0,0,0,11,0,0,0,0,0,12
480894,2,1,1986,0,0,0,0,0,0,0,0,0,0
480895,1,1,1986,16,16,16,16,16,16,16,16,16,16
480896,1,1,1986,0,0,0,0,0,0,0,0,0,0
480896,2,1,1986,0,0,0,0,0,0,0,0,16,0
480897,1,1,1986,8,8,8,8,8,8,8,8,8,8
480897,2,1,1986,6,6,6,6,6,6,6,6,6,6
480898,1,1,1986,0,0,28,8,0,0,0,0,0,0
480899,0,1,1986,0,0,0,0,0,0,0,0,0,0
480899,0,2,1986,0,0,0,0,0,0,0,0,0,0
480899,0,3,1986,0,0,0,0,0,0,0,0,0,16
480899,1,1,1986,6,0,0,0,0,9,34,0,16,0
480900,1,1,1986,0,0,0,0,0,0,0,8,0,0
480900,2,1,1986,34,34,34,34,34,34,34,34,34,34
480901,0,1,1986,19,23,35,24,23,18,16,55,30,29
480901,1,1,1986,0,0,0,0,8,0,0,0,0,0
480902,1,1,1986,11,11,11,11,11,11,11,11,11,11
480903,0,1,1986,0,0,0,0,0,0,0,0,0,0
480903,1,1,1986,0,0,0,0,0,0,0,0,0,0
480904,1,1,1986,21,21,21,21,21,21,21,21,21,21
480905,1,1,1986,12,13,12,18,19,0,19,9,0,11
480906,1,1,1986,0,0,0,0,0,0,0,0,0,0
480907,0,1,1986,38,38,38,38,38,38,38,38,38,38
480907,1,1,1986,31,4,10,0,0,0,22,0,23,0
480908,0,1,1986,0,0,0,0,0,0,0,0,0,0
480908,1,1,1986,0,22,10,0,0,0,0,8,0,0
480909,1,1,1986,0,0,0,0,0,0,0,0,14,0
480909,2,1,1986,0,0,9,0,0,0,0,0,0,0
480909,3,1,1986,0,0,0,0,0,0,0,0,0,0
480909,4,1,1986,0,0,0,0,0,0,0,0,0,0
480910,1,1,1986,10,20,0,24,2,25,35,9,19,15
480911,1,1,1986,14,14,14,14,14,14,14,14,14,14
480911,2,1,1986,3,0,19,12,0,21,11,17,18,10
480912,0,1,1986,27,27,27,27,27,27,27,27,27,27
480912,1,1,1986,22,22,22,22,22,22,22,22,22,22
480913,1,1,1986,0,56,0,11,0,10,0,0,0,13
480913,2,1,1986,16,16,16,16,16,16,16,16,16,16
480914,1,1,1986,6,0,0,0,0,0,0,0,4,0
480914,2,1,1986,0,9,6,0,0,0,8,0,0,0
480914,3,1,1986,0,0,0,0,0,12,0,0,0,0
480914,4,1,1986,0,0,0,0,0,0,0,7,0,0
480915,1,1,1986,20,0,0,0,0,0,28,0,23,0
480915,2,1,1986,0,0,0,0,0,0,0,0,0,0
480916,0,1,1986,0,0,0,0,14,18,0,0,0,0
480916,1,1,1986,0,0,0,0,0,0,0,0,0,4
480917,1,1,1986,11,11,11,11,11,11,11,11,11,11
480918,1,1,1986,12,12,12,12,12,12,12,12,12,12
480918,2,1,1986,9,0,0,0,0,0,12,0,0,0
480919,1,1,1986,0,0,0,0,0,0,0,0,0,0
480919,2,1,1986,0,0,0,0,0,0,0,0,0,0
480920,1,1,1986,0,0,0,0,0,0,0,0,0,3
480920,2,1,1986,0,0,0,0,0,0,0,0,0,0
480921,1,1,1986,20,20,20,20,20,20,20,20,20,20
480922,1,1,1986,0,0,0,0,0,0,0,0,8,0
480922,2,1,1986,0,14,0,0,0,0,0,0,0,0
480923,1,1,1986,13,13,13,13,13,13,13,13,13,13
480924,1,1,1986,7,7,7,7,7,7,7,7,7,7
480925,1,1,1986,15,15,15,15,15,15,15,15,15,15
480926,0,1,1986,0,0,0,0,0,0,0,0,0,0
480926,1,1,1986,0,11,0,0,9,0,0,0,0,0
480927,1,1,1986,20,9,15,16,17,12,9,10,8,25
480928,0,1,1986,21,21,21,21,21,21,21,21,21,21
480928,1,1,1986,0,0,0,0,0,0,0,0,0,0
480929,1,1,1986,0,0,0,0,0,0,0,0,0,0
480930,1,1,1986,0,0,0,0,0,0,0,0,0,0
480930,2,1,1986,0,0,0,0,0,0,0,0,0,0
480931,1,1,1986,32,32,32,32,32,32,32,32,32,32
480931,2,1,1986,14,20,17,17,12,0,0,34,11,4
480932,1,1,1986,0,13,0,0,0,0,0,0,0,0
480932,2,1,1986,0,0,0,0,0,0,0,3,0,0
480933,0,1,1986,0,0,0,0,0,0,0,0,0,0
480933,1,1,1986,0,0,0,0,12,0,0,0,0,0
480934,1,1,1986,20,0,0,0,22,0,0,0,0,0
480934,2,1,1986,6,6,6,6,6,6,6,6,6,6
480935,1,1,1986,0,0,0,0,0,0,0,0,0,0
480936,1,1,1986,0,0,0,0,0,0,0,0,0,0
480937,1,1,1986,11,11,11,11,11,11,11,11,11,11
480938,1,1,1986,25,10,4,13,2,17,35,3,9,15
480939,1,1,1986,0,0,0,13,16,0,0,0,0,0
480939,2,1,1986,0,0,0,0,0,0,0,0,0,0
480940,1,1,1986,0,0,0,0,0,10,0,0,0,0
480940,2,1,1986,0,0,0,0,0,0,0,0,0,0
480941,1,1,1986,0,0,0,0,0,0,0,0,0,0
480942,0,1,1986,0,0,0,0,9,22,0,6,0,40
480942,1,1,1986,0,0,0,0,0,7,5,16,0,12
480943,1,1,1986,36,36,36,36,36,36,36,36,36,36
480944,0,1,1986,0,17,0,0,0,31,0,0,0,0
480944,1,1,1986,0,0,0,0,0,0,0,0,0,0
480945,0,1,1986,0,0,0,0,0,0,0,0,0,0
480945,1,1,1986,0,0,0,0,8,10,0,0,0,0
480946,0,1,1986,0,0,0,0,0,2,7,0,20,12
480946,1,1,1986,23,10,0,20,16,8,4,15,16,12
480947,1,1,1986,8,0,15,20,0,0,0,15,0,0
480947,2,1,1986,7,0,0,0,0,0,0,0,0,0
480948,1,1,1986,1,1,1,1,1,1,1,1,1,1
480948,2,1,1986,0,0,0,0,0,0,0,0,0,0
480949,1,1,1986,21,19,0,2,0,12,5,19,24,8
480949,2,1,1986,7,0,9,0,0,0,5,0,0,0
480950,1,1,1986,22,22,22,22,22,22,22,22,22,22
480951,1,1,1986,9,9,9,9,9,9,9,9,9,9
480951,2,1,1986,13,8,19,18,14,25,11,16,20,8
480952,1,1,1986,10,10,10,10,10,10,10,10,10,10
480953,0,1,1986,20,21,32,11,23,8,22,13,10,35
480953,1,1,1986,0,0,0,0,0,0,0,0,0,0
480954,1,1,1986,19,19,19,19,19,19,19,19,19,19
480955,1,1,1986,11,16,0,0,15,0,9,0,8,0
480955,2,1,1986,0,0,0,0,0,0,0,0,0,8
480956,1,1,1986,0,0,0,0,0,0,0,0,0,0
480956,2,1,1986,19,19,19,19,19,19,19,19,19,19
480957,1,1,1986,7,5,0,12,14,0,4,0,6,11
480957,2,1,1986,28,0,24,19,17,0,0,8,20,0
480958,1,1,1986,15,15,15,15,15,15,15,15,15,15
480958,2,1,1986,0,0,0,0,0,0,0,0,0,11
480959,1,1,1986,53,53,53,53,53,53,53,53,53,53
480960,0,1,1986,2,2,2,2,2,2,2,2,2,2
480960,0,2,1986,0,0,0,0,0,0,0,0,0,0
480960,0,3,1986,0,0,0,0,0,0,0,0,0,0
480960,0,4,1986,18,0,8,7,0,0,18,22,14,0
480960,1,1,1986,0,0,0,0,0,0,0,0,0,0
480961,1,1,1986,0,11,0,0,24,0,8,3,0,17
480961,2,1,1986,0,0,0,0,0,0,0,0,0,0
480962,0,1,1986,13,0,12,0,0,7,41,0,0,9
480962,1,1,1986,0,0,9,0,0,0,0,13,0,0
480963,1,1,1986,0,34,0,15,14,2,0,5,0,0
480963,2,1,1986,24,24,24,24,24,24,24,24,24,24
480964,1,1,1986,39,39,39,39,39,39,39,39,39,39
480965,1,1,1986,15,0,16,32,16,0,19,18,16,16
480965,2,1,1986,0,0,0,0,0,0,0,0,0,0
480966,1,1,1986,0,0,0,0,0,0,0,0,0,0
480966,2,1,1986,0,0,0,0,0,0,0,0,0,0
480966,3,1,1986,0,0,0,0,0,0,0,13,0,0
480967,0,1,1986,15,15,15,15,15,15,15,15,15,15
480967,1,1,1986,0,0,0,7,0,0,6,0,0,19
480968,1,1,1986,0,0,34,22,21,10,0,11,19,0
480968,2,1,1986,0,0,0,0,0,0,0,0,0,0
480969,1,1,1986,0,0,0,0,0,0,0,0,0,0
480970,0,1,1986,0,0,0,0,0,0,0,0,0,0
480970,0,2,1986,0,0,0,0,0,0,0,0,0,0
480970,1,1,1986,0,17,0,20,0,14,18,6,9,21
480971,1,1,1986,0,0,0,0,0,0,0,0,0,0
480971,2,1,1986,26,26,26,26,26,26,26,26,26,26
480972,1,1,1986,20,0,22,20,0,0,6,16,19,18
480973,1,1,1986,3,3,3,3,3,3,3,3,3,3
480974,1,1,1986,19,0,0,16,10,8,31,0,7,0
480974,2,1,1986,0,0,0,11,0,0,0,24,21,11
480974,3,1,1986,0,0,0,0,13,0,9,0,26,0
480975,1,1,1986,0,0,0,0,0,0,0,0,0,0
480976,0,1,1986,0,0,0,0,0,0,0,0,0,0
480976,0,2,1986,0,14,5,0,0,0,0,0,0,18
480976,1,1,1986,30,30,30,30,30,30,30,30,30,30
480977,1,1,1986,24,24,24,24,24,24,24,24,24,24
480977,2,1,1986,0,0,0,0,0,0,0,0,0,0
480978,0,1,1986,0,0,25,0,11,16,0,11,0,0
480978,1,1,1986,18,0,32,10,0,21,0,11,14,0
480979,1,1,1986,0,0,0,0,0,0,0,9,0,0
480979,2,1,1986,0,0,0,0,0,0,0,0,0,0
480980,1,1,1986,0,0,0,0,0,0,13,0,0,11
480981,1,1,1986,0,0,0,0,0,0,0,0,0,0
480981,2,1,1986,27,15,27,15,19,0,0,0,11,0
480982,1,1,1986,0,0,9,33,0,11,0,13,9,0
480982,2,1,1986,27,27,27,27,27,27,27,27,27,27
480983,1,1,1986,0,0,0,0,0,0,0,0,0,0
480983,2,1,1986,0,0,3,0,0,0,0,20,17,0
480984,1,1,1986,0,0,18,0,0,0,0,20,0,17
480984,2,1,1986,0,0,0,0,0,0,0,0,0,0
480984,3,1,1986,0,0,0,0,0,0,0,0,0,0
480985,0,1,1986,0,0,0,0,0,0,10,13,0,0
480985,1,1,1986,0,0,20,0,0,16,0,0,0,0
480986,1,1,1986,0,0,0,0,0,12,0,0,6,0
480986,2,1,1986,0,0,0,0,11,0,0,0,0,0
480987,1,1,1986,0,0,6,20,0,0,0,0,0,15
480988,1,1,1986,1,1,1,1,1,1,1,1,1,1
480989,1,1,1986,0,16,0,0,8,26,0,0,0,4
480989,2,1,1986,0,0,0,0,2,0,0,0,0,0
480990,1,1,1986,0,0,0,0,0,0,0,0,0,0
480990,2,1,1986,0,0,0,0,0,0,0,0,0,0
480991,1,1,1986,0,0,0,0,0,0,0,0,0,0
480992,1,1,1986,13,21,5,5,0,18,0,19,9,3
480992,2,1,1986,0,0,0,0,0,0,0,0,0,0
480992,3,1,1986,0,0,0,0,0,0,9,14,0,0
480993,1,1,1986,0,0,0,0,0,0,0,0,0,0
480993,2,1,1986,0,0,0,0,0,0,0,0,0,0
480994,1,1,1986,5,0,0,7,0,10,5,16,0,7
480995,1,1,1986,10,10,10,10,10,10,10,10,10,10
480995,2,1,1986,0,0,0,0,0,0,0,0,0,0
480996,1,1,1986,0,0,0,8,19,0,20,0,0,10
480996,2,1,1986,16,16,16,16,16,16,16,16,16,16
480997,0,1,1986,0,22,0,0,10,0,0,0,0,0
480997,1,1,1986,0,0,0,0,0,0,11,0,0,0
480998,1,1,1986,0,0,0,0,0,0,0,0,0,0
480998,2,1,1986,0,0,0,0,0,0,0,0,0,0
480999,0,1,1986,22,33,0,0,0,34,0,0,0,26
480999,1,1,1986,0,6,0,16,0,9,16,7,0,0
481000,1,1,1986,14,14,14,14,14,14,14,14,14,14
481000,2,1,1986,0,0,0,0,13,0,0,0,0,0
481001,1,1,1986,11,9,16,0,6,15,0,22,0,17
481001,2,1,1986,11,15,0,20,9,4,23,0,4,0
481002,1,1,1986,0,0,0,0,0,0,0,0,0,0
481002,2,1,1986,16,16,16,16,16,16,16,16,16,16
481003,1,1,1986,9,9,9,9,9,9,9,9,9,9
481004,1,1,1986,0,0,0,0,13,0,11,0,0,0
481004,2,1,1986,1,1,1,1,1,1,1,1,1,1
481005,1,1,1986,0,0,0,0,0,0,0,0,0,0
481005,2,1,1986,0,0,0,8,0,0,0,0,0,0
481006,1,1,1986,0,19,7,12,8,10,17,10,2,17
481007,1,1,1986,0,28,10,0,13,13,32,19,29,16
481008,1,1,1986,0,0,0,0,0,0,0,0,0,0
481008,2,1,1986,0,6,17,14,6,19,7,0,18,22
481009,1,1,1986,28,28,28,28,28,28,28,28,28,28
481010,1,1,1986,0,18,0,0,7,0,0,0,0,11
481010,2,1,1986,0,0,0,0,0,0,0,0,0,0
481011,1,1,1986,14,14,14,14,14,14,14,14,14,14
481011,2,1,1986,0,0,0,0,0,0,0,0,0,0
481012,0,1,1986,0,0,19,10,0,0,11,23,0,0
481012,0,2,1986,0,0,0,25,13,17,0,0,7,25
481012,0,3,1986,0,0,0,0,0,30,38,0,8,10
481012,0,4,1986,52,11,12,18,2,0,30,0,0,0
481012,1,1,1986,22,22,22,22,22,22,22,22,22,22
481013,1,1,1986,0,0,0,0,0,0,0,0,0,0
481013,2,1,1986,11,0,15,0,0,0,0,0,0,0
481014,1,1,1986,0,0,0,0,0,0,0,0,0,0
481015,1,1,1986,0,10,0,11,20,0,0,0,0,0
481016,1,1,1986,0,0,0,9,0,11,3,0,0,0
481016,2,1,1986,0,0,0,0,0,0,0,0,0,0
481017,1,1,1986,16,0,22,19,12,33,33,23,10,24
481018,1,1,1986,0,0,0,0,0,0,0,0,0,0
481018,2,1,1986,0,0,0,0,0,0,0,0,0,0
481019,1,1,1986,7,7,7,7,7,7,7,7,7,7
481020,0,1,1986,0,0,6,7,8,0,30,0,0,0
481020,1,1,1986,0,21,0,0,0,0,4,0,19,0
481021,1,1,1986,0,0,0,0,0,0,0,0,0,0
481022,1,1,1986,0,0,0,0,0,0,0,0,0,0
481022,2,1,1986,0,0,0,0,0,0,0,0,0,0
481023,1,1,1986,0,24,0,0,0,8,0,0,0,0
481023,2,1,1986,0,0,0,0,0,0,0,0,0,0
481024,0,1,1986,0,0,0,0,0,0,0,0,0,0
481024,1,1,1986,0,0,0,0,0,8,5,0,0,18
481025,1,1,1986,0,0,0,0,0,0,0,0,0,0
481025,2,1,1986,0,0,0,0,0,0,0,0,0,0
481026,1,1,1986,14,7,0,11,0,23,0,9,2,11
481027,1,1,1986,0,0,0,0,0,0,0,0,0,0
481027,2,1,1986,0,0,0,0,0,0,0,0,0,0
481028,1,1,1986,25,25,25,25,25,25,25,25,25,25
481028,2,1,1986,10,0,0,0,17,0,17,0,0,29
481029,0,1,1986,0,0,0,0,0,0,0,0,0,0
481029,1,1,1986,0,0,12,17,0,6,0,0,0,3
481030,0,1,1986,0,0,0,4,10,0,0,7,20,0
481030,1,1,1986,15,15,15,15,15,15,15,15,15,15
481031,1,1,1986,17,35,9,20,6,21,16,15,11,13
481032,1,1,1986,0,0,0,0,0,0,9,0,0,0
481032,2,1,1986,0,10,0,0,7,0,28,0,17,14
481033,0,1,1986,0,6,0,0,0,0,13,17,0,0
481033,0,2,1986,0,0,0,10,3,12,0,0,19,0
481033,1,1,1986,0,10,35,0,0,0,0,0,25,12
481034,1,1,1986,0,14,3,13,0,0,0,0,0,19
481034,2,1,1986,0,4,0,0,0,0,0,0,0,0
481035,1,1,1986,0,11,0,6,7,0,0,7,6,13
481036,1,1,1986,9,23,4,22,3,18,13,15,16,0
481036,2,1,1986,14,30,0,28,43,34,10,38,0,17
481037,1,1,1986,0,0,0,0,0,0,0,0,0,0
481037,2,1,1986,0,0,0,0,20,0,0,0,0,0
481038,1,1,1986,14,14,14,14,14,14,14,14,14,14
481039,0,1,1986,18,0,19,22,36,17,0,27,21,0
481039,1,1,1986,0,0,0,0,0,0,0,0,0,0
481040,1,1,1986,0,0,0,0,0,0,11,0,3,0
481040,2,1,1986,0,0,0,0,0,0,0,0,0,0
481041,1,1,1986,11,0,0,27,0,0,0,0,4,0
481042,1,1,1986,1,1,1,1,1,1,1,1,1,1
481043,1,1,1986,16,0,0,10,0,0,0,0,0,0
481044,1,1,1986,0,11,8,11,0,0,9,0,15,0
481045,1,1,1986,11,11,11,11,11,11,11,11,11,11
481045,2,1,1986,0,0,0,0,0,0,0,0,0,0
481046,1,1,1986,26,26,26,26,26,26,26,26,26,26
481047,1,1,1986,15,15,15,15,15,15,15,15,15,15
481048,1,1,1986,14,10,12,32,18,12,18,16,17,12
481049,1,1,1986,0,0,0,0,0,0,0,0,0,0
481049,2,1,1986,0,5,0,0,0,0,0,0,0,0
481050,1,1,1986,3,0,12,16,18,17,5,8,11,10
481051,1,1,1986,10,10,10,10,10,10,10,10,10,10
481051,2,1,1986,0,0,0,11,0,6,0,6,0,4
481052,0,1,1986,35,27,0,16,17,35,26,23,0,22
481052,1,1,1986,0,0,0,10,0,0,5,0,5,0
481053,1,1,1986,0,0,0,0,0,0,0,0,0,0
481053,2,1,1986,0,0,0,0,0,0,0,0,0,0
481053,3,1,1986,0,0,0,0,0,0,0,0,0,0
481053,4,1,1986,0,0,0,0,0,0,0,0,0,0
481054,1,1,1986,17,17,17,17,17,17,17,17,17,17
481054,2,1,1986,0,15,0,15,12,13,0,16,2,0
481055,1,1,1986,0,0,0,0,0,0,12,0,0,0
481055,2,1,1986,0,8,0,9,0,0,16,14,0,27
481056,0,1,1986,10,0,0,0,0,0,0,0,0,0
481056,1,1,1986,14,14,14,14,14,14,14,14,14,14