ST_CASE,VEH_NO,PER_NO,YEAR,P1,P2,P3,P4,P5,P6,P7,P8,P9,P10
481325,1,1,1986,20,20,20,20,20,20,20,20,20,20
481326,1,1,1986,0,0,0,0,0,0,0,0,0,0
481326,2,1,1986,0,0,0,0,0,0,4,0,0,0
481327,0,1,1986,0,0,25,0,6,0,0,0,12,0
481327,1,1,1986,0,0,0,0,0,0,0,0,0,0
481328,1,1,1986,3,3,3,3,3,3,3,3,3,3
481328,2,1,1986,25,13,15,0,19,12,8,12,2,8
481329,1,1,1986,18,18,18,18,18,18,18,18,18,18
481330,1,1,1986,28,11,0,0,8,16,17,17,0,0
481331,1,1,1986,16,8,17,0,11,11,16,6,3,3
481332,0,1,1986,0,0,0,0,0,0,0,0,0,0
481332,1,1,1986,0,0,0,0,0,0,0,0,0,0
481333,1,1,1986,25,25,25,25,25,25,25,25,25,25
481333,2,1,1986,0,0,0,0,0,0,0,0,0,0
481334,1,1,1986,36,36,36,36,36,36,36,36,36,36
481335,1,1,1986,0,24,9,7,18,13,15,12,7,10
481336,1,1,1986,22,22,22,22,22,22,22,22,22,22
481337,1,1,1986,0,0,0,0,0,0,0,11,0,0
481337,2,1,1986,0,0,0,0,0,0,0,0,10,0
481338,1,1,1986,13,0,0,0,0,0,0,3,16,0
481338,2,1,1986,0,0,0,0,0,0,0,0,0,0
481339,1,1,1986,16,27,7,40,13,21,22,19,14,8
481340,1,1,1986,0,0,0,0,0,0,0,0,0,0
481340,2,1,1986,2,2,2,2,2,2,2,2,2,2
481341,1,1,1986,0,0,0,0,0,0,0,0,0,0
481342,1,1,1986,0,0,0,0,0,0,0,0,0,0
481343,0,1,1986,0,0,0,0,17,0,0,0,0,10
481343,1,1,1986,0,0,14,0,0,0,0,0,17,15
481344,1,1,1986,1,1,1,1,1,1,1,1,1,1
481345,1,1,1986,0,0,0,0,0,0,0,0,27,0
481345,2,1,1986,8,7,6,17,26,0,0,0,3,0
481346,1,1,1986,0,0,0,0,0,0,0,0,0,0
481347,1,1,1986,18,18,18,18,18,18,18,18,18,18
481348,1,1,1986,21,21,21,21,21,21,21,21,21,21
481349,1,1,1986,36,36,36,36,36,36,36,36,36,36
481350,1,1,1986,19,23,15,23,0,17,18,21,7,33
481351,0,1,1986,0,0,0,0,0,0,0,0,3,0
481351,1,1,1986,0,0,0,0,0,0,0,0,0,0
481352,1,1,1986,2,2,2,2,2,2,2,2,2,2
481353,1,1,1986,0,0,0,0,0,0,0,0,0,0
481353,2,1,1986,0,0,0,0,0,0,0,0,15,0
481354,1,1,1986,0,0,0,0,0,0,0,0,0,0
481354,2,1,1986,0,0,0,0,0,0,0,0,0,0
481355,1,1,1986,7,7,7,7,7,7,7,7,7,7
481356,0,1,1986,27,27,27,27,27,27,27,27,27,27
481356,1,1,1986,0,5,0,0,0,7,0,0,0,15
481356,2,1,1986,0,0,0,0,2,0,0,0,5,0
481357,1,1,1986,10,38,25,33,12,24,18,18,0,14
481358,1,1,1986,0,0,20,0,0,0,0,0,0,0
481358,2,1,1986,0,8,0,0,4,0,0,0,8,0
481359,1,1,1986,0,0,0,0,0,0,0,0,0,0
481359,2,1,1986,0,0,0,0,0,0,0,0,0,0
481360,1,1,1986,15,8,14,17,37,24,9,22,25,10
481361,1,1,1986,0,0,0,0,0,0,0,0,0,0
481361,2,1,1986,0,0,0,0,0,0,0,0,0,0
481362,1,1,1986,0,0,6,0,0,0,7,0,0,0
481363,1,1,1986,12,12,12,12,12,12,12,12,12,12
481364,1,1,1986,0,0,0,0,0,0,0,0,0,0
481364,2,1,1986,0,0,0,0,0,0,0,0,0,0
481365,1,1,1986,13,12,10,12,20,12,7,11,20,21
481366,1,1,1986,17,17,17,17,17,17,17,17,17,17
481367,1,1,1986,0,0,0,0,0,0,0,0,0,0
481367,2,1,1986,0,0,0,0,0,0,0,0,0,0
481368,0,1,1986,0,0,0,0,0,0,0,0,0,0
481368,0,2,1986,22,0,9,34,11,24,11,11,25,13
481368,0,3,1986,0,0,0,0,6,0,0,0,0,0
481368,1,1,1986,23,23,23,23,23,23,23,23,23,23
481369,0,1,1986,0,13,0,6,15,6,0,0,0,0
481369,1,1,1986,0,0,0,10,7,0,17,0,0,0
481370,1,1,1986,10,0,13,0,13,0,7,20,20,0
481370,2,1,1986,0,0,0,0,0,0,0,0,0,0
481371,1,1,1986,10,10,10,10,10,10,10,10,10,10
481371,2,1,1986,0,0,0,0,0,0,0,0,0,0
481372,1,1,1986,0,0,0,0,0,0,0,0,0,0
481373,1,1,1986,0,0,0,0,0,0,0,0,0,0
481374,1,1,1986,0,0,0,0,0,0,0,0,0,0
481375,1,1,1986,24,10,13,15,15,37,27,22,29,30
481376,1,1,1986,0,10,0,0,6,25,0,0,0,0
481376,2,1,1986,0,0,19,13,14,17,8,23,3,14
481377,0,1,1986,13,9,3,14,0,7,7,17,8,11
481377,1,1,1986,26,5,25,15,30,0,23,26,6,12
481378,1,1,1986,5,5,5,5,5,5,5,5,5,5
481379,1,1,1986,18,32,0,11,7,9,17,10,8,18
481380,1,1,1986,13,13,13,13,13,13,13,13,13,13
481381,1,1,1986,4,4,4,4,4,4,4,4,4,4
481381,2,1,1986,2,2,2,2,2,2,2,2,2,2
481382,1,1,1986,0,3,0,7,32,11,19,0,0,0
481382,2,1,1986,15,15,15,15,15,15,15,15,15,15
481383,1,1,1986,24,5,21,24,21,15,17,34,10,40
481384,1,1,1986,0,0,0,0,0,0,0,0,0,0
481385,1,1,1986,11,11,11,11,11,11,11,11,11,11
481385,2,1,1986,0,0,0,0,0,0,0,0,0,0
481386,1,1,1986,5,5,5,5,5,5,5,5,5,5
481387,0,1,1986,12,43,25,18,10,18,14,16,25,28
481387,1,1,1986,0,0,0,0,0,0,0,0,0,0
481388,1,1,1986,8,8,8,8,8,8,8,8,8,8
481388,2,1,1986,0,0,0,0,0,0,0,0,0,0
481390,0,1,1986,0,0,0,0,0,0,0,0,0,0
481390,1,1,1986,0,13,10,0,0,0,0,0,24,0
481391,1,1,1986,15,15,15,15,15,15,15,15,15,15
481391,2,1,1986,0,0,0,0,0,0,0,0,0,0
481392,1,1,1986,0,0,0,0,0,0,0,0,0,0
481392,2,1,1986,0,0,0,0,0,0,0,0,0,0
481393,1,1,1986,0,13,0,0,0,0,0,0,0,0
481393,2,1,1986,0,0,0,12,14,11,13,0,0,0
481394,1,1,1986,14,14,14,14,14,14,14,14,14,14
481395,1,1,1986,0,0,9,0,0,0,0,20,0,0
481395,2,1,1986,0,0,0,0,0,0,0,0,0,0
481396,1,1,1986,9,9,9,9,9,9,9,9,9,9
481396,2,1,1986,0,0,0,0,0,0,0,0,0,0
481397,1,1,1986,0,4,0,0,0,0,0,0,0,0
481397,2,1,1986,0,0,0,0,0,0,0,0,0,0
481398,0,1,1986,22,22,22,22,22,22,22,22,22,22
481398,1,1,1986,0,0,0,0,0,0,0,0,0,0
481399,1,1,1986,0,0,0,0,0,0,0,0,0,0
481400,1,1,1986,9,9,9,9,9,9,9,9,9,9
481401,1,1,1986,0,0,0,0,0,0,0,0,0,0
481402,0,1,1986,0,22,27,14,0,0,0,0,0,0
481402,1,1,1986,14,0,0,23,12,12,0,0,24,9
481403,1,1,1986,16,16,16,16,16,16,16,16,16,16
481404,0,1,1986,20,20,20,20,20,20,20,20,20,20
481404,1,1,1986,0,0,2,0,5,0,0,0,22,7
481405,1,1,1986,14,14,14,14,14,14,14,14,14,14
481405,2,1,1986,0,0,0,0,0,0,0,0,0,0
481406,1,1,1986,11,11,11,11,11,11,11,11,11,11
481406,2,1,1986,0,0,0,0,0,0,0,0,0,0
481407,1,1,1986,0,0,0,0,0,0,0,0,4,0
481407,2,1,1986,9,9,9,9,9,9,9,9,9,9
481408,1,1,1986,0,0,0,0,0,0,0,0,0,0
481408,2,1,1986,0,0,0,0,0,0,0,0,0,0
481409,1,1,1986,32,14,20,5,27,5,28,36,18,34
481410,1,1,1986,0,0,0,0,0,0,0,0,0,0
481410,2,1,1986,0,0,0,0,0,0,11,0,0,5
481411,1,1,1986,31,31,31,31,31,31,31,31,31,31
481412,1,1,1986,0,0,0,0,0,0,0,0,0,0
481412,2,1,1986,16,16,16,16,16,16,16,16,16,16
481413,1,1,1986,30,30,30,30,30,30,30,30,30,30
481414,0,1,1986,0,0,0,0,0,0,0,0,0,0
481414,1,1,1986,0,0,0,0,0,0,0,0,0,0
481415,0,1,1986,0,14,0,0,0,0,0,0,0,0
481415,1,1,1986,0,0,0,0,0,0,0,0,0,0
481416,1,1,1986,0,0,25,0,0,0,0,0,0,0
481416,2,1,1986,0,0,0,0,3,0,0,0,0,0
481417,1,1,1986,21,21,21,21,21,21,21,21,21,21
481418,1,1,1986,22,22,22,22,22,22,22,22,22,22
481419,1,1,1986,0,0,0,0,0,0,0,0,0,0
481420,1,1,1986,14,14,14,14,14,14,14,14,14,14
481421,1,1,1986,17,10,0,16,0,0,20,0,0,0
481421,2,1,1986,26,0,0,0,0,0,0,0,0,0
481422,1,1,1986,0,0,0,0,0,0,0,0,0,0
481422,2,1,1986,0,0,0,0,0,0,0,0,0,0
481423,0,1,1986,0,0,0,0,17,0,0,33,0,21
481423,1,1,1986,43,0,28,25,18,0,0,24,12,35
481424,1,1,1986,0,0,5,0,12,0,6,0,0,18
481425,1,1,1986,0,0,0,0,0,0,0,0,9,0
481425,2,1,1986,11,0,0,0,0,0,0,0,0,0
481426,1,1,1986,0,0,3,9,0,0,0,0,0,0
481426,2,1,1986,0,0,0,0,0,0,0,0,0,0
481427,1,1,1986,18,16,40,14,23,41,25,0,30,10
481428,0,1,1986,0,0,0,0,0,0,0,0,0,0
481428,1,1,1986,13,5,17,16,11,0,0,21,4,22
481429,1,1,1986,0,0,0,0,0,0,0,0,0,0
481429,2,1,1986,0,0,12,0,0,0,0,0,0,0
481429,3,1,1986,0,0,0,0,26,0,0,0,0,0
481431,0,1,1986,19,30,32,24,23,8,19,22,13,22
481431,1,1,1986,0,0,0,15,0,0,0,7,0,4
481432,1,1,1986,5,5,5,5,5,5,5,5,5,5
481432,2,1,1986,4,0,0,0,0,15,0,0,0,0
481433,0,1,1986,16,16,16,16,16,16,16,16,16,16
481433,1,1,1986,0,0,0,0,0,0,0,0,0,0
481434,0,1,1986,0,0,0,0,0,0,0,0,0,0
481434,1,1,1986,0,0,0,0,6,0,15,0,13,0
481435,1,1,1986,0,0,0,0,0,0,0,0,0,0
481435,2,1,1986,0,0,0,0,0,0,0,0,0,0
481436,1,1,1986,18,22,23,13,8,14,0,35,25,12
481436,2,1,1986,28,24,0,0,21,19,13,3,21,0
481437,1,1,1986,12,12,12,12,12,12,12,12,12,12
481437,2,1,1986,0,0,0,0,0,0,0,0,8,0
481437,3,1,1986,0,13,0,14,0,0,7,0,0,0
481437,4,1,1986,0,0,0,17,0,25,0,0,0,0
481437,5,1,1986,0,0,0,9,11,0,0,0,0,18
481438,1,1,1986,0,22,0,0,0,4,0,7,0,10
481439,1,1,1986,12,12,13,11,13,22,25,14,13,33
481439,2,1,1986,13,13,13,13,13,13,13,13,13,13
481440,1,1,1986,13,13,13,13,13,13,13,13,13,13
481441,0,1,1986,0,0,4,4,0,0,0,11,3,0
481441,1,1,1986,7,0,14,16,0,10,5,9,2,3
481442,1,1,1986,23,23,23,23,23,23,23,23,23,23
481443,1,1,1986,16,0,11,0,13,0,10,0,16,0
481444,0,1,1986,0,0,0,0,0,0,0,0,0,0
481444,1,1,1986,0,0,0,0,0,0,0,10,0,0
481445,1,1,1986,0,0,0,0,0,0,0,0,0,0
481445,2,1,1986,28,28,28,28,28,28,28,28,28,28
481446,0,1,1986,24,24,24,24,24,24,24,24,24,24
481446,1,1,1986,25,0,0,0,0,0,0,0,0,0
481447,1,1,1986,25,25,25,25,25,25,25,25,25,25
481448,1,1,1986,0,0,0,0,0,0,0,0,0,0
481449,1,1,1986,37,37,37,37,37,37,37,37,37,37
481449,2,1,1986,0,0,0,0,0,0,7,0,15,12
481450,1,1,1986,23,23,23,23,23,23,23,23,23,23
481451,1,1,1986,0,8,0,0,0,0,0,11,5,0
481452,1,1,1986,0,0,0,0,0,0,0,0,0,0
481453,0,1,1986,0,0,0,0,0,0,0,0,0,0
481453,1,1,1986,0,0,7,0,0,0,0,10,0,0
481454,1,1,1986,9,9,9,9,9,9,9,9,9,9
481454,2,1,1986,0,4,16,15,18,15,0,0,0,19
481455,1,1,1986,0,11,0,0,0,0,0,0,0,0
481455,2,1,1986,0,0,0,0,0,0,0,0,0,0
481456,0,1,1986,0,13,20,34,0,0,13,0,13,17
481456,1,1,1986,5,3,0,0,12,0,10,0,0,21
481456,2,1,1986,0,0,0,0,0,0,3,26,0,0
481457,1,1,1986,0,0,0,0,0,0,0,0,0,0
481457,2,1,1986,0,0,0,0,18,0,0,0,0,0
481458,1,1,1986,11,8,21,21,11,12,20,17,8,20
481459,0,1,1986,13,26,26,15,12,0,0,0,28,17
481459,1,1,1986,0,3,0,0,0,0,0,0,0,0
481459,2,1,1986,8,0,15,29,14,12,16,0,0,0
481460,1,1,1986,10,10,10,10,10,10,10,10,10,10
481461,1,1,1986,0,0,0,0,0,7,0,0,0,0
481462,1,1,1986,11,6,14,12,17,16,17,8,15,5
481462,2,1,1986,18,18,18,18,18,18,18,18,18,18
481463,1,1,1986,7,7,0,0,0,5,0,20,0,0
481463,2,1,1986,0,0,0,0,0,0,0,0,0,0
481464,1,1,1986,0,0,0,0,0,0,0,0,0,0
481464,2,1,1986,0,0,0,0,0,0,0,0,0,0
481465,1,1,1986,0,0,0,0,0,0,0,0,0,0
481465,2,1,1986,0,0,0,0,0,0,0,0,0,0
481466,1,1,1986,7,7,7,7,7,7,7,7,7,7
481467,1,1,1986,0,0,0,0,0,0,0,0,0,0
481467,2,1,1986,0,0,0,0,24,3,0,0,17,0
481468,1,1,1986,0,0,0,5,0,0,0,13,0,0
481468,2,1,1986,0,0,0,0,0,0,0,0,0,0
481469,0,1,1986,0,0,0,0,0,0,19,0,0,0
481469,1,1,1986,0,0,0,9,0,8,0,0,0,0
481470,1,1,1986,0,0,0,0,0,0,12,0,0,0
481470,2,1,1986,0,0,0,0,0,0,0,0,0,0
481471,1,1,1986,0,8,0,0,31,5,13,0,5,25
481472,0,1,1986,19,19,19,19,19,19,19,19,19,19
481472,1,1,1986,0,0,0,0,0,0,0,0,0,0
481473,1,1,1986,18,18,18,18,18,18,18,18,18,18
481474,1,1,1986,19,19,19,19,19,19,19,19,19,19
481475,0,1,1986,0,0,0,0,0,0,0,0,9,0
481475,1,1,1986,0,0,0,0,0,0,0,0,0,0
481476,1,1,1986,0,0,0,0,0,0,0,0,0,0
481476,2,1,1986,0,0,0,0,0,0,0,0,0,0
481477,1,1,1986,9,9,9,9,9,9,9,9,9,9
481477,2,1,1986,0,0,0,0,0,0,0,0,0,0
481478,1,1,1986,0,0,0,0,0,0,0,0,0,0
481478,2,1,1986,3,0,0,0,0,0,8,0,0,0
481479,1,1,1986,10,0,9,2,0,15,14,0,7,18
481480,1,1,1986,10,10,10,10,10,10,10,10,10,10
481480,2,1,1986,18,0,16,24,13,0,13,0,0,6
481481,1,1,1986,0,0,0,0,0,0,0,0,0,0
481481,2,1,1986,0,0,0,0,0,0,0,0,0,0
481482,1,1,1986,0,0,0,0,0,0,0,0,0,0
481482,2,1,1986,15,15,15,15,15,15,15,15,15,15
481483,0,1,1986,16,19,12,8,46,12,28,10,27,20
481483,1,1,1986,0,22,0,14,8,0,0,0,0,14
481484,1,1,1986,0,0,0,0,0,0,5,11,0,0
481484,2,1,1986,0,0,0,0,0,0,0,0,0,0
481485,1,1,1986,0,0,0,0,0,0,0,0,0,0
481486,1,1,1986,0,0,0,0,0,0,0,0,0,0
481486,2,1,1986,0,9,0,0,0,0,0,0,0,0
481486,3,1,1986,0,0,0,0,0,0,0,0,0,0
481487,1,1,1986,16,16,16,16,16,16,16,16,16,16
481487,2,1,1986,0,0,0,0,0,0,0,0,0,0
481488,1,1,1986,23,23,23,23,23,23,23,23,23,23
481488,2,1,1986,17,18,0,22,19,19,24,0,11,0
481489,1,1,1986,0,0,0,0,0,0,12,0,0,0
481489,2,1,1986,4,4,4,4,4,4,4,4,4,4
481490,1,1,1986,14,14,14,14,14,14,14,14,14,14
481491,1,1,1986,3,3,3,3,3,3,3,3,3,3
481491,2,1,1986,0,0,0,0,0,0,0,0,0,0
481492,1,1,1986,0,0,0,0,3,5,0,0,0,0
481492,2,1,1986,0,0,0,0,0,0,0,0,0,0
481493,1,1,1986,6,6,6,6,6,6,6,6,6,6
481494,1,1,1986,13,13,13,13,13,13,13,13,13,13
481495,1,1,1986,39,39,39,39,39,39,39,39,39,39
481496,1,1,1986,43,43,43,43,43,43,43,43,43,43
481497,1,1,1986,3,7,9,10,14,21,6,23,11,8
481498,1,1,1986,19,19,19,19,19,19,19,19,19,19
481499,1,1,1986,25,25,25,25,25,25,25,25,25,25
481500,1,1,1986,13,13,13,13,13,13,13,13,13,13
481501,1,1,1986,0,0,0,0,0,0,0,0,0,0
481501,2,1,1986,0,0,0,0,0,0,0,0,0,0
481502,0,1,1986,21,21,21,21,21,21,21,21,21,21
481502,1,1,1986,0,0,0,0,0,5,0,0,0,0
481503,0,1,1986,0,0,0,0,0,0,0,0,0,0
481503,1,1,1986,0,0,0,0,0,0,0,0,0,0
481504,1,1,1986,0,0,0,0,0,0,15,0,3,0
481504,2,1,1986,0,0,0,0,0,5,0,0,0,0
481505,1,1,1986,10,0,0,0,8,20,16,0,0,0
481505,2,1,1986,0,0,0,6,7,0,0,0,0,0
481506,1,1,1986,0,16,0,0,0,0,0,0,16,0
481506,2,1,1986,0,10,0,0,0,0,16,0,0,0
481507,1,1,1986,21,21,21,21,21,21,21,21,21,21
481508,1,1,1986,0,0,0,19,0,12,0,20,0,0
481508,2,1,1986,5,0,12,22,0,0,0,21,22,0
481509,0,1,1986,0,0,7,0,0,0,0,0,5,0
481509,1,1,1986,13,3,12,9,8,22,9,12,13,22
481510,1,1,1986,14,14,14,14,14,14,14,14,14,14
481510,2,1,1986,0,0,0,0,0,0,0,17,0,0
481511,1,1,1986,19,0,15,13,14,18,0,20,36,25
481511,2,1,1986,16,0,0,3,0,21,2,0,17,18
481512,0,1,1986,0,0,0,0,0,0,0,0,0,0
481512,1,1,1986,0,0,0,11,0,20,15,0,0,0
481513,1,1,1986,0,0,0,0,0,0,0,0,0,0
481514,1,1,1986,15,0,0,0,0,0,0,0,0,0
481514,2,1,1986,0,19,0,0,5,0,0,0,0,0
481515,1,1,1986,13,12,25,0,27,28,0,17,0,17
481516,1,1,1986,23,23,23,23,23,23,23,23,23,23
481517,1,1,1986,0,0,0,0,0,0,0,0,0,0
481517,2,1,1986,0,0,0,0,0,0,0,0,0,0
481518,1,1,1986,18,9,16,5,11,17,11,16,17,17
481519,1,1,1986,29,19,32,20,14,0,15,20,36,19
481520,1,1,1986,27,0,0,26,0,0,17,0,12,15
481521,1,1,1986,0,0,0,0,0,0,0,23,0,21
481522,1,1,1986,0,10,8,17,3,0,0,0,19,0
481523,1,1,1986,26,26,26,26,26,26,26,26,26,26
481524,1,1,1986,46,20,12,0,0,0,0,15,6,13
481525,1,1,1986,15,37,4,12,18,35,18,13,17,0
481526,1,1,1986,0,0,0,0,0,0,0,0,0,0
481526,2,1,1986,0,0,0,0,0,0,0,0,0,0
481527,1,1,1986,0,0,0,0,0,0,0,0,0,0
481528,0,1,1986,4,24,0,0,0,41,0,0,0,0
481528,1,1,1986,0,0,0,0,0,0,0,0,0,0
481529,1,1,1986,18,0,0,6,0,0,6,0,0,0
481530,1,1,1986,0,0,0,6,0,0,0,0,0,0
481530,2,1,1986,0,0,0,0,9,0,0,0,0,0
481531,0,1,1986,0,15,0,0,25,0,0,0,0,0
481531,1,1,1986,0,0,0,0,0,0,0,0,11,0
481532,1,1,1986,0,0,0,0,11,0,0,0,0,0
481532,2,1,1986,3,15,12,9,0,0,0,0,0,0
481533,1,1,1986,9,9,0,4,16,0,12,7,15,17
481533,2,1,1986,0,5,0,0,0,6,14,0,14,0
481533,3,1,1986,12,0,0,9,0,0,20,19,14,0
481534,1,1,1986,7,0,0,0,1,13,22,0,0,13
481534,2,1,1986,7,7,7,7,7,7,7,7,7,7
481535,1,1,1986,0,0,0,0,0,0,0,0,0,0
481536,1,1,1986,0,0,0,6,5,0,0,0,0,0
481536,2,1,1986,0,0,0,0,0,0,0,0,0,0
481537,1,1,1986,19,19,19,19,19,19,19,19,19,19
481537,2,1,1986,30,0,0,17,14,0,6,21,0,0
481537,3,1,1986,0,7,0,0,9,0,0,9,0,0
481538,0,1,1986,0,0,0,0,0,0,20,0,0,18
481538,1,1,1986,0,0,0,0,9,0,0,0,0,0
481539,1,1,1986,13,18,0,0,0,0,0,13,0,0
481539,2,1,1986,24,24,24,24,24,24,24,24,24,24
481540,1,1,1986,30,30,30,30,30,30,30,30,30,30
481540,2,1,1986,0,0,0,0,0,0,0,0,16,0
481541,1,1,1986,0,0,0,0,0,0,0,0,0,0
481542,1,1,1986,19,10,20,19,5,13,21,21,17,10
481543,1,1,1986,13,29,27,10,22,18,5,27,10,0
481544,1,1,1986,18,0,0,0,0,0,0,0,0,0
481545,1,1,1986,25,25,25,25,25,25,25,25,25,25
481546,0,1,1986,0,0,5,0,0,0,0,0,0,0
481546,0,2,1986,0,0,14,0,0,0,0,0,0,0
481546,0,3,1986,0,0,9,11,10,0,0,0,18,0
481546,1,1,1986,6,6,6,6,6,6,6,6,6,6
481547,1,1,1986,14,0,9,9,15,8,23,15,0,19
481548,1,1,1986,0,0,0,0,0,0,0,0,0,0
481548,2,1,1986,0,0,0,0,0,0,0,0,0,0
481549,1,1,1986,2,2,2,2,2,2,2,2,2,2
481550,1,1,1986,17,17,17,17,17,17,17,17,17,17
481551,1,1,1986,10,10,10,10,10,10,10,10,10,10
481552,1,1,1986,14,14,14,14,14,14,14,14,14,14
481553,1,1,1986,22,30,10,6,15,15,0,0,12,0
481554,1,1,1986,39,7,17,14,8,22,17,4,29,5
481555,1,1,1986,0,0,0,0,0,0,0,0,0,0
481555,2,1,1986,0,0,0,0,0,0,0,0,0,0
481556,1,1,1986,0,0,0,0,0,0,0,0,0,0
481557,1,1,1986,12,21,12,19,0,0,15,0,17,19
481558,1,1,1986,0,0,0,0,0,12,0,0,5,0
481558,2,1,1986,0,0,0,0,0,0,0,0,0,0
481559,1,1,1986,0,0,0,0,0,23,0,16,0,0
481559,2,1,1986,10,10,10,10,10,10,10,10,10,10
481560,1,1,1986,16,16,16,16,16,16,16,16,16,16
481561,0,1,1986,14,0,0,0,0,0,0,0,0,0
481561,1,1,1986,0,0,0,0,0,0,0,0,0,0
481562,1,1,1986,0,0,0,0,0,0,0,0,0,0
481562,2,1,1986,0,0,0,0,0,0,0,0,0,0
481563,1,1,1986,28,28,28,28,28,28,28,28,28,28
481563,2,1,1986,0,0,0,0,0,0,0,0,0,0
481564,1,1,1986,0,0,0,0,0,0,0,0,0,0
481565,1,1,1986,17,17,17,17,17,17,17,17,17,17
481565,2,1,1986,0,0,0,0,0,0,0,0,0,0
481566,1,1,1986,18,18,18,18,18,18,18,18,18,18
481567,1,1,1986,0,0,0,0,0,0,0,0,0,16
481567,2,1,1986,5,6,0,14,13,18,12,6,23,0
481568,1,1,1986,2,2,2,2,2,2,2,2,2,2
481568,2,1,1986,0,0,0,0,0,0,0,0,0,0
481569,1,1,1986,19,19,19,19,19,19,19,19,19,19
481570,1,1,1986,11,11,11,11,11,11,11,11,11,11
481571,1,1,1986,3,3,3,3,3,3,3,3,3,3
481572,1,1,1986,23,23,23,23,23,23,23,23,23,23
481573,1,1,1986,0,0,0,0,0,0,0,0,0,0
481573,2,1,1986,0,0,0,0,0,0,0,0,0,0
481574,0,1,1986,30,0,19,0,20,18,32,14,24,54
481574,1,1,1986,10,0,0,0,0,0,0,0,0,0
481575,1,1,1986,18,18,18,18,18,18,18,18,18,18
481576,1,1,1986,0,0,0,0,0,0,4,0,0,0
481576,2,1,1986,32,32,32,32,32,32,32,32,32,32
481577,0,1,1986,14,14,14,14,14,14,14,14,14,14
481577,1,1,1986,1,1,1,1,1,1,1,1,1,1
481578,1,1,1986,14,14,14,14,14,14,14,14,14,14
481579,0,1,1986,0,15,11,0,0,4,43,0,25,5
481579,1,1,1986,13,0,0,11,0,11,11,0,0,12
481580,0,1,1986,20,20,20,20,20,20,20,20,20,20
481580,1,1,1986,0,0,0,0,0,0,0,0,0,0
481581,1,1,1986,0,0,0,0,0,0,0,0,0,0
481581,2,1,1986,32,32,32,32,32,32,32,32,32,32
481582,1,1,1986,0,0,0,0,0,0,15,0,0,5
481583,0,1,1986,0,0,0,0,0,0,0,0,0,0
481583,1,1,1986,0,0,0,0,0,0,0,0,0,0
481584,0,1,1986,0,0,0,0,0,0,0,0,0,0
481584,1,1,1986,4,0,0,0,0,0,0,0,0,0
481585,1,1,1986,0,0,0,0,0,6,0,11,0,0
481585,2,1,1986,0,0,0,0,0,0,0,0,0,0
481586,1,1,1986,5,5,5,5,5,5,5,5,5,5
481587,1,1,1986,20,16,9,26,26,20,19,15,15,0
481588,1,1,1986,19,9,23,0,16,5,22,33,10,17
481589,1,1,1986,16,16,16,16,16,16,16,16,16,16
481590,1,1,1986,0,0,0,0,0,0,0,0,0,0
481590,2,1,1986,0,0,0,0,0,0,0,0,0,0
481591,1,1,1986,13,4,13,6,31,30,20,17,12,20
481592,1,1,1986,0,0,0,0,0,0,0,0,0,0
481593,1,1,1986,12,22,15,0,8,15,14,15,9,22
481594,1,1,1986,0,0,0,12,0,0,0,0,0,0
481594,2,1,1986,19,19,19,19,19,19,19,19,19,19
481595,1,1,1986,19,0,2,0,0,0,12,0,14,0
481596,0,1,1986,0,0,0,0,6,31,0,0,0,0
481596,1,1,1986,0,0,0,8,0,0,0,0,0,11
481597,1,1,1986,0,0,0,0,0,0,0,0,0,0
481598,1,1,1986,9,9,9,9,9,9,9,9,9,9
481599,0,1,1986,33,33,33,33,33,33,33,33,33,33
481599,1,1,1986,22,22,22,22,22,22,22,22,22,22
481600,1,1,1986,27,27,27,27,27,27,27,27,27,27
481601,1,1,1986,2,2,2,2,2,2,2,2,2,2
481602,1,1,1986,17,17,17,17,17,17,17,17,17,17
481602,2,1,1986,0,0,0,0,0,0,0,0,0,0
481603,1,1,1986,0,0,0,0,0,0,0,0,0,0
481604,0,1,1986,0,0,0,0,0,0,0,0,0,0
481604,1,1,1986,0,0,0,0,0,0,0,0,0,0
481605,1,1,1986,0,0,0,0,0,0,0,0,0,0
481605,2,1,1986,10,10,10,10,10,10,10,10,10,10
481606,0,1,1986,7,7,7,7,7,7,7,7,7,7
481606,1,1,1986,15,15,15,15,15,15,15,15,15,15
481607,1,1,1986,0,0,0,0,0,0,0,0,0,0
481608,0,1,1986,31,31,31,31,31,31,31,31,31,31
481608,1,1,1986,0,0,0,0,0,0,18,0,0,0
481609,1,1,1986,14,14,14,14,14,14,14,14,14,14
481610,1,1,1986,0,0,0,0,11,0,0,0,0,0
481610,2,1,1986,15,25,0,19,6,0,10,15,12,11