ST_CASE,VEH_NO,PER_NO,YEAR,P1,P2,P3,P4,P5,P6,P7,P8,P9,P10
481610,3,1,1986,34,0,0,0,0,0,0,0,0,0
481611,0,1,1986,36,17,15,19,7,7,37,0,24,31
481611,1,1,1986,13,8,18,14,44,33,10,15,42,38
481612,1,1,1986,22,22,22,22,22,22,22,22,22,22
481612,2,1,1986,10,2,7,13,0,0,16,0,0,8
481612,3,1,1986,0,16,6,8,0,0,0,0,0,0
481613,1,1,1986,12,12,12,12,12,12,12,12,12,12
481614,1,1,1986,7,15,11,9,13,11,18,0,13,0
481615,0,1,1986,0,27,16,22,14,0,0,0,16,0
481615,1,1,1986,0,0,0,0,0,0,0,0,0,0
481616,1,1,1986,15,15,15,15,15,15,15,15,15,15
481617,0,1,1986,18,0,11,30,15,20,6,26,17,21
481617,1,1,1986,0,0,0,0,0,15,0,0,0,0
481617,2,1,1986,11,0,8,22,0,3,0,0,12,0
481618,1,1,1986,23,23,23,23,23,23,23,23,23,23
481619,1,1,1986,0,0,0,0,0,0,0,0,0,0
481620,1,1,1986,9,9,9,9,9,9,9,9,9,9
481621,1,1,1986,13,13,13,13,13,13,13,13,13,13
481622,1,1,1986,12,12,12,12,12,12,12,12,12,12
481623,1,1,1986,0,0,0,0,0,8,25,0,0,0
481624,1,1,1986,0,0,0,0,0,0,0,0,0,0
481624,2,1,1986,0,0,0,0,0,0,0,0,0,0
481625,1,1,1986,0,0,0,0,0,0,0,0,0,0
481626,1,1,1986,29,20,24,8,37,0,18,27,14,39
481627,1,1,1986,0,0,0,0,0,0,0,0,0,0
481627,2,1,1986,17,17,17,17,17,17,17,17,17,17
481628,1,1,1986,0,0,0,0,0,0,0,0,0,0
481628,2,1,1986,0,0,0,0,0,0,0,0,9,0
481629,1,1,1986,7,7,7,7,7,7,7,7,7,7
481630,1,1,1986,0,0,0,0,0,0,0,0,0,0
481631,1,1,1986,11,10,0,14,0,7,22,0,12,0
481631,2,1,1986,0,18,5,19,11,0,11,0,0,0
481632,1,1,1986,0,0,0,0,0,0,0,0,0,0
481633,0,1,1986,17,17,17,17,17,17,17,17,17,17
481633,1,1,1986,0,17,22,28,17,0,2,32,0,39
481634,1,1,1986,0,0,0,0,0,0,0,0,0,0
481635,1,1,1986,0,0,0,0,0,0,0,0,0,0
481635,2,1,1986,0,0,0,0,0,0,0,0,0,0
481636,1,1,1986,0,0,0,0,38,0,0,15,0,16
481636,2,1,1986,0,0,0,0,0,33,0,8,0,0
481636,3,1,1986,0,0,0,0,0,0,0,0,0,0
481636,4,1,1986,0,0,0,0,0,0,0,0,0,0
481637,1,1,1986,22,23,19,8,0,0,0,0,12,7
481638,1,1,1986,0,0,0,3,0,0,0,0,0,0
481638,2,1,1986,8,8,8,8,8,8,8,8,8,8
481639,1,1,1986,19,19,19,19,19,19,19,19,19,19
481639,2,1,1986,20,0,20,0,18,0,0,0,0,0
481639,3,1,1986,5,0,0,0,0,0,14,0,0,0
481640,1,1,1986,0,0,0,0,0,0,0,0,0,0
481640,2,1,1986,0,0,0,0,0,0,0,0,0,0
481641,0,1,1986,0,24,0,3,24,0,18,0,0,27
481641,1,1,1986,9,9,9,9,9,9,9,9,9,9
481642,1,1,1986,7,7,7,7,7,7,7,7,7,7
481642,2,1,1986,0,0,0,0,0,0,0,0,0,0
481643,1,1,1986,30,30,30,30,30,30,30,30,30,30
481644,1,1,1986,0,0,0,0,0,0,0,0,0,0
481645,1,1,1986,0,20,14,0,0,0,0,0,0,0
481645,2,1,1986,0,0,0,0,0,0,0,0,0,0
481646,1,1,1986,0,0,0,0,21,0,0,0,17,0
481646,2,1,1986,0,0,0,0,0,0,0,0,0,0
481647,1,1,1986,0,0,0,0,0,0,0,0,0,0
481648,1,1,1986,0,0,0,0,0,0,0,0,0,0
481649,1,1,1986,10,10,10,10,10,10,10,10,10,10
481649,2,1,1986,0,0,0,0,0,0,0,0,0,0
481650,1,1,1986,13,13,13,13,13,13,13,13,13,13
481651,0,1,1986,0,0,32,0,8,0,0,0,0,0
481651,1,1,1986,0,0,8,6,6,6,0,26,0,8
481652,1,1,1986,17,17,17,17,17,17,17,17,17,17
481653,1,1,1986,0,0,0,0,0,0,0,0,0,0
481654,1,1,1986,0,0,0,0,0,0,0,0,0,0
481655,0,1,1986,15,15,15,15,15,15,15,15,15,15
481655,1,1,1986,0,0,0,0,0,0,0,0,0,0
481656,1,1,1986,13,29,20,0,22,13,10,28,15,6
481657,1,1,1986,21,21,21,21,21,21,21,21,21,21
481658,1,1,1986,0,0,0,0,0,0,0,0,0,0
481658,2,1,1986,0,0,0,0,0,0,0,0,0,0
481659,1,1,1986,30,21,25,17,20,22,26,19,20,31
481660,1,1,1986,0,0,0,0,0,0,0,0,0,0
481660,2,1,1986,0,0,0,0,0,0,0,0,0,20
481661,1,1,1986,10,10,10,10,10,10,10,10,10,10
481661,2,1,1986,0,0,0,0,0,0,0,0,0,0
481661,3,1,1986,0,0,0,0,0,0,0,0,0,0
481662,1,1,1986,16,12,33,13,15,20,2,7,12,39
481663,1,1,1986,14,14,14,14,14,14,14,14,14,14
481664,1,1,1986,16,16,16,16,16,16,16,16,16,16
481665,1,1,1986,11,18,0,26,9,32,16,12,14,8
481666,1,1,1986,25,25,25,25,25,25,25,25,25,25
481666,2,1,1986,21,27,21,9,14,25,27,31,0,0
481667,1,1,1986,6,6,6,6,6,6,6,6,6,6
481668,1,1,1986,9,9,9,9,9,9,9,9,9,9
481668,2,1,1986,10,10,10,10,10,10,10,10,10,10
481669,0,1,1986,23,23,23,23,23,23,23,23,23,23
481669,1,1,1986,0,0,0,0,0,6,0,11,25,0
481670,1,1,1986,11,10,8,20,9,16,0,0,10,12
481670,2,1,1986,13,13,13,13,13,13,13,13,13,13
481671,1,1,1986,25,25,25,25,25,25,25,25,25,25
481672,1,1,1986,0,0,0,0,0,0,0,0,0,0
481673,1,1,1986,15,15,15,15,15,15,15,15,15,15
481673,2,1,1986,0,0,0,0,0,0,0,0,0,0
481674,1,1,1986,1,1,1,1,1,1,1,1,1,1
481675,1,1,1986,0,0,0,0,0,0,0,0,0,0
481675,2,1,1986,0,0,0,14,0,14,0,0,21,0
481676,1,1,1986,0,16,27,22,29,36,19,18,18,18
481677,1,1,1986,27,27,27,27,27,27,27,27,27,27
481678,1,1,1986,6,6,6,6,6,6,6,6,6,6
481679,1,1,1986,29,29,29,29,29,29,29,29,29,29
481679,2,1,1986,0,0,0,0,0,0,0,0,0,0
481680,1,1,1986,18,18,18,18,18,18,18,18,18,18
481681,1,1,1986,16,7,0,8,0,0,0,25,0,20
481682,0,1,1986,10,10,10,10,10,10,10,10,10,10
481682,1,1,1986,0,0,0,0,13,0,8,0,0,0
481683,1,1,1986,22,22,22,22,22,22,22,22,22,22
481684,0,1,1986,0,18,0,0,0,29,26,0,23,14
481684,1,1,1986,0,5,0,4,0,0,0,0,0,0
481685,1,1,1986,26,13,35,30,34,20,20,17,14,31
481686,1,1,1986,24,24,24,24,24,24,24,24,24,24
481687,1,1,1986,21,21,21,21,21,21,21,21,21,21
481688,1,1,1986,0,0,0,0,0,0,0,0,0,14
481688,2,1,1986,0,0,0,0,0,0,0,0,0,0
481689,1,1,1986,0,0,10,0,6,0,0,2,0,0
481690,1,1,1986,0,0,0,17,0,15,0,0,0,9
481690,2,1,1986,0,0,0,0,0,0,0,0,0,0
481691,1,1,1986,0,0,8,0,0,0,0,0,16,0
481691,2,1,1986,0,0,0,0,0,11,0,7,0,0
481692,1,1,1986,4,23,14,22,30,13,18,16,20,8
481693,1,1,1986,31,31,31,31,31,31,31,31,31,31
481694,1,1,1986,0,0,0,0,0,0,0,0,0,0
481694,2,1,1986,0,0,0,0,0,0,0,0,0,0
481694,3,1,1986,0,0,0,0,0,17,0,0,0,0
481695,1,1,1986,13,0,0,0,0,0,0,7,0,0
481696,1,1,1986,0,0,0,0,0,0,0,0,0,0
481696,2,1,1986,0,0,0,0,0,0,0,0,0,0
481697,1,1,1986,16,16,16,16,16,16,16,16,16,16
481697,2,1,1986,0,16,5,0,0,15,12,6,0,0
481698,1,1,1986,0,22,0,0,21,0,12,0,21,0
481699,1,1,1986,0,0,0,32,18,14,0,0,0,32
481700,1,1,1986,0,0,0,0,0,0,0,0,12,0
481701,1,1,1986,0,0,0,0,0,0,0,0,0,0
481701,2,1,1986,0,0,0,0,0,0,0,0,0,0
481702,1,1,1986,18,18,18,18,18,18,18,18,18,18
481703,1,1,1986,14,7,19,20,20,12,9,0,5,31
481704,0,1,1986,32,0,21,13,19,31,30,26,0,13
481704,0,2,1986,16,10,9,25,27,8,12,6,36,33
481704,1,1,1986,0,0,0,0,0,4,0,0,0,0
481705,1,1,1986,10,0,24,9,8,23,0,14,15,13
481706,1,1,1986,0,0,8,0,0,6,0,7,0,0
481707,1,1,1986,30,30,30,30,30,30,30,30,30,30
481708,1,1,1986,0,0,0,0,0,0,0,0,0,0
481709,0,1,1986,25,25,25,25,25,25,25,25,25,25
481709,1,1,1986,21,24,0,33,0,20,26,0,17,14
481710,1,1,1986,0,0,11,16,0,17,30,22,39,7
481710,2,1,1986,11,0,0,0,0,17,0,0,0,0
481711,0,1,1986,0,0,0,0,0,0,0,0,0,0
481711,1,1,1986,0,0,0,10,0,0,0,0,0,0
481712,1,1,1986,0,0,0,0,0,0,0,0,0,0
481712,2,1,1986,0,0,0,0,0,0,0,0,0,0
481713,1,1,1986,17,19,14,21,9,16,20,0,19,0
481714,1,1,1986,0,0,0,10,0,24,0,0,9,0
481715,0,1,1986,0,0,0,0,0,0,0,0,0,0
481715,0,2,1986,0,0,0,0,0,0,0,0,0,0
481715,1,1,1986,0,0,0,0,0,0,0,0,0,0
481715,2,1,1986,0,0,0,0,0,0,0,0,0,0
481715,3,1,1986,0,0,0,14,0,0,0,0,0,0
481716,1,1,1986,13,0,18,5,11,13,23,9,17,9
481717,1,1,1986,14,0,21,15,12,5,24,13,0,9
481717,2,1,1986,20,21,9,8,11,7,14,4,11,15
481718,1,1,1986,15,15,15,15,15,15,15,15,15,15
481719,1,1,1986,11,11,11,11,11,11,11,11,11,11
481720,0,1,1986,0,0,0,0,0,0,0,0,0,0
481720,1,1,1986,0,0,0,0,0,0,0,0,0,0
481721,1,1,1986,4,4,4,4,4,4,4,4,4,4
481721,2,1,1986,24,0,14,27,6,12,18,0,0,36
481722,1,1,1986,14,21,12,14,18,17,8,6,13,15
481723,1,1,1986,0,0,0,0,0,0,0,0,0,0
481723,2,1,1986,0,0,4,0,0,0,0,0,11,0
481724,1,1,1986,0,0,0,0,0,0,0,0,0,0
481724,2,1,1986,0,0,0,0,0,0,0,0,0,0
481725,1,1,1986,12,21,14,17,12,5,15,17,10,12
481725,2,1,1986,24,11,17,4,16,7,15,17,15,25
481726,1,1,1986,15,0,0,8,0,0,16,0,0,0
481726,2,1,1986,0,0,4,0,0,0,0,0,0,0
481727,1,1,1986,16,28,20,24,29,6,20,10,24,24
481728,0,1,1986,24,24,24,24,24,24,24,24,24,24
481728,1,1,1986,0,11,0,14,0,0,0,0,0,0
481729,0,1,1986,0,0,0,0,0,0,0,0,0,0
481729,1,1,1986,0,0,0,25,0,0,0,0,19,0
481730,1,1,1986,14,14,14,14,14,14,14,14,14,14
481731,0,1,1986,7,14,23,16,34,23,23,19,20,6
481731,1,1,1986,15,17,52,7,0,17,0,29,15,18
481732,0,1,1986,15,16,0,26,0,0,0,0,44,0
481732,1,1,1986,15,15,15,15,15,15,15,15,15,15
481732,2,1,1986,0,22,0,0,20,0,0,12,15,0
481733,1,1,1986,6,16,2,18,0,6,17,0,0,15
481733,2,1,1986,0,21,0,0,0,0,0,0,0,0
481733,3,1,1986,0,0,0,24,21,9,18,13,0,4
481734,1,1,1986,35,35,35,35,35,35,35,35,35,35
481734,2,1,1986,0,0,0,0,0,0,0,0,0,27
481735,1,1,1986,22,22,22,22,22,22,22,22,22,22
481735,2,1,1986,0,0,0,0,0,0,0,0,0,0
481736,0,1,1986,10,10,10,10,10,10,10,10,10,10
481736,1,1,1986,0,5,0,19,0,0,0,0,15,0
481737,1,1,1986,4,21,20,29,0,9,0,13,21,0
481738,1,1,1986,9,0,0,7,0,0,0,0,0,0
481738,2,1,1986,0,0,0,0,0,0,0,0,0,0
481739,1,1,1986,17,17,17,17,17,17,17,17,17,17
481740,0,1,1986,23,23,23,23,23,23,23,23,23,23
481740,1,1,1986,0,0,0,0,0,0,0,6,0,0
481741,1,1,1986,0,0,0,0,0,0,0,0,6,0
481741,2,1,1986,0,0,0,0,12,0,0,0,0,0
481741,3,1,1986,0,0,4,0,0,0,0,0,0,0
481741,4,1,1986,0,0,0,0,0,0,0,0,0,0
481742,1,1,1986,13,0,16,0,11,0,9,0,17,0
481742,2,1,1986,0,0,0,0,0,0,0,0,0,0
481742,3,1,1986,0,0,0,0,0,0,0,0,0,0
481743,0,1,1986,33,33,33,33,33,33,33,33,33,33
481743,1,1,1986,3,20,15,6,16,0,0,30,38,19
481744,1,1,1986,8,8,8,8,8,8,8,8,8,8
481745,0,1,1986,11,11,11,11,11,11,11,11,11,11
481745,1,1,1986,0,0,0,0,9,0,0,0,0,0
481746,0,1,1986,0,0,0,0,0,0,0,0,0,0
481746,1,1,1986,0,0,0,0,0,0,0,0,0,0
481747,1,1,1986,16,16,16,16,16,16,16,16,16,16
481748,1,1,1986,24,26,30,20,35,15,20,29,22,20
481749,1,1,1986,0,0,0,0,0,0,0,0,0,0
481750,1,1,1986,0,0,0,0,0,0,0,0,0,0
481750,2,1,1986,0,0,0,0,0,0,0,0,0,0
481750,3,1,1986,0,0,0,0,0,11,0,0,0,0
481751,1,1,1986,0,0,0,15,0,0,0,0,0,0
481751,2,1,1986,28,0,0,0,20,17,0,0,0,0
481752,1,1,1986,17,17,17,17,17,17,17,17,17,17
481753,1,1,1986,17,4,18,14,8,15,24,9,0,30
481754,1,1,1986,22,22,22,22,22,22,22,22,22,22
481755,0,1,1986,0,0,0,0,0,20,5,0,0,0
481755,1,1,1986,20,20,20,20,20,20,20,20,20,20
481756,1,1,1986,24,24,34,20,29,16,42,29,26,15
481756,2,1,1986,0,0,0,0,0,0,0,0,0,0
481757,1,1,1986,12,0,22,0,14,14,22,0,16,0
481758,1,1,1986,0,0,0,0,0,0,0,0,0,0
481758,2,1,1986,0,0,0,0,0,18,0,0,0,0
481759,1,1,1986,12,12,12,12,12,12,12,12,12,12
481759,2,1,1986,26,26,26,26,26,26,26,26,26,26
481760,0,1,1986,27,27,27,27,27,27,27,27,27,27
481760,1,1,1986,0,0,23,0,20,0,0,0,17,14
481761,1,1,1986,13,16,15,21,29,20,6,17,15,16
481762,1,1,1986,19,19,19,19,19,19,19,19,19,19
481763,1,1,1986,22,22,22,22,22,22,22,22,22,22
481763,2,1,1986,0,0,0,0,0,0,0,0,0,0
481764,1,1,1986,12,0,27,0,0,0,0,0,0,0
481764,2,1,1986,18,0,9,0,6,9,15,0,13,0
481765,1,1,1986,0,0,0,0,0,0,0,0,0,0
481766,1,1,1986,29,29,29,29,29,29,29,29,29,29
481766,2,1,1986,0,0,0,0,12,0,0,0,0,10
481767,0,1,1986,8,14,18,0,14,0,0,0,0,0
481767,1,1,1986,0,0,0,0,8,0,23,0,0,0
481768,0,1,1986,0,0,0,0,0,0,0,21,0,0
481769,1,1,1986,20,20,20,20,20,20,20,20,20,20
481769,2,1,1986,0,0,0,0,0,0,0,0,0,4
481769,3,1,1986,19,19,0,0,0,0,8,14,0,0
481770,1,1,1986,17,14,13,21,9,12,13,0,17,11
481771,1,1,1986,12,0,25,0,0,29,16,7,0,13
481772,1,1,1986,0,0,0,0,0,0,0,0,10,0
481772,2,1,1986,0,0,17,0,0,0,0,0,0,0
481773,1,1,1986,7,7,7,7,7,7,7,7,7,7
481774,1,1,1986,7,7,7,7,7,7,7,7,7,7
481774,2,1,1986,16,16,16,16,16,16,16,16,16,16
481775,1,1,1986,19,19,25,13,38,15,20,12,17,13
481776,1,1,1986,22,14,12,9,0,8,30,4,18,20
481777,1,1,1986,5,16,5,29,2,16,13,13,11,15
481778,1,1,1986,0,0,0,0,0,0,0,0,0,0
481778,2,1,1986,0,0,0,0,0,0,0,0,0,0
481779,1,1,1986,25,0,0,0,2,0,0,0,0,0
481779,2,1,1986,25,25,25,25,25,25,25,25,25,25
481780,1,1,1986,23,17,15,19,16,29,31,9,29,12
481781,1,1,1986,19,0,0,0,0,13,0,20,14,0
481781,2,1,1986,0,0,9,0,0,0,0,0,0,0
481782,1,1,1986,17,17,17,17,17,17,17,17,17,17
481782,2,1,1986,0,0,0,0,0,12,0,0,0,0
481783,1,1,1986,22,14,15,11,25,16,12,13,17,13
481784,1,1,1986,21,15,0,13,9,15,16,20,19,20
481785,1,1,1986,0,0,0,0,0,0,0,0,0,0
481785,2,1,1986,0,0,0,0,24,0,0,0,0,0
481785,3,1,1986,0,0,0,0,0,0,0,0,0,0
481785,4,1,1986,0,0,0,0,0,0,0,0,0,0
481786,0,1,1986,32,32,32,32,32,32,32,32,32,32
481786,1,1,1986,27,9,6,16,22,0,0,9,10,8
481787,1,1,1986,25,25,25,25,25,25,25,25,25,25
481788,1,1,1986,18,18,18,18,18,18,18,18,18,18
481788,2,1,1986,0,0,0,0,5,0,0,0,0,0
481788,3,1,1986,0,36,0,0,0,0,0,0,0,0
481789,1,1,1986,0,0,0,0,0,0,0,0,0,0
481789,2,1,1986,7,7,7,7,7,7,7,7,7,7
481790,1,1,1986,15,15,15,15,15,15,15,15,15,15
481791,0,1,1986,0,0,0,0,0,0,0,0,0,0
481791,1,1,1986,0,0,0,0,0,0,0,0,0,0
481792,1,1,1986,0,0,0,0,0,0,0,0,0,0
481792,2,1,1986,0,0,0,0,0,13,0,0,0,0
481793,1,1,1986,13,13,13,13,13,13,13,13,13,13
481793,2,1,1986,0,0,0,6,0,15,0,0,7,37
481794,1,1,1986,23,23,23,23,23,23,23,23,23,23
481795,0,1,1986,0,0,0,0,0,0,0,0,0,0
481795,0,2,1986,0,0,0,0,0,0,0,0,0,0
481795,1,1,1986,0,0,0,0,17,17,0,16,2,11
481796,1,1,1986,18,14,13,0,12,15,16,15,17,14
481796,2,1,1986,15,0,0,0,0,0,0,0,0,8
481797,1,1,1986,0,0,0,0,0,0,0,0,0,0
481797,2,1,1986,0,0,0,0,0,0,0,0,2,0
481798,1,1,1986,10,10,10,10,10,10,10,10,10,10
481799,1,1,1986,19,17,39,24,19,18,11,10,0,28
481800,1,1,1986,0,0,0,0,0,0,0,0,0,0
481800,2,1,1986,0,0,0,0,0,0,0,0,0,8
481801,1,1,1986,0,0,0,0,13,7,9,0,0,0
481802,1,1,1986,0,0,0,0,0,0,0,0,0,0
481802,2,1,1986,0,19,29,0,0,18,21,0,0,0
481803,1,1,1986,26,26,26,26,26,26,26,26,26,26
481803,2,1,1986,0,8,0,0,10,6,5,16,0,19
481804,1,1,1986,0,0,0,0,0,0,0,0,0,0
481804,2,1,1986,6,6,6,6,6,6,6,6,6,6
481805,1,1,1986,0,0,0,0,0,20,0,6,0,0
481805,2,1,1986,0,0,0,0,0,0,0,3,0,0
481806,1,1,1986,11,11,11,11,11,11,11,11,11,11
481807,1,1,1986,9,31,10,17,34,0,14,13,0,12
481808,1,1,1986,15,15,15,15,15,15,15,15,15,15
481808,2,1,1986,0,11,0,0,0,0,0,0,10,0
481809,1,1,1986,13,15,9,14,12,8,0,0,7,16
481810,1,1,1986,34,26,15,13,11,0,6,15,21,41
481811,1,1,1986,0,11,13,27,7,0,26,15,30,27
481812,1,1,1986,0,0,11,20,0,0,17,11,15,14
481812,2,1,1986,16,5,7,14,23,31,13,11,13,21
481813,0,1,1986,23,0,15,0,0,0,0,5,12,0
481813,1,1,1986,0,0,0,0,0,0,0,0,0,0
481814,1,1,1986,14,4,0,31,0,0,0,13,28,0
481814,2,1,1986,0,0,0,16,0,25,12,0,25,0
481815,0,1,1986,30,30,30,30,30,30,30,30,30,30
481815,1,1,1986,0,0,0,0,0,21,17,0,0,0
481815,2,1,1986,0,0,0,0,0,0,0,0,0,0
481815,3,1,1986,0,0,0,0,0,0,0,0,0,16
481816,1,1,1986,9,0,0,0,0,11,0,0,0,0
481816,2,1,1986,0,0,0,0,0,0,0,0,0,0
481817,1,1,1986,38,19,23,18,14,27,9,18,0,14
481818,1,1,1986,0,0,0,0,0,0,0,0,0,0
481819,1,1,1986,29,29,29,29,29,29,29,29,29,29
481820,0,1,1986,0,0,0,1,0,0,0,0,0,0
481820,1,1,1986,0,0,9,0,0,0,0,0,0,0
481821,1,1,1986,26,26,26,26,26,26,26,26,26,26
481822,1,1,1986,0,0,0,0,0,0,0,0,0,0
481822,2,1,1986,0,0,0,0,0,0,0,0,0,0
481823,1,1,1986,3,0,0,0,12,0,0,0,0,0
481823,2,1,1986,0,20,0,0,0,0,16,0,0,0
481824,1,1,1986,26,26,26,26,26,26,26,26,26,26
481825,1,1,1986,22,22,22,22,22,22,22,22,22,22
481826,1,1,1986,0,0,0,0,0,0,0,0,0,9
481826,2,1,1986,0,0,0,0,11,0,0,0,0,0
481827,1,1,1986,0,0,0,0,0,1,0,0,0,0
481827,2,1,1986,0,0,0,0,0,0,19,0,0,0
481828,1,1,1986,13,0,0,20,0,0,0,0,0,0
481829,1,1,1986,0,0,0,0,0,0,0,0,0,0
481829,2,1,1986,0,0,0,0,0,0,0,0,0,0
481829,3,1,1986,0,0,0,0,0,0,0,0,9,0
481830,0,1,1986,0,0,0,0,0,0,0,0,0,0
481830,1,1,1986,0,0,0,0,0,0,0,0,0,0
481831,1,1,1986,0,0,0,0,0,0,0,0,0,0
481831,2,1,1986,0,0,0,0,0,0,0,0,0,0
481832,1,1,1986,0,0,6,0,9,26,0,0,15,0
481833,0,1,1986,0,0,0,10,0,0,0,0,0,0
481833,1,1,1986,0,0,0,0,0,0,0,0,0,0
481834,1,1,1986,13,12,16,10,0,0,0,16,19,0
481834,2,1,1986,0,0,0,0,0,0,0,0,0,0
481835,1,1,1986,24,24,24,24,24,24,24,24,24,24
481836,1,1,1986,19,19,19,19,19,19,19,19,19,19
481837,1,1,1986,26,26,26,26,26,26,26,26,26,26
481837,2,1,1986,0,0,0,0,0,0,0,0,0,0
481838,0,1,1986,8,8,8,8,8,8,8,8,8,8
481838,1,1,1986,0,20,16,0,13,0,7,0,0,0
481839,1,1,1986,21,21,21,21,21,21,21,21,21,21
481839,2,1,1986,9,9,9,9,9,9,9,9,9,9
481840,1,1,1986,0,0,0,0,0,0,0,0,0,0
481840,2,1,1986,0,0,0,0,0,0,0,0,0,0
481841,0,1,1986,0,0,0,0,0,19,0,0,0,0
481841,1,1,1986,0,0,0,0,0,0,0,0,0,0
481842,1,1,1986,11,11,11,11,11,11,11,11,11,11
481843,1,1,1986,27,10,25,0,13,15,15,0,22,12
481844,1,1,1986,25,25,25,25,25,25,25,25,25,25
481845,1,1,1986,29,29,29,29,29,29,29,29,29,29
481846,1,1,1986,30,9,0,0,26,0,16,34,26,0
481847,0,1,1986,0,0,0,0,25,0,0,0,0,0
481847,0,2,1986,0,9,12,0,20,0,0,13,0,2
481847,1,1,1986,24,12,34,13,0,16,22,14,10,8
481848,1,1,1986,0,0,0,0,0,0,0,0,0,0
481849,1,1,1986,12,12,12,12,12,12,12,12,12,12
481850,0,1,1986,0,0,0,0,0,0,0,0,0,0
481850,1,1,1986,31,31,31,31,31,31,31,31,31,31
481851,1,1,1986,18,6,17,7,0,0,0,10,25,0
481851,2,1,1986,0,0,7,0,8,0,5,7,20,54
481852,1,1,1986,24,24,24,24,24,24,24,24,24,24
481853,1,1,1986,0,0,0,0,0,0,0,0,8,0
481853,2,1,1986,7,7,7,7,7,7,7,7,7,7
481854,1,1,1986,0,0,0,0,21,0,0,0,0,3
481854,2,1,1986,8,27,2,0,14,18,18,0,17,10
481855,1,1,1986,17,12,10,9,46,15,10,11,21,31
481856,1,1,1986,14,0,20,26,13,13,12,0,18,16
481857,1,1,1986,13,12,9,19,12,16,0,2,0,5
481858,0,1,1986,0,0,28,0,23,21,18,18,0,19
481858,1,1,1986,0,0,0,0,0,0,0,0,0,0
481859,1,1,1986,15,15,15,15,15,15,15,15,15,15
481860,1,1,1986,0,0,0,0,0,0,0,0,0,0
481860,2,1,1986,0,0,0,0,0,0,0,0,0,0
481861,1,1,1986,16,16,16,16,16,16,16,16,16,16
481862,1,1,1986,17,17,17,17,17,17,17,17,17,17
481863,1,1,1986,22,22,22,22,22,22,22,22,22,22
481864,1,1,1986,0,0,0,0,0,0,0,0,0,0
481865,0,1,1986,0,0,0,2,0,0,0,0,0,0
481865,1,1,1986,26,24,21,19,15,5,12,6,15,11
481866,0,1,1986,8,8,8,8,8,8,8,8,8,8
481866,1,1,1986,14,19,25,34,19,20,13,14,19,17
481867,1,1,1986,1,1,1,1,1,1,1,1,1,1
481867,2,1,1986,0,0,0,0,0,0,0,0,0,0
481868,1,1,1986,19,19,19,19,19,19,19,19,19,19
481869,1,1,1986,0,26,10,15,0,6,8,14,43,54
481869,2,1,1986,0,0,0,0,18,25,0,21,0,0
481870,1,1,1986,7,2,15,8,27,18,4,0,0,8
481871,0,1,1986,0,0,0,0,0,0,0,0,0,0
481871,1,1,1986,0,0,0,0,0,0,0,0,0,0
481872,0,1,1986,17,17,17,17,17,17,17,17,17,17
481872,1,1,1986,13,0,0,19,0,0,6,0,12,16
481873,1,1,1986,27,27,27,27,27,27,27,27,27,27
481874,1,1,1986,0,0,0,0,0,0,0,0,0,0
481875,1,1,1986,22,22,22,22,22,22,22,22,22,22
481876,1,1,1986,26,26,26,26,26,26,26,26,26,26
481876,2,1,1986,26,0,29,20,0,0,0,0,0,0
481877,0,1,1986,0,0,0,0,0,0,0,0,0,0
481877,1,1,1986,0,0,0,0,0,0,0,0,0,0
481878,1,1,1986,0,3,19,28,20,4,4,10,9,17
481879,1,1,1986,7,7,7,7,7,7,7,7,7,7
481880,1,1,1986,10,10,10,10,10,10,10,10,10,10
481881,1,1,1986,0,12,0,0,10,0,0,0,0,0
481882,1,1,1986,15,15,15,15,15,15,15,15,15,15
481883,1,1,1986,0,0,0,0,0,0,0,0,0,0
481883,2,1,1986,0,0,0,0,0,0,0,0,0,0
481884,0,1,1986,17,17,17,17,17,17,17,17,17,17
481884,1,1,1986,25,10,0,7,6,0,0,14,14,18
481885,1,1,1986,0,0,0,0,0,0,0,0,0,0
481885,2,1,1986,0,0,0,0,0,0,0,0,0,0
481886,1,1,1986,0,0,0,0,0,0,0,0,0,0
481886,2,1,1986,0,1,0,0,0,0,0,0,0,0
481887,0,1,1986,0,0,0,0,0,0,0,0,0,0
481887,1,1,1986,0,0,0,0,0,0,0,0,0,0
481888,1,1,1986,0,6,0,0,12,0,0,0,15,0