ST_CASE,VEH_NO,PER_NO,YEAR,P1,P2,P3,P4,P5,P6,P7,P8,P9,P10
481889,1,1,1986,0,0,0,0,0,0,0,0,0,0
481889,2,1,1986,0,17,0,13,0,0,0,8,0,0
481890,1,1,1986,18,11,0,15,5,29,10,0,22,12
481891,1,1,1986,0,0,0,0,0,0,0,0,0,0
481891,2,1,1986,0,0,0,0,0,0,0,0,0,0
481892,1,1,1986,0,0,0,0,0,0,12,0,0,0
481893,1,1,1986,0,0,28,23,17,26,0,0,0,16
481894,1,1,1986,0,0,0,0,0,0,0,0,0,0
481895,1,1,1986,0,0,0,0,0,0,0,0,0,0
481896,1,1,1986,0,0,0,0,0,0,0,0,0,0
481896,2,1,1986,0,0,0,0,0,0,0,0,0,0
481897,1,1,1986,26,0,0,0,0,0,0,0,0,0
481898,1,1,1986,0,0,0,0,0,0,0,0,0,0
481898,2,1,1986,0,0,0,0,0,0,0,0,0,0
481899,0,1,1986,0,0,0,0,0,0,0,0,0,0
481899,1,1,1986,0,0,0,17,0,0,0,18,0,0
481900,1,1,1986,0,0,0,0,0,0,0,0,0,0
481900,2,1,1986,0,9,0,0,0,0,0,0,18,0
481901,1,1,1986,0,0,32,0,0,0,0,37,24,0
481901,2,1,1986,0,0,0,0,0,0,0,0,0,0
481902,1,1,1986,12,0,20,20,19,9,16,20,21,11
481903,0,1,1986,14,14,14,14,14,14,14,14,14,14
481903,1,1,1986,0,0,0,0,0,0,0,0,0,0
481904,1,1,1986,23,11,23,43,4,8,12,6,25,13
481905,1,1,1986,21,17,18,15,22,19,21,28,29,12
481906,1,1,1986,15,15,15,15,15,15,15,15,15,15
481907,1,1,1986,15,15,15,15,15,15,15,15,15,15
481908,1,1,1986,12,14,13,24,16,13,20,0,0,0
481908,2,1,1986,0,20,0,10,0,0,9,0,0,16
481908,3,1,1986,16,0,0,0,0,0,0,17,28,0
481909,1,1,1986,13,0,0,0,0,0,19,0,11,14
481909,2,1,1986,0,0,25,0,0,16,0,0,0,16
481910,1,1,1986,9,9,9,9,9,9,9,9,9,9
481911,1,1,1986,17,17,17,17,17,17,17,17,17,17
481912,1,1,1986,0,17,12,20,14,21,6,6,28,12
481913,1,1,1986,21,13,0,15,13,26,29,14,18,16
481914,1,1,1986,24,17,19,20,18,13,33,8,0,0
481914,2,1,1986,0,0,0,0,0,13,0,0,11,8
481915,0,1,1986,9,9,9,9,9,9,9,9,9,9
481915,1,1,1986,0,0,18,0,17,0,0,0,7,0
481916,1,1,1986,0,0,0,0,0,0,2,0,0,0
481916,2,1,1986,0,3,0,0,0,12,0,0,0,0
481917,1,1,1986,0,0,0,7,0,0,0,0,0,0
481917,2,1,1986,0,2,0,0,0,0,0,0,0,0
481919,1,1,1986,0,0,0,0,0,0,0,0,0,0
481919,2,1,1986,0,0,0,0,0,7,0,0,0,0
481920,1,1,1986,0,0,0,0,0,0,0,0,0,0
481920,2,1,1986,0,0,0,0,0,0,0,0,0,8
481921,1,1,1986,2,2,2,2,2,2,2,2,2,2
481922,1,1,1986,29,29,29,29,29,29,29,29,29,29
481923,1,1,1986,2,2,2,2,2,2,2,2,2,2
481924,0,1,1986,0,0,0,0,0,0,0,0,0,0
481924,1,1,1986,0,0,0,9,18,0,0,0,0,0
481925,0,1,1986,33,33,33,33,33,33,33,33,33,33
481925,1,1,1986,8,0,0,10,0,0,0,0,0,0
481926,1,1,1986,8,26,15,13,17,0,16,0,16,0
481927,1,1,1986,4,4,4,4,4,4,4,4,4,4
481928,1,1,1986,0,0,0,0,0,0,0,0,0,0
481929,1,1,1986,3,14,27,14,11,8,0,17,0,11
481930,1,1,1986,0,0,0,0,0,0,0,0,0,0
481930,2,1,1986,0,0,6,0,0,0,0,0,0,0
481931,1,1,1986,12,31,18,29,8,25,30,15,17,21
481932,0,1,1986,0,0,0,0,0,0,0,0,0,0
481932,1,1,1986,0,0,0,0,0,0,0,3,0,0
481933,1,1,1986,0,7,7,20,11,0,8,11,0,19
481934,1,1,1986,0,0,0,0,0,6,0,0,0,0
481934,2,1,1986,19,0,0,0,0,0,0,0,0,0
481935,1,1,1986,0,0,13,0,0,2,0,0,0,0
481935,2,1,1986,0,0,0,0,0,0,0,0,0,0
481936,1,1,1986,0,0,0,0,0,0,0,0,17,0
481937,0,1,1986,0,0,0,0,0,0,0,0,0,0
481937,1,1,1986,8,0,0,0,0,0,0,0,0,0
481938,1,1,1986,10,10,10,10,10,10,10,10,10,10
481938,2,1,1986,1,1,1,1,1,1,1,1,1,1
481939,0,1,1986,43,43,43,43,43,43,43,43,43,43
481939,1,1,1986,0,0,0,0,0,0,0,0,13,0
481940,0,1,1986,0,21,16,0,15,0,0,0,15,12
481940,1,1,1986,0,16,9,10,6,16,0,0,0,20
481941,1,1,1986,0,0,0,0,0,0,0,0,0,0
481941,2,1,1986,0,0,0,0,0,0,0,0,0,0
481942,1,1,1986,29,29,29,29,29,29,29,29,29,29
481942,2,1,1986,0,0,0,0,0,0,0,0,8,0
481943,1,1,1986,0,0,0,0,0,0,0,0,0,0
481943,2,1,1986,0,0,0,0,0,13,0,0,14,10
481944,1,1,1986,6,6,6,6,6,6,6,6,6,6
481945,1,1,1986,0,0,0,0,0,0,0,0,0,0
481945,2,1,1986,0,0,0,0,0,0,0,0,0,0
481946,1,1,1986,21,21,21,21,21,21,21,21,21,21
481946,2,1,1986,0,0,0,0,0,0,0,0,0,0
481947,0,1,1986,12,18,0,19,14,14,11,11,2,6
481947,1,1,1986,0,0,0,0,0,0,0,0,0,0
481948,1,1,1986,22,22,22,22,22,22,22,22,22,22
481949,1,1,1986,28,28,28,28,28,28,28,28,28,28
481949,2,1,1986,0,27,0,0,0,0,0,0,0,0
481949,3,1,1986,9,9,9,9,9,9,9,9,9,9
481950,1,1,1986,19,19,19,19,19,19,19,19,19,19
481951,1,1,1986,15,15,15,15,15,15,15,15,15,15
481952,0,1,1986,0,0,43,31,26,21,41,0,16,18
481952,0,2,1986,15,0,29,13,15,0,28,10,23,0
481952,1,1,1986,14,0,0,7,11,4,0,10,0,17
481953,1,1,1986,0,0,0,0,0,0,0,0,0,0
481953,2,1,1986,0,0,0,0,0,0,0,0,0,22
481953,3,1,1986,0,0,0,0,0,0,0,0,0,0
481954,1,1,1986,0,0,0,0,0,0,0,0,0,0
481954,2,1,1986,0,0,0,0,0,0,0,0,0,0
481954,3,1,1986,0,0,0,0,0,0,0,0,0,0
481955,1,1,1986,18,18,18,18,18,18,18,18,18,18
481956,1,1,1986,14,12,7,17,0,0,15,0,15,11
481957,1,1,1986,0,0,0,0,0,0,0,0,0,0
481957,2,1,1986,2,2,2,2,2,2,2,2,2,2
481958,1,1,1986,0,0,0,0,0,0,0,0,0,0
481959,1,1,1986,12,0,0,0,0,0,12,0,0,0
481960,1,1,1986,0,0,0,0,0,0,0,0,0,0
481960,2,1,1986,0,0,25,0,0,0,0,0,0,29
481961,1,1,1986,22,22,22,22,22,22,22,22,22,22
481961,2,1,1986,0,8,11,0,0,0,0,0,0,0
481962,1,1,1986,0,0,0,0,0,0,4,7,27,0
481963,1,1,1986,7,7,7,7,7,7,7,7,7,7
481964,0,1,1986,35,0,0,0,0,0,0,30,20,19
481964,1,1,1986,11,12,5,9,4,7,18,13,25,37
481965,1,1,1986,0,0,0,13,22,0,0,0,0,0
481965,2,1,1986,12,12,19,2,17,10,13,18,13,21
481966,1,1,1986,0,0,0,0,0,0,0,0,0,0
481966,2,1,1986,19,19,19,19,19,19,19,19,19,19
481967,1,1,1986,0,0,0,0,0,0,0,0,0,0
481967,2,1,1986,0,0,0,0,0,0,0,27,0,4
481968,1,1,1986,9,16,31,24,22,33,6,22,13,17
481969,1,1,1986,0,0,0,0,0,0,0,0,0,0
481969,2,1,1986,22,22,22,22,22,22,22,22,22,22
481970,0,1,1986,0,0,13,0,0,0,0,0,0,13
481970,0,2,1986,0,0,0,0,0,0,0,0,0,0
481970,1,1,1986,0,0,0,0,0,0,0,0,0,0
481971,1,1,1986,6,6,6,6,6,6,6,6,6,6
481972,0,1,1986,0,0,0,0,0,0,0,0,0,0
481972,1,1,1986,0,12,0,0,6,0,0,0,10,0
481973,1,1,1986,15,15,15,15,15,15,15,15,15,15
481974,1,1,1986,0,0,0,0,10,0,0,0,0,0
481974,2,1,1986,0,0,17,0,0,0,0,0,0,0
481975,1,1,1986,0,0,0,0,0,0,17,0,0,0
481975,2,1,1986,0,0,0,0,7,0,0,0,0,0
481976,1,1,1986,0,0,0,0,0,0,0,12,0,0
481976,2,1,1986,23,23,23,23,23,23,23,23,23,23
481976,3,1,1986,0,0,9,0,0,0,0,0,0,0
481977,1,1,1986,15,25,36,9,22,20,24,21,22,4
481978,1,1,1986,0,0,0,0,0,0,0,0,0,0
481979,1,1,1986,0,0,0,0,0,0,0,0,0,0
481979,2,1,1986,0,0,8,0,0,10,11,0,0,0
481980,1,1,1986,10,10,10,10,10,10,10,10,10,10
481980,2,1,1986,0,0,0,5,0,0,0,0,0,0
481980,3,1,1986,5,0,0,0,0,0,0,0,4,0
481981,1,1,1986,0,0,0,0,0,0,0,0,0,0
481982,1,1,1986,0,0,0,0,0,0,0,0,0,0
481982,2,1,1986,0,0,0,0,0,0,0,0,0,0
481983,0,1,1986,0,0,0,0,0,0,0,0,0,0
481983,1,1,1986,0,6,0,0,0,6,16,0,0,0
481983,2,1,1986,8,17,16,25,22,23,6,10,0,18
481984,1,1,1986,16,16,16,16,16,16,16,16,16,16
481985,1,1,1986,0,0,0,0,0,0,0,0,0,0
481985,2,1,1986,0,0,0,0,0,0,0,0,0,0
481985,3,1,1986,0,0,0,0,0,0,0,0,0,0
481986,1,1,1986,0,0,0,0,0,0,0,0,0,0
481986,2,1,1986,21,21,21,21,21,21,21,21,21,21
481987,1,1,1986,0,0,0,0,0,0,0,0,0,0
481987,2,1,1986,0,0,8,0,0,0,0,0,15,0
481988,0,1,1986,17,44,3,34,22,43,36,36,7,25
481988,1,1,1986,16,16,16,16,16,16,16,16,16,16
481989,0,1,1986,21,21,21,21,21,21,21,21,21,21
481989,1,1,1986,16,8,0,0,0,11,15,0,31,0
481990,1,1,1986,21,0,0,0,0,0,17,0,0,0
481990,2,1,1986,0,0,0,0,0,0,0,0,9,19
481991,1,1,1986,8,8,8,8,8,8,8,8,8,8
481992,0,1,1986,8,22,0,0,10,0,0,14,0,15
481992,1,1,1986,0,0,3,0,0,0,0,11,8,0
481993,1,1,1986,5,5,5,5,5,5,5,5,5,5
481993,2,1,1986,0,0,0,0,0,0,0,0,0,0
481994,1,1,1986,11,11,11,11,11,11,11,11,11,11
481995,1,1,1986,8,19,13,24,0,0,0,18,0,13
481995,2,1,1986,17,17,17,17,17,17,17,17,17,17
481996,0,1,1986,0,0,0,0,0,11,0,0,0,0
481996,1,1,1986,0,15,0,4,7,13,0,9,0,8
481997,1,1,1986,0,28,0,0,11,12,0,7,0,0
481998,1,1,1986,7,7,7,7,7,7,7,7,7,7
481999,0,1,1986,0,0,0,0,0,0,0,0,0,16
481999,1,1,1986,18,18,18,18,18,18,18,18,18,18
482000,1,1,1986,0,10,8,17,23,16,15,19,19,5
482001,1,1,1986,23,23,23,23,23,23,23,23,23,23
482002,1,1,1986,18,18,18,18,18,18,18,18,18,18
482003,1,1,1986,0,0,0,0,0,0,0,0,0,0
482004,1,1,1986,21,21,21,21,21,21,21,21,21,21
482005,1,1,1986,10,10,10,10,10,10,10,10,10,10
482006,1,1,1986,0,0,20,0,10,0,0,0,10,0
482006,2,1,1986,0,0,0,0,0,9,0,0,0,16
482007,1,1,1986,0,0,0,0,0,0,0,0,0,0
482007,2,1,1986,8,8,8,8,8,8,8,8,8,8
482008,1,1,1986,10,0,0,0,0,0,0,0,0,0
482008,2,1,1986,11,11,11,11,11,11,11,11,11,11
482009,1,1,1986,15,0,0,6,4,0,0,0,0,0
482010,0,1,1986,0,0,0,0,0,0,0,0,0,0
482010,1,1,1986,0,0,0,8,0,0,0,0,0,0
482011,1,1,1986,15,15,15,15,15,15,15,15,15,15
482012,1,1,1986,7,7,7,7,7,7,7,7,7,7
482012,2,1,1986,0,26,0,0,0,0,0,0,0,0
482013,1,1,1986,0,0,0,0,0,0,0,0,0,0
482013,2,1,1986,0,0,0,0,0,0,0,0,0,0
482014,1,1,1986,0,14,0,0,10,18,6,12,0,0
482015,1,1,1986,6,5,21,6,26,0,28,0,28,0
482016,1,1,1986,0,0,0,0,0,7,0,0,10,0
482016,2,1,1986,0,0,0,0,0,0,19,0,0,0
482017,0,1,1986,37,37,37,37,37,37,37,37,37,37
482017,1,1,1986,0,0,6,0,0,7,0,0,24,0
482018,1,1,1986,0,0,0,0,0,0,0,0,0,0
482019,1,1,1986,27,27,27,27,27,27,27,27,27,27
482019,2,1,1986,0,0,0,0,0,0,0,0,0,0
482020,1,1,1986,14,0,11,0,0,5,0,0,0,0
482021,0,1,1986,0,0,0,0,0,0,0,0,0,0
482021,1,1,1986,0,0,0,7,0,0,0,11,0,0
482022,1,1,1986,23,23,23,23,23,23,23,23,23,23
482023,1,1,1986,12,12,12,12,12,12,12,12,12,12
482024,1,1,1986,0,20,10,0,13,5,0,18,30,24
482025,1,1,1986,0,0,0,0,0,0,0,0,0,0
482025,2,1,1986,0,0,0,0,0,0,0,0,0,0
482025,3,1,1986,0,0,0,0,0,0,0,0,0,0
482026,1,1,1986,0,0,25,14,19,0,14,0,15,18
482027,1,1,1986,0,19,0,0,0,12,0,5,12,0
482028,0,1,1986,0,0,0,6,0,0,0,15,0,0
482028,1,1,1986,15,0,11,3,0,0,14,7,12,0
482029,0,1,1986,24,24,24,24,24,24,24,24,24,24
482029,1,1,1986,4,4,4,4,4,4,4,4,4,4
482030,1,1,1986,11,3,11,8,8,13,15,32,21,31
482031,0,1,1986,0,0,0,0,0,0,0,0,0,0
482031,1,1,1986,0,0,10,0,0,0,0,0,0,0
482032,0,1,1986,0,0,0,0,0,2,0,10,0,5
482032,1,1,1986,0,0,0,0,0,0,0,0,0,0
482033,0,1,1986,15,36,33,24,7,11,32,19,14,24
482033,1,1,1986,16,0,18,8,0,8,10,30,4,29
482034,0,1,1986,9,0,0,0,0,28,0,18,0,0
482034,1,1,1986,18,23,8,14,0,0,0,0,0,7
482035,1,1,1986,0,34,15,23,16,0,0,21,19,0
482036,1,1,1986,7,7,15,16,15,20,7,0,26,18
482037,1,1,1986,0,0,0,0,0,0,0,18,7,0
482038,1,1,1986,20,20,35,15,17,27,15,15,28,0
482039,1,1,1986,0,0,0,0,0,0,0,0,0,0
482039,2,1,1986,9,0,0,0,0,0,0,0,0,0
482040,1,1,1986,5,5,5,5,5,5,5,5,5,5
482040,2,1,1986,10,10,10,10,10,10,10,10,10,10
482041,1,1,1986,0,0,0,0,0,0,0,0,0,0
482041,2,1,1986,6,22,8,26,0,0,0,10,0,0
482042,1,1,1986,0,0,0,0,0,0,0,0,0,3
482042,2,1,1986,0,0,0,0,10,0,0,13,0,3
482043,1,1,1986,12,23,22,19,16,17,12,17,19,18
482044,0,1,1986,0,0,3,0,0,0,23,17,0,0
482044,1,1,1986,0,0,0,0,0,0,0,0,0,0
482045,1,1,1986,10,25,22,6,9,9,24,11,19,26
482045,2,1,1986,0,0,0,0,0,0,0,0,3,0
482046,0,1,1986,0,0,0,0,0,0,0,18,0,0
482046,1,1,1986,0,0,0,0,0,0,0,0,0,0
482047,1,1,1986,15,0,0,0,0,0,0,0,0,0
482047,2,1,1986,0,0,0,0,0,0,0,0,0,9
482048,1,1,1986,0,0,0,0,0,0,0,0,0,0
482048,2,1,1986,0,0,0,12,0,19,0,5,0,0
482049,1,1,1986,22,22,22,22,22,22,22,22,22,22
482050,1,1,1986,0,0,0,0,0,0,0,0,0,0
482051,1,1,1986,13,13,13,13,13,13,13,13,13,13
482052,1,1,1986,0,0,0,0,0,0,0,10,11,11
482052,2,1,1986,11,11,11,11,11,11,11,11,11,11
482053,0,1,1986,0,21,21,36,0,28,0,0,0,30
482053,1,1,1986,0,13,19,0,20,0,12,0,0,0
482054,1,1,1986,0,11,15,0,0,0,19,6,5,8
482054,2,1,1986,9,9,9,9,9,9,9,9,9,9
482055,1,1,1986,0,0,3,0,0,0,0,0,0,0
482055,2,1,1986,0,0,0,0,0,0,0,0,0,0
482056,1,1,1986,18,18,18,18,18,18,18,18,18,18
482057,1,1,1986,0,0,0,0,0,0,0,0,0,8
482058,1,1,1986,0,0,0,0,0,0,0,0,0,0
482058,2,1,1986,0,0,0,0,0,0,0,0,0,0
482059,1,1,1986,7,13,21,15,0,14,20,14,25,22
482060,1,1,1986,0,0,0,0,0,0,0,0,0,0
482061,0,1,1986,30,30,30,30,30,30,30,30,30,30
482061,1,1,1986,0,25,11,0,0,9,10,0,0,8
482062,1,1,1986,0,0,0,0,0,0,0,0,0,0
482062,2,1,1986,15,15,15,15,15,15,15,15,15,15
482063,0,1,1986,30,30,30,30,30,30,30,30,30,30
482063,1,1,1986,0,0,34,0,0,0,17,4,3,0
482064,1,1,1986,4,4,4,4,4,4,4,4,4,4
482064,2,1,1986,1,1,1,1,1,1,1,1,1,1
482064,3,1,1986,6,7,15,10,16,11,0,6,16,10
482065,1,1,1986,28,28,28,28,28,28,28,28,28,28
482066,1,1,1986,21,21,21,21,21,21,21,21,21,21
482067,1,1,1986,0,0,0,0,0,0,0,12,0,0
482068,1,1,1986,0,0,13,15,16,45,26,0,11,20
482068,2,1,1986,0,0,0,10,0,0,0,0,7,5
482069,1,1,1986,0,0,0,0,0,0,0,0,0,0
482070,1,1,1986,0,0,0,0,0,0,0,0,0,0
482071,0,1,1986,25,23,24,0,33,0,11,18,0,10
482071,1,1,1986,0,0,0,0,10,15,0,11,0,0
482072,1,1,1986,21,32,2,20,18,23,19,20,13,10
482074,1,1,1986,0,0,0,0,0,0,0,0,0,0
482074,2,1,1986,0,0,0,0,0,0,0,0,0,0
482075,1,1,1986,0,0,0,11,0,0,0,0,0,0
482076,0,1,1986,0,0,0,0,0,0,0,0,0,0
482076,1,1,1986,0,0,0,0,0,0,0,0,0,0
482077,0,1,1986,35,35,35,35,35,35,35,35,35,35
482077,1,1,1986,12,0,0,0,0,0,0,0,0,0
482077,2,1,1986,0,0,0,24,12,15,0,17,0,17
482077,3,1,1986,0,0,0,4,0,0,19,0,0,0
482078,0,1,1986,0,10,29,19,22,0,5,0,0,0
482078,1,1,1986,24,0,29,14,0,18,3,7,9,19
482078,2,1,1986,34,25,5,0,0,18,18,13,0,21
482079,1,1,1986,0,0,0,12,24,0,0,12,0,29
482079,2,1,1986,0,21,13,12,13,14,14,12,15,2
482079,3,1,1986,20,16,0,9,0,0,0,0,0,7
482080,1,1,1986,0,0,0,0,0,0,0,0,0,0
482080,2,1,1986,9,9,9,9,9,9,9,9,9,9
482081,1,1,1986,8,0,25,15,8,4,18,18,14,18
482082,1,1,1986,17,17,17,17,17,17,17,17,17,17
482082,2,1,1986,0,0,0,0,0,0,0,0,0,0
482083,1,1,1986,18,11,4,18,0,21,14,28,18,8
482084,1,1,1986,8,30,7,5,20,20,0,18,10,16
482085,1,1,1986,0,0,0,0,0,0,0,0,0,0
482085,2,1,1986,9,9,9,9,9,9,9,9,9,9
482086,1,1,1986,26,26,26,26,26,26,26,26,26,26
482086,2,1,1986,11,11,11,11,11,11,11,11,11,11
482087,1,1,1986,17,0,0,0,12,0,14,0,0,0
482087,2,1,1986,0,0,0,0,0,0,0,0,0,0
482087,3,1,1986,0,0,0,0,0,0,0,0,0,0
482087,4,1,1986,0,0,0,0,0,0,0,0,0,0
482088,0,1,1986,20,20,20,20,20,20,20,20,20,20
482088,1,1,1986,8,34,12,0,12,30,29,16,19,19
482089,1,1,1986,0,0,0,0,0,0,0,0,0,0
482089,2,1,1986,0,0,0,0,0,0,0,0,0,0
482090,1,1,1986,0,0,0,0,0,0,19,0,0,0
482091,1,1,1986,0,0,0,0,0,0,0,0,0,0
482092,1,1,1986,0,8,12,0,16,23,15,11,18,15
482093,1,1,1986,21,12,7,13,15,7,21,24,23,4
482094,1,1,1986,6,0,0,0,8,0,0,0,0,0
482094,2,1,1986,0,0,0,0,0,0,15,0,0,0
482095,1,1,1986,14,14,14,14,14,14,14,14,14,14
482096,1,1,1986,0,0,0,0,0,0,0,0,0,0
482096,2,1,1986,0,0,0,0,0,0,0,0,0,0
482097,0,1,1986,0,0,0,0,0,0,0,0,0,0
482097,1,1,1986,17,17,17,17,17,17,17,17,17,17
482098,1,1,1986,21,0,23,0,0,11,32,0,35,0
482099,1,1,1986,0,0,0,0,0,0,0,0,0,0
482099,2,1,1986,0,0,0,0,0,0,0,0,0,0
482100,1,1,1986,20,20,20,20,20,20,20,20,20,20
482100,2,1,1986,0,0,0,0,0,0,0,0,0,0
482101,1,1,1986,9,16,0,12,12,4,10,7,16,9
482102,1,1,1986,0,0,0,0,0,7,0,0,0,0
482102,2,1,1986,14,14,14,14,14,14,14,14,14,14
482103,1,1,1986,2,2,2,2,2,2,2,2,2,2
482104,1,1,1986,0,29,12,0,0,7,20,0,0,0
482105,1,1,1986,5,0,0,13,0,0,0,0,0,0
482105,2,1,1986,13,0,0,0,0,23,0,7,0,0
482106,1,1,1986,12,12,12,12,12,12,12,12,12,12
482106,2,1,1986,12,0,0,0,11,6,0,22,14,19
482107,0,1,1986,0,0,16,0,0,35,14,0,0,0
482107,1,1,1986,0,0,0,0,0,0,0,0,0,0
482108,1,1,1986,0,23,8,0,15,0,0,19,0,0
482109,1,1,1986,16,21,16,19,17,12,6,14,21,11
482110,1,1,1986,25,25,25,25,25,25,25,25,25,25
482111,1,1,1986,13,0,0,11,0,0,0,0,0,0
482112,1,1,1986,0,0,0,0,9,0,7,0,0,0
482112,2,1,1986,0,0,0,0,0,0,0,0,0,15
482113,1,1,1986,9,3,12,8,14,17,17,11,9,11
482114,1,1,1986,19,19,19,19,19,19,19,19,19,19
482115,1,1,1986,16,16,16,16,16,16,16,16,16,16
482116,1,1,1986,0,12,8,14,0,0,6,14,10,0
482117,0,1,1986,25,42,0,20,14,0,19,32,6,14
482117,1,1,1986,5,0,14,17,0,0,0,0,0,0
482118,0,1,1986,0,0,0,0,0,0,0,0,0,0
482118,1,1,1986,0,0,0,0,0,0,21,0,0,0
482119,1,1,1986,0,0,19,13,29,14,22,16,19,16
482119,2,1,1986,9,0,0,0,0,0,0,0,0,0
482120,1,1,1986,0,0,0,0,0,0,0,0,0,0
482120,2,1,1986,0,0,0,0,4,0,0,0,0,0
482121,1,1,1986,0,0,0,0,0,0,0,0,0,0
482121,2,1,1986,0,0,0,0,0,0,0,7,0,8
482122,1,1,1986,0,0,0,13,0,14,5,0,0,0
482123,0,1,1986,0,0,0,0,0,0,0,22,0,0
482123,0,2,1986,0,0,0,0,0,0,0,0,11,0
482123,1,1,1986,0,0,0,0,0,0,5,0,0,0
482123,2,1,1986,0,6,0,0,0,0,0,0,0,0
482124,1,1,1986,12,12,12,12,12,12,12,12,12,12
482125,1,1,1986,0,0,0,0,0,0,0,0,0,0
482125,2,1,1986,0,0,0,0,0,0,0,0,0,0
482126,1,1,1986,0,15,0,14,6,12,0,0,0,0
482127,0,1,1986,20,33,9,31,24,24,12,9,8,10
482127,1,1,1986,27,20,25,10,16,7,0,8,2,12
482128,1,1,1986,10,10,10,10,10,10,10,10,10,10
482129,1,1,1986,0,0,0,0,0,0,0,0,3,0
482129,2,1,1986,0,0,0,0,0,0,0,0,0,0
482130,1,1,1986,11,12,14,0,3,24,18,12,8,8
482131,1,1,1986,0,0,0,0,0,20,0,0,0,22
482132,1,1,1986,20,20,20,20,20,20,20,20,20,20
482132,2,1,1986,0,0,0,0,0,0,0,0,0,0
482133,0,1,1986,20,20,20,20,20,20,20,20,20,20
482133,1,1,1986,0,0,0,0,0,0,0,0,0,0
482134,1,1,1986,0,0,0,0,0,14,0,0,0,0
482134,2,1,1986,18,18,0,0,0,0,0,0,0,0
482135,0,1,1986,0,0,0,0,0,0,13,0,0,0
482135,1,1,1986,0,0,0,0,0,0,0,0,0,0
482136,1,1,1986,0,0,0,25,7,0,0,0,0,0
482136,2,1,1986,0,0,0,0,0,0,0,0,0,0
482137,1,1,1986,20,0,0,0,0,0,0,0,6,21
482137,2,1,1986,0,0,0,0,0,0,0,0,0,0
482138,1,1,1986,0,0,0,0,0,0,0,0,0,0
482138,2,1,1986,0,0,0,0,0,0,0,0,0,0
482139,0,1,1986,0,0,0,0,0,0,0,0,0,0
482139,1,1,1986,0,0,0,0,0,0,0,0,7,17
482140,1,1,1986,0,0,0,10,0,0,0,0,0,0
482140,2,1,1986,1,1,1,1,1,1,1,1,1,1
482141,1,1,1986,0,0,0,0,8,0,0,0,0,0
482141,2,1,1986,16,0,0,0,0,0,0,0,0,0
482142,0,1,1986,0,0,0,0,0,0,48,10,0,0
482142,1,1,1986,0,0,0,0,0,0,8,0,0,0
482143,1,1,1986,0,0,0,0,0,0,0,0,0,0
482144,1,1,1986,0,0,0,0,0,0,0,0,0,0
482145,1,1,1986,0,0,0,0,0,0,0,0,0,0
482146,1,1,1986,0,0,0,0,0,0,0,0,0,0
482146,2,1,1986,0,0,0,0,0,0,0,0,0,0
482147,1,1,1986,0,0,0,0,0,0,0,0,0,0
482147,2,1,1986,0,0,0,0,0,0,0,0,0,0
482148,1,1,1986,0,0,0,0,12,0,0,0,21,9
482148,2,1,1986,0,0,0,0,0,0,0,0,0,0
482148,3,1,1986,0,0,0,0,0,0,0,0,0,0
482148,4,1,1986,0,0,0,0,0,0,0,0,0,0
482149,1,1,1986,0,0,0,0,0,0,0,0,0,0
482149,2,1,1986,0,8,0,0,0,0,0,0,0,0
482149,3,1,1986,0,0,0,0,0,0,0,0,0,0
482150,1,1,1986,15,15,15,15,15,15,15,15,15,15
482151,0,1,1986,29,29,29,29,29,29,29,29,29,29
482151,1,1,1986,0,0,15,0,0,0,0,0,0,0
482153,1,1,1986,0,15,10,19,12,9,4,13,10,8
482154,1,1,1986,0,0,10,0,2,0,12,44,0,33
482155,0,1,1986,0,0,0,0,0,0,0,0,0,0
482155,1,1,1986,0,0,0,0,0,0,0,0,0,0
482156,1,1,1986,32,32,32,32,32,32,32,32,32,32
482156,2,1,1986,0,0,0,0,0,0,0,0,0,0
482156,3,1,1986,0,0,0,0,0,0,0,0,0,16
482157,1,1,1986,0,0,0,0,0,0,0,0,0,0
482157,2,1,1986,0,0,0,13,0,0,20,0,0,31
482158,1,1,1986,15,15,15,15,15,15,15,15,15,15
482159,1,1,1986,25,25,25,25,25,25,25,25,25,25
482160,1,1,1986,0,0,2,0,0,0,0,0,0,0
482160,2,1,1986,0,17,0,0,0,0,0,0,13,0
482160,3,1,1986,4,0,0,0,0,6,5,0,0,8
482161,1,1,1986,0,0,0,0,0,0,0,0,0,0
482161,2,1,1986,0,0,0,0,0,0,0,0,0,0
482162,1,1,1986,4,13,11,6,12,32,22,13,0,26
482163,1,1,1986,13,13,13,13,13,13,13,13,13,13
482163,2,1,1986,28,28,28,28,28,28,28,28,28,28
482164,1,1,1986,0,0,0,0,0,0,0,0,0,0
482164,2,1,1986,0,0,0,0,0,0,0,7,0,0
482165,1,1,1986,6,6,6,6,6,6,6,6,6,6
482166,1,1,1986,11,17,0,16,0,0,0,0,0,0
482167,1,1,1986,20,20,20,20,20,20,20,20,20,20