ST_CASE,VEH_NO,PER_NO,YEAR,P1,P2,P3,P4,P5,P6,P7,P8,P9,P10
510586,1,1,1986,0,0,0,0,0,0,0,0,0,0
510587,1,1,1986,0,0,0,0,0,0,0,0,0,0
510588,1,1,1986,0,21,0,0,0,0,0,9,10,0
510589,1,1,1986,10,10,10,10,10,10,10,10,10,10
510590,0,1,1986,0,0,0,0,0,0,0,0,0,0
510590,1,1,1986,0,0,18,5,10,8,0,0,5,17
510591,1,1,1986,0,0,7,0,0,0,0,13,0,0
510591,2,1,1986,4,4,4,4,4,4,4,4,4,4
510592,0,1,1986,0,0,0,0,0,0,0,0,0,0
510592,1,1,1986,18,29,13,9,13,18,6,18,20,14
510593,1,1,1986,5,0,0,0,0,0,8,0,11,0
510594,1,1,1986,22,22,22,22,22,22,22,22,22,22
510595,1,1,1986,0,0,13,16,28,13,17,9,21,32
510596,1,1,1986,0,0,0,0,0,0,0,0,0,0
510596,2,1,1986,0,0,0,0,0,0,0,0,0,0
510596,3,1,1986,0,17,0,0,0,0,0,0,0,0
510597,1,1,1986,0,0,0,0,0,0,0,0,0,0
510598,1,1,1986,0,0,0,0,0,0,0,0,0,0
510598,2,1,1986,1,1,1,1,1,1,1,1,1,1
510599,1,1,1986,0,0,0,0,0,0,0,0,0,0
510599,2,1,1986,0,0,0,0,0,0,0,0,0,0
510600,1,1,1986,0,0,0,0,0,0,0,0,0,0
510601,1,1,1986,21,21,21,21,21,21,21,21,21,21
510602,1,1,1986,27,27,27,27,27,27,27,27,27,27
510603,1,1,1986,11,11,11,11,11,11,11,11,11,11
510603,2,1,1986,0,0,0,0,3,0,16,9,0,0
510604,0,1,1986,36,36,36,36,36,36,36,36,36,36
510604,1,1,1986,24,0,21,27,24,10,0,17,20,17
510605,1,1,1986,17,17,17,17,17,17,17,17,17,17
510606,1,1,1986,14,14,14,14,14,14,14,14,14,14
510607,1,1,1986,23,23,23,23,23,23,23,23,23,23
510608,0,1,1986,0,0,0,0,0,0,0,0,0,0
510608,1,1,1986,0,0,0,0,0,0,0,0,0,0
510609,1,1,1986,0,0,0,0,0,0,0,0,0,0
510609,2,1,1986,0,0,0,0,0,0,0,0,0,0
510609,3,1,1986,16,0,16,21,0,0,0,0,0,0
510610,1,1,1986,3,3,3,3,3,3,3,3,3,3
510610,2,1,1986,0,0,0,0,0,0,0,0,0,0
510611,1,1,1986,10,21,7,23,19,15,15,15,32,20
510612,1,1,1986,0,0,0,0,0,0,0,0,0,0
510612,2,1,1986,0,0,0,0,0,0,0,0,0,0
510613,1,1,1986,0,0,0,0,0,0,0,0,0,0
510613,2,1,1986,0,0,0,0,0,0,0,0,17,0
510613,3,1,1986,0,0,0,0,0,0,0,0,0,0
510614,1,1,1986,1,1,1,1,1,1,1,1,1,1
510614,2,1,1986,1,1,1,1,1,1,1,1,1,1
510615,0,1,1986,22,22,22,22,22,22,22,22,22,22
510615,1,1,1986,0,0,0,0,0,0,0,13,14,0
510616,1,1,1986,0,0,0,0,0,0,0,0,0,0
510617,1,1,1986,2,2,2,2,2,2,2,2,2,2
510618,1,1,1986,0,0,0,0,0,0,0,0,0,0
510618,2,1,1986,0,0,0,0,0,0,0,0,0,0
510619,1,1,1986,0,0,0,0,0,0,0,0,0,0
510619,2,1,1986,0,0,0,0,0,0,0,0,0,0
510619,3,1,1986,0,0,0,0,0,0,0,0,0,0
510620,1,1,1986,0,0,0,0,0,0,0,0,0,0
510620,2,1,1986,0,0,0,0,0,0,0,0,0,0
510621,1,1,1986,0,0,0,0,0,0,0,0,0,0
510622,1,1,1986,17,27,8,11,10,21,0,15,15,6
510623,1,1,1986,0,0,0,0,0,0,0,0,0,0
510623,2,1,1986,0,0,0,0,0,0,0,0,0,0
510624,1,1,1986,20,0,0,0,0,0,0,0,0,0
510625,1,1,1986,0,0,0,0,0,0,0,0,0,0
510625,2,1,1986,0,0,4,0,0,0,7,0,4,5
510626,1,1,1986,0,0,0,0,0,0,0,0,13,0
510627,1,1,1986,0,0,0,0,12,0,0,0,0,0
510628,1,1,1986,0,0,0,0,0,0,0,0,0,0
510628,2,1,1986,0,0,0,0,0,0,0,0,0,0
510628,3,1,1986,0,0,0,0,0,0,0,0,0,0
510629,0,1,1986,8,8,8,8,8,8,8,8,8,8
510629,1,1,1986,0,0,0,14,10,17,8,7,0,36
510630,0,1,1986,41,41,41,41,41,41,41,41,41,41
510630,1,1,1986,3,18,0,0,0,0,0,0,0,0
510631,1,1,1986,6,13,6,34,30,21,19,28,28,26
510632,1,1,1986,27,27,27,27,27,27,27,27,27,27
510633,1,1,1986,22,12,26,13,9,13,23,25,9,7
510634,1,1,1986,12,0,0,13,0,0,0,0,6,5
510634,2,1,1986,22,0,0,0,0,0,0,0,0,0
510635,1,1,1986,0,0,0,0,0,0,0,0,0,0
510636,1,1,1986,0,0,0,0,0,0,0,0,0,0
510637,1,1,1986,15,13,18,18,0,0,0,0,0,11
510638,1,1,1986,10,10,13,0,11,17,19,15,9,0
510639,1,1,1986,16,16,16,16,16,16,16,16,16,16
510639,2,1,1986,0,0,0,0,0,0,0,0,0,0
510640,1,1,1986,0,0,0,0,0,0,0,0,0,0
510641,1,1,1986,0,0,0,0,0,0,0,0,0,0
510642,1,1,1986,0,0,0,0,0,0,0,0,0,0
510642,2,1,1986,0,0,0,0,0,0,0,0,0,0
510643,1,1,1986,0,0,0,0,0,0,0,0,0,0
510643,2,1,1986,0,0,0,0,0,0,0,0,0,0
510644,0,1,1986,13,13,13,13,13,13,13,13,13,13
510644,1,1,1986,0,0,0,0,0,0,0,0,0,0
510645,1,1,1986,0,0,0,0,0,0,0,0,0,0
510646,1,1,1986,0,0,0,0,0,0,0,0,0,0
510646,2,1,1986,0,0,3,0,0,7,0,0,0,12
510647,1,1,1986,0,0,0,0,0,0,0,0,0,0
510647,2,1,1986,0,0,0,0,0,0,0,0,0,0
510647,3,1,1986,0,0,0,0,0,0,0,0,0,0
510648,1,1,1986,0,0,0,0,0,0,0,0,0,0
510648,2,1,1986,0,0,0,0,0,0,0,0,0,0
510648,3,1,1986,0,0,0,0,0,0,0,0,0,0
510648,4,1,1986,0,0,0,0,0,0,0,0,0,0
510648,5,1,1986,0,0,0,0,0,0,0,0,0,0
510648,6,1,1986,0,0,0,0,0,0,0,0,0,0
510649,1,1,1986,0,0,0,11,16,0,0,0,0,0
510649,2,1,1986,19,11,6,2,21,5,8,16,5,12
510650,1,1,1986,21,21,21,21,21,21,21,21,21,21
510651,1,1,1986,0,6,0,5,9,12,14,36,5,23
510651,2,1,1986,22,22,22,22,22,22,22,22,22,22
510652,1,1,1986,0,0,0,0,0,0,0,0,0,0
510653,1,1,1986,27,27,27,27,27,27,27,27,27,27
510654,1,1,1986,16,16,16,16,16,16,16,16,16,16
510655,0,1,1986,0,0,0,0,0,0,0,0,0,0
510655,0,2,1986,0,0,0,0,0,0,0,0,0,0
510655,1,1,1986,25,21,12,16,15,24,12,9,19,21
510656,1,1,1986,32,32,32,32,32,32,32,32,32,32
510657,1,1,1986,3,5,8,0,3,0,0,13,4,0
510657,2,1,1986,0,0,0,0,0,0,0,0,0,0
510658,1,1,1986,0,0,0,0,0,0,0,0,0,0
510658,2,1,1986,0,0,0,0,0,0,0,0,0,0
510659,0,1,1986,31,31,31,31,31,31,31,31,31,31
510659,1,1,1986,0,0,0,0,0,0,0,0,17,0
510660,1,1,1986,0,0,0,0,0,0,0,0,0,0
510661,1,1,1986,0,0,0,0,0,0,0,0,0,0
510662,1,1,1986,0,0,0,0,0,0,0,0,0,4
510662,2,1,1986,0,0,0,0,0,0,0,0,0,0
510663,1,1,1986,27,27,27,27,27,27,27,27,27,27
510664,1,1,1986,22,22,22,22,22,22,22,22,22,22
510665,1,1,1986,0,0,0,0,0,0,0,0,0,0
510665,2,1,1986,0,0,0,0,0,0,0,0,0,0
510666,0,1,1986,2,2,2,2,2,2,2,2,2,2
510666,1,1,1986,0,0,0,0,0,0,0,0,0,0
510667,1,1,1986,12,12,12,12,12,12,12,12,12,12
510668,0,1,1986,0,0,0,0,0,13,0,0,0,0
510668,1,1,1986,0,0,0,0,0,0,0,0,0,0
510669,1,1,1986,0,12,16,16,13,25,8,20,17,10
510669,2,1,1986,38,20,8,24,17,0,0,6,12,0
510669,3,1,1986,0,0,0,0,0,0,0,0,0,0
510670,1,1,1986,0,0,0,0,0,0,0,0,0,0
510671,1,1,1986,0,0,0,0,0,0,0,0,0,0
510672,1,1,1986,3,3,3,3,3,3,3,3,3,3
510673,1,1,1986,0,0,0,0,0,0,0,0,0,0
510674,1,1,1986,20,20,20,20,20,20,20,20,20,20
510676,1,1,1986,0,0,0,0,0,0,0,0,0,0
510677,1,1,1986,0,0,0,0,0,0,0,0,0,0
510678,1,1,1986,0,0,0,0,0,0,0,0,0,0
510678,2,1,1986,0,0,0,0,0,0,0,0,0,0
510678,3,1,1986,0,0,0,0,7,0,0,0,0,0
510679,1,1,1986,0,0,0,0,0,0,0,0,0,0
510679,2,1,1986,0,0,0,0,0,0,0,0,0,0
510680,1,1,1986,0,0,5,0,0,0,0,0,19,0
510680,2,1,1986,3,3,3,3,3,3,3,3,3,3
510681,1,1,1986,0,0,0,0,0,0,0,0,0,0
510681,2,1,1986,0,0,0,0,0,0,0,0,0,0
510682,1,1,1986,0,0,0,0,0,0,0,0,0,0
510683,1,1,1986,28,28,28,28,28,28,28,28,28,28
510683,2,1,1986,40,15,6,0,3,5,10,22,12,8
510684,1,1,1986,0,0,0,0,0,0,17,0,0,0
510685,1,1,1986,0,0,0,0,0,0,0,0,0,0
510685,2,1,1986,0,0,0,0,0,0,0,0,0,0
510685,3,1,1986,0,0,0,0,0,18,0,0,0,0
510686,1,1,1986,32,18,18,24,25,9,18,16,24,14
510687,1,1,1986,11,11,11,11,11,11,11,11,11,11
510687,2,1,1986,0,0,0,0,0,0,0,0,0,0
510689,0,1,1986,0,0,0,0,0,0,0,0,0,0
510689,1,1,1986,18,22,0,11,0,22,9,8,17,19
510690,1,1,1986,0,0,0,0,0,0,0,0,0,0
510690,2,1,1986,0,0,0,0,25,0,0,11,0,0
510690,3,1,1986,0,0,0,0,0,0,0,0,0,0
510691,1,1,1986,0,0,0,0,0,0,0,0,0,0
510691,2,1,1986,0,0,0,0,0,0,0,0,0,0
510692,1,1,1986,0,0,0,0,0,0,0,0,10,0
510692,2,1,1986,0,0,0,0,0,0,0,0,0,0
510693,0,1,1986,0,0,0,0,0,0,0,0,0,0
510694,1,1,1986,20,9,16,20,30,17,17,13,16,34
510695,1,2,1986,13,13,13,13,13,13,13,13,13,13
510696,1,1,1986,16,26,16,25,13,12,28,20,19,10
510697,1,1,1986,0,13,0,0,0,0,0,0,0,0
510697,2,1,1986,0,0,0,0,0,0,0,0,0,0
510698,1,1,1986,0,0,0,0,0,0,0,0,0,0
510698,2,1,1986,0,0,0,0,0,0,0,0,0,0
510698,3,1,1986,0,0,0,0,0,0,10,0,0,0
510698,4,1,1986,0,0,0,0,0,0,0,0,0,0
510698,5,1,1986,0,0,0,0,0,0,0,0,0,0
510698,6,1,1986,0,0,0,0,0,0,0,0,0,0
510698,7,1,1986,0,0,0,0,0,0,0,0,0,0
510698,8,1,1986,0,0,0,0,0,0,0,0,0,0
510699,1,1,1986,10,0,0,0,0,0,0,0,0,0
510699,2,1,1986,0,0,0,0,0,0,0,0,0,0
510700,1,1,1986,0,0,0,0,0,0,0,0,0,0
510700,2,1,1986,0,6,0,13,0,0,0,0,0,0
510701,1,1,1986,0,0,0,0,0,0,0,0,0,0
510701,2,1,1986,0,0,0,0,0,0,0,0,0,0
510702,1,1,1986,0,0,0,0,0,0,0,0,6,0
510703,1,1,1986,16,16,16,16,16,16,16,16,16,16
510704,1,1,1986,0,0,0,8,0,0,0,0,0,0
510704,2,1,1986,0,0,0,0,0,0,0,0,0,0
510705,1,1,1986,29,29,29,29,29,29,29,29,29,29
510706,1,1,1986,15,12,6,20,14,10,7,16,17,23
510706,2,1,1986,11,11,11,11,11,11,11,11,11,11
510707,1,1,1986,9,7,11,24,13,20,17,13,6,11
510708,1,1,1986,21,11,0,0,12,12,15,16,9,14
510709,1,1,1986,34,34,34,34,34,34,34,34,34,34
510710,1,1,1986,29,29,29,29,29,29,29,29,29,29
510711,1,1,1986,0,0,0,0,0,0,0,0,0,0
510711,2,1,1986,0,0,0,0,0,0,0,0,0,0
510712,1,1,1986,25,25,25,25,25,25,25,25,25,25
510713,1,1,1986,11,11,11,11,11,11,11,11,11,11
510714,1,1,1986,0,0,0,0,0,0,7,0,0,0
510714,2,1,1986,17,11,27,10,13,17,24,3,4,9
510715,1,1,1986,13,13,13,13,13,13,13,13,13,13
510716,1,1,1986,0,0,0,0,0,0,0,0,0,0
510716,2,1,1986,0,0,0,0,15,0,0,0,0,0
510717,1,1,1986,0,0,0,0,0,0,0,0,0,0
510717,2,1,1986,0,0,0,0,0,0,0,0,0,0
510718,0,1,1986,0,0,0,0,0,0,0,0,0,0
510718,1,1,1986,0,0,0,0,0,0,0,0,0,0
510719,1,1,1986,0,0,0,0,0,14,0,0,0,0
510719,2,1,1986,0,0,0,0,0,0,0,0,0,0
510720,1,1,1986,0,0,0,0,0,0,0,0,0,0
510721,1,1,1986,0,0,0,0,0,0,16,15,0,20
510721,2,1,1986,0,0,0,0,0,0,0,0,0,0
510722,1,1,1986,0,0,0,0,0,0,0,0,0,0
510722,2,1,1986,0,0,0,0,0,0,0,0,0,0
510723,0,1,1986,0,0,0,0,0,0,4,0,0,0
510723,1,1,1986,0,0,0,0,0,0,0,0,0,0
510724,1,1,1986,0,0,0,0,0,0,0,0,0,0
510725,1,1,1986,14,4,15,9,12,24,14,16,0,5
510725,2,1,1986,4,4,4,4,4,4,4,4,4,4
510725,3,1,1986,0,16,13,28,25,0,15,0,29,21
510725,4,1,1986,0,0,0,0,0,8,0,0,12,3
510726,1,1,1986,0,0,0,0,0,0,0,0,0,0
510726,2,1,1986,0,0,0,0,0,0,0,0,0,0
510727,1,1,1986,12,26,21,12,8,16,26,22,18,15
510728,1,1,1986,2,9,0,0,25,21,0,0,0,0
510728,2,1,1986,27,27,27,27,27,27,27,27,27,27
510729,1,1,1986,17,17,17,17,17,17,17,17,17,17
510730,1,1,1986,0,24,16,17,28,6,5,16,6,23
510731,1,1,1986,21,21,21,21,21,21,21,21,21,21
510732,1,1,1986,14,14,14,14,14,14,14,14,14,14
510733,1,1,1986,0,0,0,0,0,0,0,0,0,0
510733,2,1,1986,0,0,0,0,30,0,0,0,0,0
510734,1,1,1986,24,0,0,0,0,18,0,0,0,0
510734,2,1,1986,0,0,0,0,0,0,0,0,0,0
510735,1,1,1986,0,0,0,0,0,0,0,0,0,0
510735,2,1,1986,0,0,0,0,0,0,0,0,0,0
510736,0,1,1986,29,29,29,29,29,29,29,29,29,29
510736,1,1,1986,13,0,0,0,0,0,0,0,0,0
510737,1,1,1986,31,31,31,31,31,31,31,31,31,31
510738,1,1,1986,0,0,0,0,0,0,0,0,0,0
510739,1,1,1986,8,8,8,8,8,8,8,8,8,8
510740,0,1,1986,0,0,0,0,0,0,0,0,0,0
510740,1,1,1986,0,0,0,0,0,0,0,0,0,0
510741,1,1,1986,2,2,2,2,2,2,2,2,2,2
510741,2,1,1986,0,0,0,0,0,0,0,0,0,0
510741,3,1,1986,0,0,0,0,0,0,0,0,0,0
510741,4,1,1986,0,0,0,0,0,0,0,0,0,0
510742,1,1,1986,10,10,10,10,10,10,10,10,10,10
510742,2,1,1986,0,0,0,0,0,0,0,0,0,9
510743,1,1,1986,0,0,0,0,0,8,0,13,0,0
510743,2,1,1986,6,0,0,0,18,0,0,0,0,0
510744,1,1,1986,0,0,0,0,0,0,0,0,0,0
510744,2,1,1986,0,0,0,0,0,0,0,0,0,0
510745,1,1,1986,0,25,0,0,7,0,0,4,18,8
510745,2,1,1986,0,0,0,0,0,7,0,0,0,16
510746,1,1,1986,0,0,0,0,0,0,0,0,0,0
510746,2,1,1986,0,0,0,0,0,0,0,0,0,0
510747,1,1,1986,0,12,21,7,6,14,16,21,18,16
510748,1,1,1986,0,0,12,0,0,0,0,0,15,0
510748,2,1,1986,0,0,0,0,0,0,0,0,0,0
510749,1,1,1986,0,0,0,0,0,7,0,0,0,0
510750,1,1,1986,29,9,21,8,4,4,11,2,9,6
510750,2,1,1986,12,8,21,13,12,8,18,9,8,9
510751,1,1,1986,4,15,23,5,12,17,21,18,12,0
510752,1,1,1986,0,0,0,0,0,0,0,0,0,0
510752,2,1,1986,0,0,0,0,0,0,0,0,0,0
510753,1,1,1986,26,26,26,26,26,26,26,26,26,26
510754,1,1,1986,14,14,14,14,14,14,14,14,14,14
510755,1,1,1986,4,17,42,0,16,4,0,20,9,3
510755,2,1,1986,22,0,26,19,0,36,0,11,4,14
510756,1,1,1986,0,13,0,0,0,0,0,0,14,11
510757,1,1,1986,15,15,15,15,15,15,15,15,15,15
510758,0,1,1986,0,0,0,0,0,0,0,0,0,0
510758,1,1,1986,32,6,21,16,24,22,21,0,6,5
510759,1,1,1986,0,0,0,0,0,0,0,0,18,0
510759,2,1,1986,16,0,0,0,0,0,0,7,0,0
510760,1,1,1986,0,0,0,0,0,0,0,0,0,0
510760,2,1,1986,8,0,0,0,0,0,0,0,0,10
510761,1,1,1986,11,0,0,0,0,0,34,0,0,0
510761,2,1,1986,32,32,32,32,32,32,32,32,32,32
510762,1,1,1986,0,0,0,0,0,0,0,0,0,0
510763,1,1,1986,1,1,1,1,1,1,1,1,1,1
510764,0,1,1986,10,10,10,10,10,10,10,10,10,10
510764,1,1,1986,14,18,19,14,9,23,19,15,2,23
510765,1,1,1986,0,0,0,0,0,0,0,0,0,0
510766,1,1,1986,0,0,0,0,0,0,0,0,0,0
510766,2,1,1986,0,0,0,0,0,0,0,0,0,0
510767,1,1,1986,26,5,21,12,10,4,4,5,8,9
510767,2,1,1986,2,2,2,2,2,2,2,2,2,2
510768,1,1,1986,0,0,0,0,0,0,0,8,0,0
510768,2,1,1986,0,0,0,0,0,0,0,0,0,0
510769,1,1,1986,0,0,0,0,0,0,0,0,0,0
510769,2,1,1986,0,0,0,0,0,0,0,0,0,0
510770,1,1,1986,0,0,8,0,0,0,0,0,0,6
510770,2,1,1986,3,8,14,9,21,0,4,25,27,29
510771,0,1,1986,0,0,0,0,0,0,0,0,0,0
510771,1,1,1986,0,0,0,0,0,6,0,0,0,0
510772,1,1,1986,34,34,34,34,34,34,34,34,34,34
510773,0,1,1986,7,7,7,7,7,7,7,7,7,7
510773,1,1,1986,10,16,19,14,12,18,18,15,16,4
510774,1,1,1986,0,0,0,0,0,0,0,0,0,0
510775,1,1,1986,16,16,16,16,16,16,16,16,16,16
510776,1,1,1986,18,18,18,18,18,18,18,18,18,18
510777,1,1,1986,0,0,0,0,0,0,0,0,0,0
510778,0,1,1986,8,3,26,15,19,6,11,22,0,24
510778,1,1,1986,0,0,0,0,0,0,0,0,0,0
510779,1,1,1986,0,0,0,0,0,0,0,0,0,0
510779,2,1,1986,0,0,0,0,0,0,0,0,0,0
510780,0,1,1986,0,0,0,0,0,0,0,0,0,0
510780,0,2,1986,5,21,0,13,19,16,21,17,0,20
510780,1,1,1986,33,13,10,14,7,0,32,15,20,16
510781,1,1,1986,0,0,0,0,0,0,0,0,0,0
510782,1,1,1986,8,11,23,27,19,25,14,8,16,20
510783,1,1,1986,0,0,13,0,0,0,0,0,0,0
510783,2,1,1986,0,0,0,0,0,0,0,0,0,0
510783,3,1,1986,0,0,0,0,0,0,0,0,0,0
510784,1,1,1986,31,31,31,31,31,31,31,31,31,31
510785,1,1,1986,24,20,11,34,13,18,12,20,27,24
510786,1,1,1986,37,0,0,14,0,0,0,0,0,0
510787,1,1,1986,0,0,0,0,0,0,5,0,0,0
510787,2,1,1986,0,0,0,0,0,0,0,0,0,0
510788,1,1,1986,0,0,0,0,0,0,0,0,0,0
510788,2,1,1986,0,0,9,0,0,0,0,0,0,0
510789,1,1,1986,0,0,0,0,0,0,0,0,0,0
510789,2,1,1986,0,0,0,0,0,0,0,0,0,0
510790,1,1,1986,0,0,0,0,0,0,0,0,0,0
510791,1,1,1986,17,17,17,17,17,17,17,17,17,17
510792,0,1,1986,11,11,11,11,11,11,11,11,11,11
510792,1,1,1986,0,0,0,0,12,0,0,0,0,0
510793,1,1,1986,17,19,7,21,23,6,13,29,9,5
510794,1,1,1986,0,0,0,0,0,0,0,0,0,0
510794,2,1,1986,0,0,0,0,0,0,0,0,0,0
510795,1,1,1986,22,23,4,13,5,6,17,7,7,13
510796,1,1,1986,0,0,0,0,0,0,0,0,0,0
510797,1,1,1986,5,42,12,8,13,9,4,20,22,4
510798,1,1,1986,0,8,0,0,8,0,12,9,0,0
510798,2,1,1986,0,0,0,0,0,0,0,0,0,0
510799,1,1,1986,0,0,0,0,0,0,0,0,0,0
510800,1,1,1986,0,0,0,0,0,0,0,0,0,0
510800,2,1,1986,10,35,10,22,7,22,22,8,6,18
510801,0,1,1986,0,0,15,0,0,0,0,0,0,0
510801,1,1,1986,9,0,0,0,5,3,0,0,0,0
510802,0,1,1986,29,29,29,29,29,29,29,29,29,29
510802,1,1,1986,0,0,0,0,0,0,0,0,0,0
510803,1,1,1986,0,0,0,0,0,0,0,0,0,0
510803,2,1,1986,0,0,0,0,0,0,0,0,0,0
510804,1,1,1986,0,0,0,0,0,0,0,0,0,0
510804,2,1,1986,0,0,0,0,0,0,0,0,0,0
510804,3,1,1986,0,0,0,0,0,0,0,0,0,0
510805,1,1,1986,9,0,8,0,0,0,0,0,0,17
510806,1,1,1986,0,0,0,0,0,0,0,0,0,0
510807,0,1,1986,46,46,46,46,46,46,46,46,46,46
510807,1,1,1986,0,0,0,0,0,16,14,0,0,14
510808,0,1,1986,0,0,0,0,0,0,0,0,0,0
510808,1,1,1986,23,8,29,10,21,17,16,10,19,3
510809,0,1,1986,0,0,0,30,0,12,0,0,0,0
510809,0,2,1986,0,23,24,0,13,18,0,0,0,0
510809,0,3,1986,0,21,18,0,0,0,0,10,19,0
510809,0,4,1986,5,5,5,5,5,5,5,5,5,5
510809,0,5,1986,0,15,13,0,25,8,17,0,37,9
510809,1,1,1986,0,0,0,0,0,0,0,0,0,0
510809,2,1,1986,17,9,16,23,11,0,15,4,12,18
510810,1,1,1986,0,0,0,0,0,0,0,0,0,0
510810,2,1,1986,0,0,0,0,0,0,0,0,0,0
510811,1,1,1986,26,14,12,12,0,8,10,16,27,16
510812,1,1,1986,0,0,0,0,0,0,0,0,0,0
510812,2,1,1986,0,0,0,0,0,0,9,2,0,0
510813,1,1,1986,0,0,0,0,0,0,0,0,0,0
510813,2,1,1986,0,8,12,0,23,0,0,9,0,0
510814,1,1,1986,10,9,20,5,17,4,16,0,3,8
510815,1,1,1986,0,0,0,0,0,0,0,0,0,0
510815,2,1,1986,0,0,0,0,0,0,0,0,0,0
510816,1,1,1986,0,0,0,0,0,0,0,0,0,0
510816,2,1,1986,0,0,0,0,0,0,0,16,0,0
510816,3,1,1986,0,0,0,16,0,0,0,0,0,0
510817,1,1,1986,0,0,0,0,0,0,0,0,0,0
510818,1,1,1986,0,0,0,0,0,0,0,0,0,0
510819,1,1,1986,0,0,0,0,0,0,0,0,0,0
510819,2,1,1986,15,15,15,15,15,15,15,15,15,15
510820,1,1,1986,33,33,33,33,33,33,33,33,33,33
510821,1,1,1986,0,0,0,0,0,0,0,0,0,0
510822,0,1,1986,0,0,0,0,0,0,0,0,0,0
510822,1,1,1986,0,0,0,0,0,0,0,0,0,0
510823,1,1,1986,11,14,15,20,13,19,7,3,10,7
510823,2,1,1986,7,7,3,12,6,11,6,3,7,2
510824,1,1,1986,26,26,26,26,26,26,26,26,26,26
510825,0,1,1986,0,0,0,0,0,0,0,0,0,0
510825,1,1,1986,6,0,0,0,0,0,0,0,0,0
510826,1,1,1986,0,0,5,0,0,0,0,0,0,0
510826,2,1,1986,0,0,0,0,0,0,0,0,0,0
510827,1,1,1986,22,22,22,22,22,22,22,22,22,22
510828,1,1,1986,17,17,17,17,17,17,17,17,17,17
510829,0,1,1986,0,0,0,0,0,0,0,0,0,0
510829,1,1,1986,0,0,12,0,0,0,0,0,0,0
510830,1,1,1986,0,0,0,0,0,0,0,0,14,0
510830,2,1,1986,0,0,0,0,6,0,0,0,0,0
510831,1,1,1986,0,0,0,0,0,0,0,0,0,0
510831,2,1,1986,0,0,0,0,0,0,0,0,0,0
510832,0,1,1986,19,0,17,2,0,18,24,20,9,0
510832,1,1,1986,0,0,15,0,3,0,0,0,0,0
510833,1,1,1986,0,0,0,0,0,0,0,0,0,0
510834,0,1,1986,0,0,0,0,0,0,0,0,0,0
510834,1,1,1986,0,0,0,0,0,0,0,0,0,0
510835,1,1,1986,0,0,0,0,0,0,0,0,0,0
510836,1,1,1986,0,0,0,0,0,0,8,0,0,0
510837,1,1,1986,0,0,0,0,0,0,0,0,0,0
510838,1,1,1986,0,0,0,0,0,0,0,0,0,0
510838,2,1,1986,0,0,0,0,8,0,0,0,0,0
510839,0,1,1986,29,29,29,29,29,29,29,29,29,29
510839,1,1,1986,17,0,0,0,0,0,7,0,0,0
510840,1,1,1986,22,11,16,12,7,7,13,16,18,12
510841,1,1,1986,10,10,10,10,10,10,10,10,10,10
510842,1,1,1986,0,0,0,0,0,0,0,0,0,0
510842,2,1,1986,0,0,0,0,0,0,0,0,0,0
510843,0,1,1986,0,0,0,0,0,0,0,0,0,0
510843,0,2,1986,0,0,0,0,0,0,0,0,0,0
510843,0,3,1986,0,0,0,0,5,0,0,0,0,0
510843,1,1,1986,8,15,0,20,3,14,20,16,6,0
510844,1,1,1986,0,0,0,0,0,0,0,0,0,0
510844,2,1,1986,0,0,0,10,0,0,0,0,0,14
510845,1,1,1986,9,18,23,19,15,16,5,24,0,22
510846,1,1,1986,23,23,23,23,23,23,23,23,23,23
510847,1,1,1986,0,12,0,9,0,0,0,0,0,0
510847,2,1,1986,0,0,0,0,0,0,0,0,0,0
510848,1,1,1986,0,0,19,0,0,0,0,0,0,0
510848,2,1,1986,0,0,0,0,0,0,0,0,0,0
510849,1,1,1986,2,2,2,2,2,2,2,2,2,2
510850,1,1,1986,0,0,0,0,16,13,0,0,0,16
510850,2,1,1986,0,0,0,0,0,0,0,0,0,0
510851,1,1,1986,0,0,0,0,0,0,0,0,0,0
510851,2,1,1986,0,0,0,0,0,0,0,30,0,0
510852,0,1,1986,0,0,0,0,0,0,0,0,0,0
510852,1,1,1986,0,0,0,0,0,0,0,0,0,0
510853,1,1,1986,0,0,25,6,19,0,0,15,13,13
510854,1,1,1986,0,0,0,0,0,0,0,0,0,0
510854,2,1,1986,0,0,0,0,0,0,0,0,0,0
510855,0,1,1986,0,0,0,0,0,0,6,0,0,17
510855,1,1,1986,16,0,0,0,10,0,0,0,0,0
510856,1,1,1986,0,0,0,0,0,0,0,0,0,0
510857,1,1,1986,0,0,0,0,0,0,0,0,0,0
510857,2,1,1986,0,0,0,0,12,0,0,0,0,0
510858,1,1,1986,6,6,6,6,6,6,6,6,6,6
510859,1,1,1986,20,20,20,20,20,20,20,20,20,20
510860,0,1,1986,0,0,0,0,0,0,0,0,0,0
510860,1,1,1986,8,0,0,0,0,0,0,0,0,0
510861,0,1,1986,0,0,0,0,0,0,0,0,0,0
510861,1,1,1986,0,0,0,0,0,0,0,0,0,0
510862,1,1,1986,29,29,29,29,29,29,29,29,29,29
510863,1,1,1986,0,0,0,0,0,0,0,0,0,0
510863,2,1,1986,0,0,0,0,0,0,0,0,0,0
510863,3,1,1986,0,0,0,0,0,0,0,0,0,0
510864,0,1,1986,0,0,0,0,0,0,0,0,0,0
510864,1,1,1986,0,0,0,0,0,0,0,0,0,0
510865,1,1,1986,15,15,15,15,15,15,15,15,15,15