ST_CASE,VEH_NO,PER_NO,YEAR,P1,P2,P3,P4,P5,P6,P7,P8,P9,P10
510865,2,1,1986,0,0,0,0,0,0,0,0,0,0
510866,1,1,1986,5,5,5,5,5,5,5,5,5,5
510867,1,1,1986,20,20,20,20,20,20,20,20,20,20
510867,2,1,1986,0,0,0,0,0,0,0,0,0,0
510868,0,1,1986,0,0,0,0,0,0,0,0,0,0
510868,1,1,1986,0,0,0,0,0,0,0,0,0,0
510869,1,1,1986,0,0,0,0,0,0,0,0,0,0
510869,2,1,1986,0,0,0,0,0,0,0,0,0,0
510869,3,1,1986,0,0,0,0,0,0,0,0,0,0
510870,1,1,1986,0,0,0,0,0,0,0,0,0,0
510870,2,1,1986,0,0,0,0,0,0,0,0,0,0
510871,1,1,1986,0,0,0,0,0,0,0,0,0,0
510871,2,1,1986,0,0,0,0,0,0,0,0,0,0
510873,1,1,1986,0,0,0,0,0,0,0,0,0,0
510874,1,1,1986,10,10,10,10,10,10,10,10,10,10
510874,2,1,1986,0,0,0,0,0,0,0,0,0,0
510875,1,1,1986,10,10,10,10,10,10,10,10,10,10
510876,1,1,1986,23,23,23,23,23,23,23,23,23,23
510877,0,1,1986,0,0,0,0,0,0,0,0,0,0
510877,1,1,1986,0,0,0,0,0,0,0,0,0,0
510878,1,1,1986,0,0,22,10,6,25,13,5,12,9
510878,2,1,1986,0,0,0,0,0,0,0,0,0,0
510879,1,1,1986,7,7,7,7,7,7,7,7,7,7
510879,2,1,1986,21,16,5,43,18,18,18,27,14,10
510879,3,1,1986,10,0,0,0,0,0,17,0,0,0
510880,1,1,1986,19,0,0,0,0,0,0,41,0,0
510881,1,1,1986,0,0,0,13,0,0,0,0,0,0
510881,2,1,1986,0,0,6,0,0,13,0,3,0,0
510882,0,1,1986,30,30,30,30,30,30,30,30,30,30
510882,1,1,1986,0,0,0,0,17,0,0,0,0,0
510883,0,1,1986,0,0,22,0,0,13,16,10,0,0
510883,1,1,1986,0,0,0,0,0,0,0,0,0,0
510884,1,1,1986,0,0,0,0,0,0,0,0,0,0
510884,2,1,1986,7,0,0,0,0,0,0,0,0,0
510885,1,1,1986,0,0,0,0,0,0,0,0,0,0
510886,1,1,1986,8,8,8,8,8,8,8,8,8,8
510887,1,1,1986,18,0,11,18,19,14,28,3,21,11
510888,1,1,1986,14,18,2,7,6,0,6,11,14,13
510890,1,1,1986,0,0,0,0,0,0,0,0,0,0
510890,2,1,1986,35,35,35,35,35,35,35,35,35,35
510891,1,1,1986,21,9,17,17,13,10,11,6,0,5
510892,1,1,1986,30,10,18,25,0,18,21,24,19,15
510893,0,1,1986,4,4,4,4,4,4,4,4,4,4
510893,1,1,1986,0,0,0,0,0,0,0,0,0,0
510894,0,1,1986,15,15,15,15,15,15,15,15,15,15
510894,1,1,1986,15,8,0,19,6,10,14,6,18,17
510895,1,1,1986,28,28,28,28,28,28,28,28,28,28
510896,1,1,1986,22,22,22,22,22,22,22,22,22,22
510897,1,1,1986,0,0,0,0,0,0,0,0,0,0
510898,1,1,1986,0,0,0,0,0,0,0,0,0,0
510898,2,1,1986,0,0,0,0,0,0,0,0,0,0
510899,1,1,1986,0,0,19,0,0,24,0,0,0,0
510900,1,1,1986,0,0,0,0,0,0,0,0,0,0
510901,1,1,1986,0,0,0,0,0,0,0,0,0,0
510901,2,1,1986,0,0,0,0,0,0,0,0,0,0
510902,0,1,1986,0,0,0,0,0,0,0,0,0,0
510902,1,1,1986,0,0,0,0,0,0,0,0,0,0
510903,1,1,1986,0,0,0,0,0,0,0,0,0,0
510903,2,1,1986,0,0,0,0,0,0,0,0,0,0
510904,1,1,1986,0,0,0,0,0,0,0,0,0,0
510904,2,1,1986,0,0,0,0,0,0,0,0,0,0
510904,3,1,1986,0,0,0,0,0,0,11,7,0,0
510905,1,1,1986,12,0,0,0,0,0,0,0,0,4
510905,2,1,1986,1,1,1,1,1,1,1,1,1,1
510906,0,1,1986,7,7,7,7,7,7,7,7,7,7
510906,1,1,1986,0,0,0,0,0,0,0,0,0,0
510907,1,1,1986,10,29,0,24,24,16,20,20,5,15
510908,1,1,1986,0,0,0,0,0,0,0,0,0,0
510908,2,1,1986,7,22,17,22,9,18,14,18,9,17
510908,3,1,1986,0,11,0,0,0,14,0,22,27,0
510910,1,1,1986,0,0,0,0,0,0,0,0,0,0
510910,2,1,1986,0,0,0,0,0,0,0,0,0,0
510910,3,1,1986,0,7,0,0,0,0,0,0,0,0
510911,1,1,1986,0,0,0,0,0,0,0,0,0,0
510912,1,1,1986,0,0,0,0,0,0,0,0,0,0
510913,1,2,1986,0,0,0,0,2,0,0,19,13,0
510914,1,1,1986,18,18,18,18,18,18,18,18,18,18
510915,0,1,1986,9,9,9,9,9,9,9,9,9,9
510915,1,1,1986,23,0,32,6,9,23,0,33,12,31
510916,1,1,1986,0,0,0,0,0,0,0,0,0,0
510916,2,1,1986,0,0,0,0,0,0,0,0,0,0
510916,3,1,1986,0,0,0,0,0,0,0,0,0,0
510917,1,1,1986,20,20,20,20,20,20,20,20,20,20
510918,1,1,1986,0,0,0,0,0,0,0,0,0,0
510919,1,1,1986,24,31,15,25,18,20,10,21,20,21
510920,1,1,1986,0,0,0,0,0,0,0,0,0,0
510920,2,1,1986,0,0,0,0,0,0,0,0,0,0
510921,1,1,1986,0,0,0,0,0,0,0,0,0,0
510921,2,1,1986,0,0,0,0,0,0,0,0,0,0
510922,1,1,1986,0,0,0,0,0,0,0,0,0,0
510922,2,1,1986,0,0,0,0,0,0,0,0,0,0
510923,1,1,1986,0,0,0,0,0,0,0,0,0,0
510923,2,1,1986,0,0,0,0,0,0,0,0,0,0
510923,3,1,1986,0,0,0,0,0,0,0,0,0,0
510923,4,1,1986,0,0,0,0,0,0,0,0,0,0
510923,5,1,1986,0,0,0,0,0,0,0,0,0,0
510923,6,1,1986,0,0,0,0,0,0,0,0,0,0
510923,7,1,1986,0,0,0,0,0,0,0,0,0,0
510924,0,1,1986,30,0,0,11,16,19,21,25,24,1
510924,1,1,1986,0,0,10,0,0,6,0,0,11,0
510925,0,1,1986,0,0,0,0,0,0,0,0,0,0
510925,1,1,1986,0,0,0,0,0,0,0,0,0,0
510926,1,1,1986,11,11,11,11,11,11,11,11,11,11
510927,1,1,1986,43,43,43,43,43,43,43,43,43,43
510927,2,1,1986,0,37,0,0,0,0,0,0,0,0
510928,0,1,1986,35,35,35,35,35,35,35,35,35,35
510928,1,1,1986,0,0,0,0,0,0,0,0,0,0
510928,2,1,1986,0,0,0,0,0,0,0,0,0,0
510929,1,1,1986,0,0,0,0,0,0,0,0,0,0
510929,2,1,1986,0,0,0,0,0,0,0,0,0,0
510930,0,1,1986,0,0,0,0,0,0,0,0,0,0
510930,1,1,1986,0,0,0,0,0,0,0,0,0,0
510931,1,1,1986,0,0,0,0,0,0,0,0,0,0
510931,2,1,1986,17,0,0,0,0,0,0,0,0,0
510931,3,1,1986,4,5,0,0,14,17,26,10,12,17
510932,1,1,1986,19,19,19,19,19,19,19,19,19,19
510933,1,1,1986,0,0,0,0,0,0,0,0,0,0
510933,2,1,1986,0,0,0,0,0,0,0,0,0,0
510934,1,1,1986,0,0,0,0,0,0,17,0,0,0
510934,2,1,1986,0,0,0,0,0,0,0,0,0,0
510935,1,1,1986,0,0,0,0,0,0,0,0,0,0
510935,2,1,1986,0,0,0,0,0,0,0,0,0,0
510936,1,1,1986,0,0,0,0,0,0,0,0,0,0
510936,2,1,1986,0,0,0,0,0,0,0,0,0,0
510937,1,1,1986,0,0,0,0,0,0,0,0,0,0
510937,2,1,1986,0,0,0,0,13,0,0,0,0,0
510938,1,1,1986,17,17,17,17,17,17,17,17,17,17
510939,1,1,1986,29,12,40,22,20,25,10,30,21,21
510940,0,1,1986,26,26,26,26,26,26,26,26,26,26
510940,1,1,1986,0,0,0,0,11,0,0,0,0,0
510940,2,1,1986,0,0,19,0,0,19,0,0,0,0
510941,0,1,1986,0,0,0,0,0,0,0,0,0,0
510941,1,1,1986,0,0,0,0,0,0,0,0,0,0
510942,1,1,1986,14,14,14,14,14,14,14,14,14,14
510943,1,1,1986,0,0,0,0,0,0,0,0,0,0
510943,2,1,1986,0,0,0,0,0,0,0,0,0,0
510944,1,1,1986,12,25,48,11,15,30,0,11,14,20
510944,2,1,1986,0,0,0,14,0,0,0,0,0,0
510944,3,1,1986,0,0,0,11,3,0,0,0,0,0
510945,1,1,1986,8,8,8,8,8,8,8,8,8,8
510946,1,1,1986,0,0,0,0,0,0,0,0,0,0
510946,2,1,1986,24,24,24,24,24,24,24,24,24,24
510947,0,1,1986,34,34,34,34,34,34,34,34,34,34
510947,1,1,1986,0,0,21,0,0,0,21,0,0,0
510948,0,1,1986,0,0,0,0,0,0,0,0,0,0
510948,1,1,1986,0,0,0,0,0,0,0,0,0,0
510949,1,1,1986,28,28,28,28,28,28,28,28,28,28
510949,2,1,1986,0,0,0,0,0,0,0,0,0,0
510950,0,1,1986,2,2,2,2,2,2,2,2,2,2
510950,1,1,1986,0,0,0,0,0,0,0,0,0,0
510951,1,1,1986,0,10,0,10,0,11,0,15,0,0
510951,2,1,1986,13,13,13,13,13,13,13,13,13,13
510952,1,1,1986,10,10,10,10,10,10,10,10,10,10
510953,1,1,1986,0,0,0,0,0,0,0,0,0,0
510953,2,1,1986,0,0,0,0,0,0,0,0,0,0
510954,0,1,1986,0,0,0,0,0,0,0,0,0,0
510954,1,1,1986,0,0,0,0,0,0,0,4,0,0
510955,1,1,1986,0,0,0,0,0,0,0,0,0,0
510955,2,1,1986,0,0,0,0,0,0,0,0,0,0
510956,0,1,1986,5,5,5,5,5,5,5,5,5,5
510956,1,1,1986,31,13,30,17,9,24,0,6,9,16
510957,1,1,1986,9,11,10,9,9,20,21,11,17,16
510958,0,1,1986,36,36,36,36,36,36,36,36,36,36
510958,1,1,1986,0,0,0,0,0,0,0,0,0,0
510959,1,1,1986,0,0,0,0,0,0,0,0,0,0
510959,2,1,1986,2,2,2,2,2,2,2,2,2,2
510960,1,1,1986,7,23,9,31,24,14,27,10,22,20
510960,2,1,1986,0,0,0,0,0,0,0,0,0,0
510961,1,1,1986,21,21,21,21,21,21,21,21,21,21
510962,1,1,1986,0,13,0,0,0,0,0,0,0,0
510962,2,1,1986,18,26,8,8,21,10,22,16,22,25
510963,1,1,1986,27,7,15,8,12,0,3,0,11,9
510963,2,1,1986,19,23,19,17,8,33,20,15,29,24
510964,1,1,1986,3,3,3,3,3,3,3,3,3,3
510964,2,1,1986,0,0,0,0,0,8,0,0,0,0
510965,0,1,1986,0,0,0,6,0,17,0,0,0,0
510965,1,1,1986,0,17,0,12,0,6,6,0,0,0
510966,1,1,1986,17,0,0,0,12,0,0,13,0,11
510967,1,1,1986,23,23,23,23,23,23,23,23,23,23
510967,2,1,1986,0,0,0,0,0,0,0,0,0,0
510968,1,1,1986,9,6,0,40,0,0,12,0,6,0
510968,2,1,1986,0,0,0,0,0,0,19,9,10,0
510969,0,1,1986,0,0,0,0,0,0,0,0,0,0
510969,1,1,1986,0,0,0,0,0,0,0,0,13,0
510970,0,1,1986,0,0,0,0,0,0,0,0,0,0
510970,1,1,1986,0,5,0,23,0,0,0,27,0,0
510971,0,1,1986,0,0,0,0,0,0,0,0,0,0
510971,1,1,1986,0,0,0,0,0,0,0,0,0,0
510972,1,1,1986,8,19,11,25,20,20,5,22,8,6
510973,1,1,1986,0,0,0,19,0,0,0,0,0,0
510973,2,1,1986,0,0,0,0,0,0,0,0,0,0
510974,1,1,1986,0,0,0,0,0,0,0,0,0,0
510974,2,1,1986,0,0,0,0,0,0,0,0,0,0
510975,1,1,1986,4,4,4,4,4,4,4,4,4,4
510976,1,1,1986,0,0,0,0,0,0,0,0,0,0
510977,1,1,1986,0,0,10,5,16,5,0,0,0,0
510977,2,1,1986,8,8,8,8,8,8,8,8,8,8
510978,1,1,1986,21,21,21,21,21,21,21,21,21,21
510979,0,1,1986,9,9,9,9,9,9,9,9,9,9
510979,1,1,1986,0,0,0,0,0,0,0,0,0,0
510980,1,1,1986,0,0,0,0,0,0,0,0,0,0
510980,2,1,1986,0,22,0,0,0,13,0,0,0,6
510981,1,1,1986,0,18,0,0,13,0,0,17,0,26
510982,0,1,1986,15,24,17,8,24,26,18,11,25,0
510982,0,2,1986,0,21,0,17,0,19,13,0,0,18
510982,1,1,1986,0,0,0,0,12,0,0,0,0,0
510983,1,1,1986,19,19,19,19,19,19,19,19,19,19
510984,0,1,1986,17,17,17,17,17,17,17,17,17,17
510984,1,1,1986,0,0,0,0,0,0,11,6,0,0
510985,1,1,1986,21,21,21,21,21,21,21,21,21,21
510986,1,1,1986,21,21,21,21,21,21,21,21,21,21
510987,0,1,1986,0,0,0,0,0,0,0,0,0,0
510987,1,1,1986,0,0,0,6,0,0,0,0,0,0
510988,1,1,1986,9,9,9,9,9,9,9,9,9,9
510989,1,1,1986,0,0,0,0,0,0,0,0,0,2
510989,2,1,1986,0,0,0,11,0,0,0,0,0,0
510990,0,1,1986,0,0,0,0,0,0,0,0,0,0
510990,1,1,1986,0,0,0,0,0,0,0,6,0,0
510991,1,1,1986,0,0,0,20,20,18,15,9,13,9
510992,1,1,1986,0,0,0,0,10,13,0,5,0,14
510992,2,1,1986,0,0,0,0,0,0,0,0,0,0
510993,1,3,1986,23,23,23,23,23,23,23,23,23,23
510994,0,1,1986,27,27,27,27,27,27,27,27,27,27
510994,1,1,1986,22,15,10,28,5,17,20,22,0,7
510995,1,1,1986,0,0,0,0,22,0,0,0,0,0
510995,2,1,1986,0,0,13,0,0,0,10,0,0,0
510995,3,1,1986,0,0,0,0,0,0,0,0,10,0
510996,1,1,1986,19,19,19,19,19,19,19,19,19,19
510997,1,1,1986,5,5,5,5,5,5,5,5,5,5
510998,1,1,1986,0,0,0,0,0,0,0,0,0,0
510998,2,1,1986,0,0,0,0,0,0,0,0,0,0
510999,1,1,1986,9,22,13,0,29,11,18,11,8,9
511000,1,1,1986,0,0,0,0,0,0,0,0,0,0
511000,2,1,1986,0,0,0,0,0,0,0,0,0,0
511001,1,1,1986,0,0,0,0,0,0,0,0,0,0
511002,1,1,1986,0,0,0,0,0,0,0,0,0,0
511002,2,1,1986,0,0,0,0,0,0,0,0,0,0
511003,1,1,1986,0,0,23,0,0,0,0,0,0,0
511004,1,1,1986,5,0,20,29,18,22,27,26,14,11
511005,1,1,1986,15,15,15,15,15,15,15,15,15,15
511006,1,1,1986,0,0,8,0,0,0,0,0,16,0
511007,1,1,1986,11,11,11,11,11,11,11,11,11,11
511007,2,1,1986,0,0,0,0,0,0,0,0,0,0
511008,1,1,1986,15,15,15,15,15,15,15,15,15,15
511009,1,1,1986,13,15,32,23,8,11,13,22,19,19
511010,1,1,1986,0,18,0,21,5,14,18,10,11,5
511010,2,1,1986,1,1,1,1,1,1,1,1,1,1
511011,0,1,1986,0,0,0,0,0,0,0,0,0,0
511011,0,2,1986,0,4,15,33,0,0,0,0,0,0
511011,1,1,1986,0,0,0,0,0,0,0,0,0,0
511011,2,1,1986,5,0,0,0,0,0,0,0,0,0
511012,1,1,1986,0,0,0,0,0,0,0,0,0,0
511013,1,1,1986,16,33,16,0,11,5,13,8,22,20
511014,1,1,1986,19,19,19,19,19,19,19,19,19,19
511014,2,1,1986,7,15,0,14,20,8,7,11,13,12
511015,1,1,1986,0,0,0,0,0,0,0,0,0,0
511015,2,1,1986,0,0,0,0,0,0,0,0,0,0
511016,1,1,1986,13,39,38,5,16,28,0,19,22,19
511017,0,1,1986,0,0,0,0,0,0,0,0,0,0
511017,1,1,1986,0,0,0,0,0,13,0,0,17,0
511018,1,1,1986,0,7,0,0,0,0,0,0,0,0
511019,0,1,1986,0,0,0,0,0,0,0,0,0,0
511019,1,1,1986,0,16,21,0,17,22,11,0,16,25
511020,1,1,1986,0,0,0,0,0,0,0,0,0,0
511020,2,1,1986,0,0,0,0,0,0,0,0,0,0
511021,1,1,1986,0,0,0,0,0,0,0,12,0,0
511021,2,1,1986,0,18,0,7,10,0,0,0,0,0
530001,1,1,1986,23,23,23,23,23,23,23,23,23,23
530002,1,1,1986,19,19,19,19,19,19,19,19,19,19
530003,1,1,1986,0,0,0,0,0,0,0,0,0,0
530003,2,1,1986,0,0,0,0,0,0,0,0,0,0
530004,1,1,1986,18,12,25,1,12,18,23,17,0,20
530005,1,1,1986,0,0,0,0,0,0,0,0,0,0
530005,2,1,1986,0,0,0,0,0,0,0,0,0,0
530006,1,1,1986,0,16,0,0,0,0,6,0,0,0
530007,1,1,1986,1,1,1,1,1,1,1,1,1,1
530008,0,1,1986,0,0,0,0,0,0,0,0,0,0
530008,1,1,1986,0,0,0,0,0,0,0,0,0,0
530009,1,1,1986,17,17,17,17,17,17,17,17,17,17
530010,1,1,1986,0,0,0,0,0,0,0,0,0,0
530010,2,1,1986,0,12,0,0,0,0,0,0,0,0
530010,3,1,1986,0,0,0,0,0,0,0,0,0,0
530011,1,1,1986,23,23,23,23,23,23,23,23,23,23
530012,0,1,1986,10,10,10,10,10,10,10,10,10,10
530012,1,1,1986,0,0,0,0,0,0,0,0,0,11
530013,1,1,1986,0,0,0,0,0,0,0,0,0,0
530013,2,1,1986,0,0,0,0,0,0,0,0,0,0
530014,0,1,1986,23,23,23,23,23,23,23,23,23,23
530014,1,1,1986,0,0,0,0,0,0,0,0,0,0
530015,1,1,1986,0,0,0,0,0,0,0,0,0,0
530016,1,1,1986,7,7,7,7,7,7,7,7,7,7
530018,0,1,1986,27,27,27,27,27,27,27,27,27,27
530018,1,1,1986,0,0,0,0,0,0,0,0,0,0
530019,1,1,1986,0,0,0,0,0,0,0,0,0,0
530020,1,1,1986,27,27,27,27,27,27,27,27,27,27
530021,1,1,1986,12,12,12,12,12,12,12,12,12,12
530022,1,1,1986,0,0,0,0,0,0,0,0,0,0
530022,2,1,1986,0,0,0,0,0,0,0,0,0,0
530023,1,1,1986,27,27,27,27,27,27,27,27,27,27
530024,1,1,1986,27,27,27,27,27,27,27,27,27,27
530025,1,1,1986,18,18,18,18,18,18,18,18,18,18
530026,1,1,1986,23,23,23,23,23,23,23,23,23,23
530027,1,1,1986,0,0,0,0,0,0,0,0,0,0
530028,1,1,1986,0,0,0,0,0,0,0,0,0,0
530028,2,1,1986,0,0,0,0,0,0,0,0,0,0
530029,0,1,1986,0,0,0,0,0,0,0,0,0,0
530029,1,1,1986,0,0,0,11,0,0,0,0,0,0
530030,1,1,1986,10,10,10,10,10,10,10,10,10,10
530031,1,1,1986,0,0,0,0,0,0,0,0,0,0
530032,1,1,1986,0,17,0,0,0,0,0,0,0,0
530032,2,1,1986,0,0,0,0,0,0,0,0,0,0
530033,1,1,1986,14,14,14,14,14,14,14,14,14,14
530034,1,1,1986,32,20,23,30,11,3,0,0,12,15
530034,2,1,1986,0,17,0,0,0,0,0,0,0,0
530035,1,1,1986,15,15,15,15,15,15,15,15,15,15
530036,1,1,1986,13,13,13,13,13,13,13,13,13,13
530036,2,1,1986,0,0,0,0,0,0,0,0,0,0
530037,1,1,1986,25,25,25,25,25,25,25,25,25,25
530037,2,1,1986,0,0,0,0,0,0,0,20,0,0
530038,1,1,1986,26,26,26,26,26,26,26,26,26,26
530039,1,1,1986,10,10,10,10,10,10,10,10,10,10
530040,1,1,1986,0,0,0,0,0,0,0,0,0,0
530041,0,1,1986,0,0,0,0,0,0,0,0,0,0
530041,1,1,1986,17,0,37,0,6,18,36,22,17,0
530042,1,1,1986,0,0,0,0,0,0,0,0,0,0
530042,2,1,1986,0,0,0,0,0,0,0,0,0,0
530043,1,1,1986,0,0,0,0,0,0,0,0,0,0
530043,2,1,1986,0,13,5,19,0,8,22,17,6,16
530044,1,1,1986,0,0,0,0,10,0,0,0,0,0
530044,2,1,1986,0,0,0,0,0,0,0,0,0,0
530045,1,1,1986,0,5,0,6,8,0,0,0,15,0
530046,0,1,1986,20,20,20,20,20,20,20,20,20,20
530046,1,1,1986,0,0,0,0,0,0,0,0,0,0
530047,1,1,1986,0,0,0,0,0,0,0,0,0,0
530047,2,1,1986,0,0,0,0,0,0,0,0,0,0
530048,1,1,1986,0,0,0,0,0,0,0,0,0,0
530049,1,1,1986,0,0,0,0,0,0,0,0,0,0
530050,1,1,1986,10,10,10,10,10,10,10,10,10,10
530051,0,1,1986,0,0,0,0,0,0,0,0,17,0
530051,1,1,1986,0,0,0,0,0,0,0,0,0,0
530052,1,1,1986,19,19,19,19,19,19,19,19,19,19
530052,2,1,1986,6,6,6,6,6,6,6,6,6,6
530053,0,1,1986,0,0,0,0,0,0,0,0,0,0
530053,1,1,1986,0,0,0,0,0,0,0,0,0,0
530053,2,1,1986,0,0,0,0,0,0,0,0,0,0
530054,1,1,1986,0,0,0,0,0,0,0,0,0,0
530055,0,1,1986,25,25,25,25,25,25,25,25,25,25
530055,1,1,1986,10,0,0,0,0,0,0,0,0,0
530056,1,1,1986,18,18,18,18,18,18,18,18,18,18
530056,2,1,1986,0,0,5,0,18,0,6,0,0,0
530057,0,1,1986,11,11,11,11,11,11,11,11,11,11
530057,1,1,1986,0,0,0,0,16,0,0,0,0,0
530058,1,1,1986,15,15,15,15,15,15,15,15,15,15
530059,1,1,1986,0,0,0,0,0,0,0,0,0,0
530059,2,1,1986,0,0,0,0,0,0,0,0,0,0
530060,1,1,1986,28,28,28,28,28,28,28,28,28,28
530060,2,1,1986,0,0,0,0,0,0,0,0,0,0
530060,3,1,1986,24,0,0,0,0,0,0,0,0,12
530061,1,1,1986,0,0,0,0,0,0,0,0,0,0
530061,2,1,1986,0,7,0,0,0,0,0,0,0,0
530061,3,1,1986,0,0,0,0,0,0,0,0,0,0
530062,1,1,1986,13,13,13,13,13,13,13,13,13,13
530062,2,1,1986,10,10,10,10,10,10,10,10,10,10
530063,1,1,1986,2,2,2,2,2,2,2,2,2,2
530063,2,1,1986,0,0,0,0,0,0,0,0,0,0
530064,1,1,1986,0,0,0,0,0,0,0,0,0,0
530065,1,1,1986,0,0,0,0,0,0,0,0,0,0
530065,2,1,1986,0,0,0,0,0,0,0,0,0,0
530066,1,1,1986,23,23,23,23,23,23,23,23,23,23
530067,1,1,1986,0,0,0,0,0,0,0,0,0,0
530067,2,1,1986,9,0,13,0,0,0,0,0,0,0
530068,1,1,1986,26,26,26,26,26,26,26,26,26,26
530069,1,1,1986,12,12,12,12,12,12,12,12,12,12
530069,2,1,1986,9,9,9,9,9,9,9,9,9,9
530070,0,1,1986,3,3,3,3,3,3,3,3,3,3
530070,1,1,1986,5,9,0,9,0,0,0,15,0,0
530071,1,1,1986,17,17,17,17,17,17,17,17,17,17
530072,1,1,1986,0,0,0,0,0,0,0,0,0,0
530072,2,1,1986,0,0,0,0,0,0,0,0,0,0
530074,0,1,1986,0,0,0,0,0,0,0,0,0,0
530074,1,1,1986,0,0,8,0,0,0,0,0,0,0
530075,0,1,1986,0,0,0,0,0,0,0,0,0,0
530075,1,1,1986,0,0,0,0,0,0,0,5,15,0
530076,1,1,1986,0,0,0,0,0,0,0,0,0,0
530076,2,1,1986,0,0,0,0,0,0,0,0,0,0
530077,1,1,1986,22,22,22,22,22,22,22,22,22,22
530078,0,1,1986,12,12,12,12,12,12,12,12,12,12
530078,1,1,1986,0,0,0,0,0,0,0,0,0,0
530079,1,1,1986,16,16,16,16,16,16,16,16,16,16
530080,1,1,1986,9,9,9,9,9,9,9,9,9,9
530080,2,1,1986,0,0,0,0,0,0,0,0,0,0
530081,1,1,1986,22,22,22,22,22,22,22,22,22,22
530082,0,1,1986,0,0,0,0,17,0,0,0,22,0
530082,1,1,1986,0,0,0,0,0,0,0,0,0,0
530083,0,1,1986,0,0,0,0,0,0,0,0,0,0
530083,1,1,1986,0,0,0,0,0,0,0,0,0,0
530084,0,1,1986,27,27,27,27,27,27,27,27,27,27
530084,1,1,1986,0,0,0,7,0,0,12,0,0,0
530085,0,1,1986,0,0,0,0,0,0,0,0,0,44
530085,1,1,1986,0,0,0,0,0,0,0,0,15,0
530086,0,1,1986,0,0,0,0,0,0,0,0,0,0
530086,1,1,1986,0,0,0,0,0,0,0,0,0,0
530087,0,1,1986,0,0,0,0,0,0,0,0,0,0
530087,1,1,1986,4,4,4,4,4,4,4,4,4,4
530088,1,1,1986,0,0,11,0,0,0,0,0,0,0
530088,2,1,1986,1,1,1,1,1,1,1,1,1,1
530089,1,1,1986,0,0,5,0,0,0,0,3,0,0
530089,2,1,1986,13,13,13,13,13,13,13,13,13,13
530091,0,1,1986,5,0,0,0,0,0,0,0,0,0
530091,1,1,1986,0,0,0,0,0,0,0,0,0,0
530091,2,1,1986,0,0,0,0,0,0,0,6,0,0
530092,1,1,1986,9,9,9,9,9,9,9,9,9,9
530093,0,1,1986,0,0,0,0,0,0,0,0,0,0
530093,1,1,1986,2,2,2,2,2,2,2,2,2,2
530094,1,1,1986,14,14,14,14,14,14,14,14,14,14
530095,1,1,1986,18,18,18,18,18,18,18,18,18,18
530095,2,1,1986,4,4,4,4,4,4,4,4,4,4
530095,3,1,1986,3,0,0,0,0,0,7,0,0,0
530096,1,1,1986,15,15,15,15,15,15,15,15,15,15
530097,1,1,1986,0,0,0,0,0,0,0,0,0,0
530097,2,1,1986,0,0,0,0,0,0,0,0,0,0
530098,1,1,1986,0,0,0,0,0,0,0,0,0,0
530098,2,1,1986,5,0,0,0,0,0,0,0,0,0
530098,3,1,1986,0,0,0,34,0,0,0,0,0,0
530099,1,1,1986,0,0,0,0,0,0,0,0,0,0
530100,1,1,1986,0,0,0,0,0,0,0,0,0,0
530101,1,1,1986,4,4,4,4,4,4,4,4,4,4
530101,2,1,1986,0,0,0,0,0,0,0,0,0,0
530102,1,1,1986,21,21,21,21,21,21,21,21,21,21
530103,1,1,1986,14,14,14,14,14,14,14,14,14,14
530103,2,1,1986,0,9,0,12,15,13,5,3,5,3
530104,0,1,1986,0,0,0,0,0,0,0,0,13,0
530104,1,1,1986,0,0,0,0,0,0,0,0,0,0
530105,1,1,1986,25,25,25,25,25,25,25,25,25,25
530106,1,1,1986,0,16,0,0,0,0,0,0,0,0
530106,2,1,1986,0,0,0,0,0,0,0,0,0,0
530106,3,1,1986,0,0,0,0,0,0,0,0,0,0
530107,1,1,1986,22,22,22,22,22,22,22,22,22,22
530108,0,1,1986,32,0,0,0,18,18,11,0,0,21
530108,1,1,1986,0,0,0,0,0,0,0,0,0,0
530109,1,1,1986,17,17,17,17,17,17,17,17,17,17
530110,1,1,1986,24,24,24,24,24,24,24,24,24,24
530111,1,1,1986,14,14,14,14,14,14,14,14,14,14
530112,1,1,1986,0,0,0,0,0,0,0,0,0,0
530113,1,1,1986,0,0,0,0,0,0,0,0,0,0
530113,2,1,1986,0,0,0,0,0,0,0,0,0,0
530114,0,1,1986,21,21,21,21,21,21,21,21,21,21
530114,1,1,1986,0,0,0,0,0,0,0,0,0,0
530115,1,1,1986,0,0,0,0,0,0,0,0,0,0
530115,2,1,1986,0,0,0,0,0,0,0,0,0,0
530116,1,1,1986,28,28,28,28,28,28,28,28,28,28
530117,1,1,1986,2,2,2,2,2,2,2,2,2,2
530118,0,1,1986,0,0,0,0,0,0,0,0,0,0
530118,1,1,1986,0,0,0,0,0,0,0,0,0,0
530119,1,1,1986,0,0,0,0,0,0,0,0,0,2
530119,2,1,1986,0,3,0,0,0,0,0,0,0,0
530120,1,1,1986,9,9,9,9,9,9,9,9,9,9
530120,2,1,1986,5,5,5,5,5,5,5,5,5,5
530121,1,1,1986,11,11,11,11,11,11,11,11,11,11