ST_CASE,VEH_NO,PER_NO,YEAR,P1,P2,P3,P4,P5,P6,P7,P8,P9,P10
540044,3,1,1986,0,0,0,0,0,0,0,0,0,0
540045,1,1,1986,23,23,23,23,23,23,23,23,23,23
540046,1,1,1986,27,27,27,27,27,27,27,27,27,27
540047,1,1,1986,12,14,12,9,10,15,8,10,22,12
540048,1,1,1986,0,0,0,0,0,0,0,0,0,0
540048,2,1,1986,14,14,14,14,14,14,14,14,14,14
540049,1,1,1986,0,0,0,0,0,0,0,0,0,0
540049,2,1,1986,8,8,8,8,8,8,8,8,8,8
540050,1,1,1986,0,0,0,0,0,0,0,0,0,0
540050,2,1,1986,0,0,0,0,0,0,0,0,0,0
540051,1,1,1986,0,0,0,0,0,0,12,0,0,0
540051,2,1,1986,17,17,17,17,17,17,17,17,17,17
540052,1,1,1986,19,19,19,19,19,19,19,19,19,19
540053,1,1,1986,11,11,11,11,11,11,11,11,11,11
540054,0,1,1986,18,18,18,18,18,18,18,18,18,18
540054,1,1,1986,0,0,0,0,0,0,0,0,0,0
540055,1,1,1986,16,0,0,0,0,0,0,9,0,21
540056,1,1,1986,0,0,0,0,0,0,0,0,0,0
540057,1,1,1986,0,0,9,0,0,0,0,0,0,9
540058,1,1,1986,0,0,0,0,0,0,0,0,0,0
540058,2,1,1986,0,0,0,0,0,0,0,0,0,0
540059,1,1,1986,0,4,0,0,0,0,0,0,0,0
540059,2,1,1986,0,0,0,0,0,0,0,0,0,0
540060,1,1,1986,0,0,23,4,0,5,0,0,0,25
540061,1,1,1986,18,18,18,18,18,18,18,18,18,18
540061,2,1,1986,9,9,9,9,9,9,9,9,9,9
540062,1,1,1986,24,24,24,24,24,24,24,24,24,24
540063,1,1,1986,14,14,14,14,14,14,14,14,14,14
540064,1,1,1986,0,27,0,0,0,0,0,0,0,0
540064,2,1,1986,4,4,4,4,4,4,4,4,4,4
540065,1,1,1986,0,0,0,0,0,19,0,4,0,0
540065,2,1,1986,32,32,32,32,32,32,32,32,32,32
540066,1,1,1986,14,14,14,14,14,14,14,14,14,14
540066,2,1,1986,0,0,0,0,0,0,0,0,0,0
540067,1,1,1986,11,11,11,11,11,11,11,11,11,11
540068,1,1,1986,0,0,0,0,0,0,0,0,0,0
540069,1,1,1986,0,0,0,0,0,25,0,0,0,0
540069,2,1,1986,9,9,9,9,9,9,9,9,9,9
540070,1,1,1986,0,0,0,0,0,0,0,14,0,0
540070,2,1,1986,28,28,28,28,28,28,28,28,28,28
540071,1,1,1986,18,18,18,18,18,18,18,18,18,18
540072,1,1,1986,0,0,0,0,0,0,0,0,0,0
540073,1,1,1986,0,0,0,0,0,0,0,0,0,0
540074,1,1,1986,8,8,8,8,8,8,8,8,8,8
540075,1,1,1986,17,17,17,17,17,17,17,17,17,17
540076,1,1,1986,8,8,8,8,8,8,8,8,8,8
540077,0,1,1986,0,0,0,0,0,0,0,0,0,0
540077,1,1,1986,0,0,0,0,0,0,0,0,0,0
540078,1,1,1986,19,19,19,19,19,19,19,19,19,19
540078,2,1,1986,0,0,0,0,0,0,0,0,0,0
540079,1,1,1986,8,8,8,8,8,8,8,8,8,8
540080,1,1,1986,0,0,0,0,0,0,0,0,0,0
540080,2,1,1986,0,0,0,0,0,0,0,0,0,0
540082,1,1,1986,0,0,0,0,0,0,0,0,0,0
540083,1,1,1986,11,11,11,11,11,11,11,11,11,11
540084,0,1,1986,0,0,0,0,0,0,0,0,0,0
540084,1,1,1986,0,0,0,0,0,0,0,0,0,12
540085,1,1,1986,0,0,0,0,0,0,0,0,0,0
540086,1,1,1986,21,21,21,21,21,21,21,21,21,21
540087,1,1,1986,2,8,13,15,29,19,15,19,11,21
540087,2,1,1986,19,19,19,19,19,19,19,19,19,19
540088,1,1,1986,8,8,8,8,8,8,8,8,8,8
540089,1,1,1986,16,16,16,16,16,16,16,16,16,16
540089,2,1,1986,0,0,0,0,0,0,0,0,0,0
540090,1,1,1986,22,22,22,22,22,22,22,22,22,22
540091,1,1,1986,9,9,9,9,9,9,9,9,9,9
540092,1,1,1986,29,29,29,29,29,29,29,29,29,29
540093,1,1,1986,13,13,13,13,13,13,13,13,13,13
540094,1,1,1986,0,0,0,0,0,0,0,0,0,0
540094,2,1,1986,0,0,0,0,0,0,0,0,0,0
540095,1,1,1986,0,0,0,0,0,0,0,0,0,0
540096,0,1,1986,0,0,0,0,0,0,0,0,0,0
540096,1,1,1986,0,0,0,0,0,0,0,0,0,0
540097,1,1,1986,23,23,23,23,23,23,23,23,23,23
540098,1,1,1986,0,0,0,0,0,0,0,0,0,0
540099,0,1,1986,0,0,0,0,0,0,0,0,0,0
540099,1,1,1986,0,0,0,0,0,0,0,0,0,0
540100,1,1,1986,0,0,9,0,0,0,0,0,0,0
540100,2,1,1986,0,0,0,0,0,0,0,0,0,0
540101,1,1,1986,0,0,0,0,0,0,0,0,0,0
540102,1,1,1986,23,23,23,23,23,23,23,23,23,23
540103,1,1,1986,0,0,0,0,0,0,0,0,0,0
540103,2,1,1986,0,0,0,0,0,0,0,0,0,0
540104,1,1,1986,0,0,0,0,0,0,0,0,0,0
540104,2,1,1986,13,13,13,13,13,13,13,13,13,13
540105,0,1,1986,0,0,0,0,0,0,0,0,0,0
540105,1,1,1986,0,0,0,0,0,0,0,0,0,0
540106,1,1,1986,14,14,14,14,14,14,14,14,14,14
540107,1,1,1986,18,18,18,18,18,18,18,18,18,18
540108,1,1,1986,0,0,0,0,0,0,0,0,0,0
540109,1,1,1986,13,13,13,13,13,13,13,13,13,13
540109,2,1,1986,4,4,4,4,4,4,4,4,4,4
540110,1,1,1986,0,0,0,0,0,0,0,0,0,0
540110,2,1,1986,0,0,0,0,0,0,0,0,0,0
540111,1,1,1986,0,0,12,0,0,0,0,0,0,14
540112,1,1,1986,0,0,0,0,0,0,0,0,0,0
540112,2,1,1986,0,0,0,0,0,0,0,0,0,0
540113,1,1,1986,0,0,0,0,0,0,0,0,0,0
540113,2,1,1986,19,19,19,19,19,19,19,19,19,19
540114,0,1,1986,0,0,0,0,0,0,0,0,0,0
540114,1,1,1986,0,0,0,0,0,0,0,0,0,0
540115,1,1,1986,17,17,17,17,17,17,17,17,17,17
540116,0,1,1986,23,23,23,23,23,23,23,23,23,23
540116,1,1,1986,0,6,0,0,0,0,0,0,0,0
540117,1,1,1986,21,21,21,21,21,21,21,21,21,21
540118,1,1,1986,0,0,0,0,0,0,0,0,10,0
540118,2,1,1986,0,0,0,0,0,0,0,0,0,0
540119,1,1,1986,14,14,14,14,14,14,14,14,14,14
540119,2,1,1986,25,0,0,0,0,0,0,0,0,0
540120,1,1,1986,0,0,0,0,0,0,0,0,0,0
540120,2,1,1986,14,14,14,14,14,14,14,14,14,14
540121,1,1,1986,0,0,0,0,0,0,0,0,0,0
540122,1,1,1986,11,11,11,11,11,11,11,11,11,11
540122,2,1,1986,11,11,11,11,11,11,11,11,11,11
540123,1,1,1986,0,0,0,0,0,0,0,0,17,0
540124,1,1,1986,18,18,18,18,18,18,18,18,18,18
540124,2,1,1986,0,0,0,0,0,0,7,0,0,0
540125,0,1,1986,23,23,23,23,23,23,23,23,23,23
540125,1,1,1986,0,8,0,64,21,0,15,6,0,0
540126,1,1,1986,19,19,6,28,10,17,15,7,12,22
540127,1,1,1986,0,0,0,0,0,0,0,0,0,0
540127,2,1,1986,0,0,0,0,0,0,0,13,0,0
540128,1,1,1986,22,22,22,22,22,22,22,22,22,22
540129,0,1,1986,0,0,0,0,0,0,0,0,0,0
540129,1,1,1986,0,0,0,0,0,0,0,0,0,0
540130,1,1,1986,22,22,22,22,22,22,22,22,22,22
540130,2,1,1986,0,0,0,0,0,0,0,0,0,0
540130,3,1,1986,0,0,0,0,0,0,0,0,0,0
540131,1,1,1986,11,11,11,11,11,11,11,11,11,11
540132,1,1,1986,15,15,15,15,15,15,15,15,15,15
540132,2,1,1986,0,0,0,0,0,0,0,0,0,0
540134,1,1,1986,5,5,5,5,5,5,5,5,5,5
540135,1,1,1986,15,13,22,20,14,14,18,8,13,14
540136,0,1,1986,0,0,0,0,0,0,0,0,0,0
540136,0,2,1986,20,21,11,12,9,0,0,33,20,24
540136,1,1,1986,17,19,40,22,17,28,24,17,28,11
540137,1,1,1986,0,0,0,0,7,0,0,0,0,0
540137,2,1,1986,0,0,0,0,0,0,0,0,0,0
540138,1,1,1986,0,0,0,0,0,0,0,0,0,0
540139,1,1,1986,0,0,0,0,0,0,0,0,0,0
540139,2,1,1986,0,0,0,0,0,0,0,0,0,0
540140,1,1,1986,25,25,25,25,25,25,25,25,25,25
540141,1,1,1986,0,0,0,0,0,0,0,0,0,0
540142,1,1,1986,0,0,0,0,0,0,0,0,0,0
540142,2,1,1986,0,0,0,0,0,0,0,0,0,0
540143,0,1,1986,0,0,0,0,0,0,0,0,0,0
540143,1,1,1986,17,17,17,17,17,17,17,17,17,17
540144,1,1,1986,8,8,8,8,8,8,8,8,8,8
540145,1,1,1986,5,5,5,5,5,5,5,5,5,5
540146,1,1,1986,0,0,0,0,0,0,0,0,0,0
540147,1,1,1986,35,35,35,35,35,35,35,35,35,35
540148,1,1,1986,14,14,14,14,14,14,14,14,14,14
540149,1,1,1986,0,0,0,0,0,0,0,0,0,0
540149,2,1,1986,0,0,0,0,0,0,0,0,0,0
540150,1,1,1986,13,13,13,13,13,13,13,13,13,13
540151,0,1,1986,0,0,0,0,0,0,0,0,0,0
540151,1,1,1986,0,21,22,0,0,0,0,0,0,0
540152,0,1,1986,10,10,10,10,10,10,10,10,10,10
540152,1,1,1986,0,0,0,0,0,0,0,9,0,0
540153,1,1,1986,34,34,34,34,34,34,34,34,34,34
540154,1,1,1986,0,0,0,0,0,0,0,0,0,0
540154,2,1,1986,0,0,0,16,0,0,0,0,0,0
540155,1,1,1986,11,17,5,16,19,18,12,30,28,15
540156,1,1,1986,2,2,2,2,2,2,2,2,2,2
540157,1,1,1986,7,7,7,7,7,7,7,7,7,7
540157,2,1,1986,25,13,10,0,5,14,0,15,15,16
540158,1,1,1986,0,0,0,0,0,0,0,0,0,0
540158,2,1,1986,24,24,24,24,24,24,24,24,24,24
540159,1,1,1986,20,20,20,20,20,20,20,20,20,20
540160,1,1,1986,0,0,0,0,0,0,0,0,0,0
540160,2,1,1986,0,0,0,0,0,0,0,0,0,0
540160,3,1,1986,0,0,0,0,0,0,0,0,0,0
540161,1,1,1986,20,20,20,20,20,20,20,20,20,20
540162,1,1,1986,3,3,3,3,3,3,3,3,3,3
540162,2,1,1986,0,0,0,0,0,0,0,0,0,0
540163,1,1,1986,0,0,0,0,0,0,0,0,0,0
540164,1,1,1986,0,0,0,0,0,0,0,0,0,0
540164,2,1,1986,0,0,0,0,0,0,0,0,0,0
540165,1,1,1986,0,0,0,0,0,0,0,0,0,0
540165,2,1,1986,5,5,5,5,5,5,5,5,5,5
540165,3,1,1986,0,0,0,0,0,0,0,0,0,0
540166,1,1,1986,41,0,20,18,14,21,12,12,24,24
540167,1,1,1986,0,0,0,0,0,0,0,0,0,0
540167,2,1,1986,0,0,20,19,0,17,8,0,0,0
540168,1,1,1986,22,22,22,22,22,22,22,22,22,22
540168,2,1,1986,0,0,0,0,0,0,0,0,0,0
540169,0,1,1986,28,28,28,28,28,28,28,28,28,28
540169,1,1,1986,0,0,0,0,0,0,0,0,0,0
540170,1,1,1986,21,0,19,0,23,22,10,14,9,0
540171,1,1,1986,0,0,0,0,0,0,0,0,0,0
540171,2,1,1986,0,0,0,0,0,0,0,0,0,0
540171,3,1,1986,0,0,0,0,0,0,0,0,0,0
540172,1,1,1986,18,18,18,18,18,18,18,18,18,18
540173,1,1,1986,0,0,0,0,12,0,0,0,5,0
540174,1,1,1986,4,0,0,0,1,0,0,0,0,0
540174,2,1,1986,0,0,0,0,0,0,0,0,0,0
540175,1,1,1986,0,0,0,0,0,0,0,0,0,0
540175,2,1,1986,0,0,0,0,0,0,0,0,0,0
540175,3,1,1986,0,0,0,0,0,0,0,0,0,0
540176,1,1,1986,0,0,0,0,0,0,0,0,0,0
540176,2,1,1986,0,0,0,0,0,0,0,0,0,0
540177,1,1,1986,0,0,0,0,0,0,0,0,0,0
540177,2,1,1986,5,5,5,5,5,5,5,5,5,5
540178,1,1,1986,12,12,12,12,12,12,12,12,12,12
540179,1,1,1986,0,0,0,0,0,0,0,0,0,0
540180,1,1,1986,9,9,9,9,9,9,9,9,9,9
540180,2,1,1986,0,0,0,0,0,0,0,0,0,0
540181,1,1,1986,21,21,21,21,21,21,21,21,21,21
540182,1,1,1986,10,10,10,10,10,10,10,10,10,10
540183,1,1,1986,10,10,10,10,10,10,10,10,10,10
540184,1,1,1986,0,0,0,0,0,0,0,0,0,0
540185,1,1,1986,0,0,0,0,0,0,0,0,0,0
540185,2,1,1986,0,0,0,0,0,0,0,0,0,0
540186,1,1,1986,0,0,0,0,0,12,0,0,0,0
540186,2,1,1986,0,0,0,0,0,0,6,0,0,0
540187,1,1,1986,24,24,24,24,24,24,24,24,24,24
540189,0,1,1986,40,40,40,40,40,40,40,40,40,40
540189,1,1,1986,16,12,0,4,8,11,13,22,10,0
540191,1,1,1986,16,23,6,15,9,14,25,11,10,4
540192,1,1,1986,15,15,15,15,15,15,15,15,15,15
540193,1,1,1986,0,17,3,15,21,17,12,13,8,22
540194,1,1,1986,11,5,24,14,21,11,0,17,8,24
540195,1,1,1986,0,0,0,0,0,0,0,0,0,0
540195,2,1,1986,0,0,0,0,0,0,0,0,0,0
540196,1,1,1986,24,11,18,12,27,0,12,5,13,9
540196,2,1,1986,0,0,0,0,0,0,0,0,0,0
540197,1,1,1986,0,0,0,0,7,0,0,0,0,0
540197,2,1,1986,0,0,0,0,0,0,0,0,0,0
540198,1,1,1986,0,0,0,0,0,0,0,0,0,0
540198,2,1,1986,0,0,0,0,0,0,0,0,0,0
540199,1,1,1986,0,0,0,0,0,0,0,0,0,0
540200,1,1,1986,5,5,5,5,5,5,5,5,5,5
540200,2,1,1986,0,0,0,10,0,0,0,18,0,0
540201,1,1,1986,0,0,0,0,0,0,0,0,0,0
540201,2,1,1986,0,0,0,0,0,0,0,0,0,0
540202,1,1,1986,11,11,11,11,11,11,11,11,11,11
540203,1,1,1986,13,13,13,13,13,13,13,13,13,13
540204,1,1,1986,4,4,4,4,4,4,4,4,4,4
540205,1,1,1986,12,12,12,12,12,12,12,12,12,12
540206,1,1,1986,0,0,0,0,0,0,0,0,0,0
540207,1,1,1986,0,0,0,0,0,0,0,0,0,0
540207,2,1,1986,0,0,0,0,0,0,0,0,0,0
540208,1,1,1986,16,16,16,16,16,16,16,16,16,16
540209,1,1,1986,0,0,0,0,0,0,0,0,0,0
540210,1,1,1986,0,0,0,0,0,0,0,0,0,0
540210,2,1,1986,0,0,9,0,0,0,0,0,4,0
540211,1,1,1986,32,32,32,32,32,32,32,32,32,32
540212,1,1,1986,0,0,10,0,0,0,0,0,0,0
540212,2,1,1986,19,19,19,19,19,19,19,19,19,19
540213,1,1,1986,0,0,0,0,0,0,0,0,0,0
540213,2,1,1986,0,0,0,0,0,0,0,0,0,0
540214,1,1,1986,22,24,0,30,15,29,22,11,16,16
540215,1,1,1986,24,9,17,20,0,18,0,19,14,30
540216,1,1,1986,21,21,21,21,21,21,21,21,21,21
540216,2,1,1986,0,0,3,25,0,0,0,0,7,0
540217,1,1,1986,0,0,0,0,0,13,5,0,0,0
540217,2,1,1986,23,23,23,23,23,23,23,23,23,23
540218,1,1,1986,20,20,20,20,20,20,20,20,20,20
540219,1,1,1986,16,16,16,16,16,16,16,16,16,16
540219,2,1,1986,0,0,0,0,0,0,0,0,0,0
540219,3,1,1986,15,0,0,0,17,0,0,0,0,0
540220,1,1,1986,0,0,8,0,0,0,0,0,0,0
540220,2,1,1986,0,0,0,0,0,0,0,0,0,0
540221,1,1,1986,22,22,22,22,22,22,22,22,22,22
540222,1,1,1986,0,0,0,0,0,0,0,0,0,0
540223,1,1,1986,23,23,23,23,23,23,23,23,23,23
540224,1,1,1986,11,11,11,11,11,11,11,11,11,11
540225,1,1,1986,0,0,0,0,0,0,0,0,0,0
540225,2,1,1986,0,0,0,0,0,0,0,0,0,0
540226,1,1,1986,0,0,0,0,0,0,0,0,0,0
540227,1,1,1986,0,0,0,0,0,0,13,0,0,0
540227,2,1,1986,0,0,0,0,0,0,0,0,0,0
540228,1,1,1986,0,0,0,0,0,0,0,0,0,0
540228,2,1,1986,0,0,0,0,0,0,0,0,0,0
540228,3,1,1986,0,0,0,0,0,0,0,0,0,0
540229,1,1,1986,22,22,22,22,22,22,22,22,22,22
540230,1,1,1986,0,0,0,0,0,0,0,0,0,0
540231,1,1,1986,21,15,9,13,16,24,4,24,18,20
540232,1,1,1986,0,0,0,0,0,0,0,0,0,0
540232,2,1,1986,0,0,0,0,0,0,0,0,0,0
540233,1,1,1986,19,19,19,19,19,19,19,19,19,19
540234,1,1,1986,0,0,0,0,0,0,0,0,0,0
540234,2,1,1986,0,0,0,0,0,0,0,0,0,0
540235,1,1,1986,0,0,0,0,0,0,0,0,0,0
540235,2,1,1986,0,0,0,0,0,0,0,0,0,0
540236,1,1,1986,26,26,26,26,26,26,26,26,26,26
540237,1,1,1986,0,0,0,0,0,0,0,0,0,0
540237,2,1,1986,0,0,0,0,0,0,0,0,0,0
540237,3,1,1986,18,18,18,18,18,18,18,18,18,18
540238,0,1,1986,0,0,0,0,0,0,0,0,0,0
540238,1,1,1986,0,0,0,0,0,0,0,0,0,0
540239,0,1,1986,24,24,24,24,24,24,24,24,24,24
540239,1,1,1986,10,10,10,10,10,10,10,10,10,10
540240,1,1,1986,0,0,0,0,0,0,0,11,0,0
540240,2,1,1986,0,0,0,0,0,0,0,0,0,7
540241,1,1,1986,17,17,17,17,17,17,17,17,17,17
540242,1,1,1986,0,0,0,0,0,0,0,0,0,0
540242,2,1,1986,0,0,0,0,0,0,0,0,0,11
540242,3,1,1986,0,0,0,0,0,0,0,0,0,0
540242,4,1,1986,0,0,0,0,0,0,0,0,0,0
540243,1,1,1986,0,0,0,0,0,0,0,0,0,0
540243,2,1,1986,0,0,0,0,20,0,0,0,0,0
540244,1,1,1986,0,0,0,0,0,0,0,0,0,0
540245,1,1,1986,0,0,0,0,0,0,0,0,0,0
540245,2,1,1986,0,0,0,0,0,0,0,0,0,0
540246,1,1,1986,0,0,0,16,0,0,0,0,0,0
540248,1,1,1986,0,0,0,0,0,0,0,0,0,0
540248,2,1,1986,0,0,0,0,0,0,0,0,0,0
540248,3,1,1986,0,0,0,0,0,0,0,0,0,0
540249,1,1,1986,0,0,0,0,0,0,0,0,0,0
540250,1,1,1986,11,11,11,11,11,11,11,11,11,11
540251,1,1,1986,0,0,0,0,0,0,0,0,0,0
540251,2,1,1986,18,18,18,18,18,18,18,18,18,18
540252,1,1,1986,22,22,22,22,22,22,22,22,22,22
540253,1,1,1986,0,11,0,0,0,0,0,0,0,0
540253,2,1,1986,0,0,0,0,0,0,0,0,0,0
540254,1,1,1986,8,8,8,8,8,8,8,8,8,8
540255,1,1,1986,18,14,7,13,35,26,14,20,0,38
540256,1,1,1986,0,0,0,0,0,0,0,0,0,0
540256,2,1,1986,0,0,0,0,0,0,0,0,0,0
540256,3,1,1986,0,0,0,0,0,0,0,0,0,0
540257,0,1,1986,0,0,0,0,0,0,0,0,0,0
540257,0,2,1986,0,0,0,0,0,0,0,0,0,0
540257,1,1,1986,0,0,0,0,0,0,0,0,0,0
540258,1,1,1986,0,0,0,0,0,0,0,0,0,0
540258,2,1,1986,18,18,18,18,18,18,18,18,18,18
540259,1,1,1986,16,16,5,32,19,21,17,15,23,34
540260,1,1,1986,0,0,0,0,0,0,0,0,0,0
540260,2,1,1986,0,0,0,0,0,0,0,0,0,0
540261,1,1,1986,0,0,0,0,0,0,0,0,0,0
540262,1,1,1986,17,17,17,17,17,17,17,17,17,17
540263,1,1,1986,0,0,0,0,0,0,0,0,0,0
540263,2,1,1986,0,0,0,0,0,0,0,0,0,0
540264,1,1,1986,11,11,11,11,11,11,11,11,11,11
540264,2,1,1986,0,0,0,0,0,0,0,0,0,4
540265,1,1,1986,3,3,3,3,3,3,3,3,3,3
540265,2,1,1986,0,0,0,0,0,0,0,0,0,0
540266,1,1,1986,0,0,0,0,0,0,0,0,0,0
540267,1,1,1986,17,17,17,17,17,17,17,17,17,17
540268,0,1,1986,18,18,18,18,18,18,18,18,18,18
540268,1,1,1986,0,8,0,0,0,0,0,8,17,0
540270,1,1,1986,0,0,17,0,0,0,11,0,0,0
540270,2,1,1986,0,0,0,0,0,0,0,0,0,0
540271,0,1,1986,18,18,18,18,18,18,18,18,18,18
540271,1,1,1986,0,0,0,0,0,0,0,0,0,0
540272,1,1,1986,0,0,0,0,0,0,0,0,0,0
540273,1,1,1986,0,0,0,0,0,0,0,0,0,0
540273,2,1,1986,0,0,0,0,0,0,0,0,0,0
540273,3,1,1986,0,0,0,0,0,0,0,0,0,0
540273,4,1,1986,0,0,0,0,0,0,0,0,0,0
540274,1,1,1986,0,0,0,0,0,0,0,0,0,0
540275,0,1,1986,0,0,0,0,0,0,0,0,0,0
540275,1,1,1986,0,0,0,0,0,0,0,0,0,0
540276,1,1,1986,0,0,0,0,0,0,0,0,0,11
540276,2,1,1986,0,0,0,6,8,8,0,0,0,8
540277,1,1,1986,0,0,0,0,0,0,0,10,0,0
540277,2,1,1986,0,0,0,0,0,0,0,0,0,0
540278,1,1,1986,16,16,16,16,16,16,16,16,16,16
540279,1,1,1986,11,0,0,0,0,0,0,7,0,0
540280,1,1,1986,0,0,0,0,0,0,0,0,0,0
540280,2,1,1986,0,0,0,0,0,0,0,0,0,0
540281,1,1,1986,12,12,12,12,12,12,12,12,12,12
540282,1,1,1986,0,0,0,0,0,0,0,0,0,0
540283,1,1,1986,24,24,24,24,24,24,24,24,24,24
540283,2,1,1986,0,0,0,0,0,0,0,0,0,0
540284,1,1,1986,9,9,9,9,9,9,9,9,9,9
540285,1,1,1986,0,0,0,17,0,0,0,0,0,14
540285,2,1,1986,0,0,0,0,18,0,0,23,0,0
540286,1,1,1986,14,14,14,14,14,14,14,14,14,14
540286,2,1,1986,0,0,0,0,0,0,0,0,0,0
540287,1,1,1986,0,0,0,0,0,0,0,0,0,0
540288,1,1,1986,14,14,14,14,14,14,14,14,14,14
540288,2,1,1986,24,0,0,0,0,0,0,0,0,0
540289,1,1,1986,17,17,17,17,17,17,17,17,17,17
540290,1,1,1986,20,20,20,20,20,20,20,20,20,20
540291,1,1,1986,0,0,0,0,0,0,0,0,0,0
540291,2,1,1986,0,0,0,0,8,0,0,0,0,0
540292,1,1,1986,0,0,0,0,0,0,0,0,0,0
540292,2,1,1986,0,0,0,0,0,0,0,0,0,0
540293,1,1,1986,0,0,0,0,0,0,0,0,0,0
540293,2,1,1986,0,0,0,0,0,0,0,0,0,0
540294,1,1,1986,0,0,0,0,0,0,0,0,0,0
540294,2,1,1986,0,0,0,0,0,0,0,0,0,0
540295,1,1,1986,21,9,6,14,0,0,2,0,16,23
540296,1,1,1986,21,21,21,21,21,21,21,21,21,21
540296,2,1,1986,0,0,0,0,0,0,0,0,0,0
540297,1,1,1986,17,17,17,17,17,17,17,17,17,17
540298,1,1,1986,0,0,0,0,0,0,0,0,0,0
540298,2,1,1986,0,0,0,0,0,0,0,0,0,0
540299,1,1,1986,0,0,0,0,0,0,0,0,0,0
540300,1,1,1986,0,0,0,0,0,0,0,0,0,0
540301,1,1,1986,10,10,10,10,10,10,10,10,10,10
540302,1,1,1986,23,23,23,23,23,23,23,23,23,23
540303,1,1,1986,0,0,0,0,0,0,8,0,0,0
540303,2,1,1986,0,0,0,0,0,0,0,6,0,0
540303,3,1,1986,0,0,0,10,10,0,0,0,0,0
540304,1,1,1986,0,0,0,0,0,0,0,0,0,0
540304,2,1,1986,30,30,30,30,30,30,30,30,30,30
540304,3,1,1986,0,0,0,23,0,9,0,0,0,0
540304,4,1,1986,0,0,0,0,0,0,0,0,0,0
540304,5,1,1986,0,0,0,0,0,0,0,0,0,0
540305,1,1,1986,17,17,17,17,17,17,17,17,17,17
540306,1,1,1986,0,0,0,0,0,0,0,0,0,0
540307,1,1,1986,0,0,0,0,0,0,0,0,0,0
540308,1,1,1986,0,0,0,0,0,0,0,0,0,0
540308,2,1,1986,0,0,0,0,0,0,0,0,0,0
540309,1,1,1986,0,0,0,0,0,0,0,0,0,0
540310,1,1,1986,0,0,0,0,0,0,0,0,0,0
540311,0,1,1986,30,30,30,30,30,30,30,30,30,30
540311,1,1,1986,0,0,0,0,0,0,0,0,0,0
540312,1,1,1986,20,20,20,20,20,20,20,20,20,20
540313,1,1,1986,15,15,15,15,15,15,15,15,15,15
540313,2,1,1986,0,0,0,0,0,0,0,0,0,0
540314,1,1,1986,0,0,0,0,0,0,0,0,0,0
540315,1,1,1986,0,0,0,0,6,0,0,0,0,0
540315,2,1,1986,22,22,22,22,22,22,22,22,22,22
540316,1,1,1986,9,9,9,9,9,9,9,9,9,9
540317,1,1,1986,11,11,11,11,11,11,11,11,11,11
540318,1,1,1986,7,7,7,7,7,7,7,7,7,7
540319,1,1,1986,0,0,0,0,0,0,0,0,0,0
540320,1,1,1986,9,9,9,9,9,9,9,9,9,9
540321,1,1,1986,0,0,0,0,0,0,0,0,0,0
540321,2,1,1986,0,0,0,0,19,0,0,27,11,0
540322,1,1,1986,0,0,0,0,0,0,0,0,0,0
540322,2,1,1986,18,18,18,18,18,18,18,18,18,18
540322,3,1,1986,0,0,0,6,12,0,0,0,0,0
540323,0,1,1986,29,29,29,29,29,29,29,29,29,29
540323,1,1,1986,0,0,4,0,0,0,0,0,0,0
540324,1,1,1986,0,0,0,0,0,0,0,0,0,0
540324,2,1,1986,0,0,0,0,0,0,0,0,0,0
540325,1,1,1986,0,0,0,0,0,0,0,0,0,0
540325,2,1,1986,0,0,0,0,0,0,0,0,0,0
540326,1,1,1986,11,11,11,11,11,11,11,11,11,11
540327,0,1,1986,0,0,0,0,0,0,0,0,0,0
540327,1,1,1986,0,0,0,0,0,0,0,0,0,0
540328,1,1,1986,0,0,0,0,0,0,0,0,0,0
540328,2,1,1986,0,0,0,0,0,0,0,0,0,0
540329,1,1,1986,23,23,23,23,23,23,23,23,23,23
540329,2,1,1986,0,0,0,0,0,0,0,6,0,0
540330,1,1,1986,17,17,17,17,17,17,17,17,17,17
540331,1,1,1986,0,0,0,0,0,0,0,0,14,0
540331,2,1,1986,0,0,0,0,0,0,0,0,0,0
540332,1,1,1986,0,0,8,0,0,0,0,0,0,0
540332,2,1,1986,0,0,0,0,0,23,0,0,0,0
540333,1,1,1986,5,5,5,5,5,5,5,5,5,5
540334,1,1,1986,0,20,13,0,0,18,13,22,18,0
540335,1,1,1986,14,14,14,14,14,14,14,14,14,14
540335,2,1,1986,0,0,0,0,0,0,0,0,0,0
540336,1,1,1986,22,22,22,22,22,22,22,22,22,22
540336,2,1,1986,17,9,0,0,0,20,19,22,14,9
540337,1,1,1986,17,22,22,0,10,15,18,6,8,18
540338,1,1,1986,0,0,0,0,0,0,0,0,0,0
540338,2,1,1986,0,0,0,0,0,0,0,0,0,0
540338,3,1,1986,0,0,0,0,0,0,0,0,0,0
540339,1,1,1986,0,0,0,0,0,0,0,0,0,0
540339,2,1,1986,0,0,0,0,0,0,0,0,0,0