ST_CASE,VEH_NO,PER_NO,YEAR,P1,P2,P3,P4,P5,P6,P7,P8,P9,P10
550226,0,1,1986,0,0,14,0,0,0,0,0,0,0
550226,1,1,1986,0,0,0,0,0,0,0,0,0,0
550227,1,1,1986,23,23,23,23,23,23,23,23,23,23
550228,0,1,1986,9,9,9,9,9,9,9,9,9,9
550228,1,1,1986,0,0,0,0,0,0,0,0,0,0
550229,1,1,1986,0,0,0,0,0,0,0,0,0,0
550229,2,1,1986,15,15,15,15,15,15,15,15,15,15
550230,1,1,1986,0,0,0,0,0,0,0,0,0,0
550230,2,1,1986,0,0,20,0,0,0,0,0,0,11
550231,1,1,1986,27,27,27,27,27,27,27,27,27,27
550232,0,1,1986,0,0,0,0,0,0,0,0,0,0
550232,0,2,1986,0,0,9,35,0,44,0,15,38,0
550232,0,3,1986,0,0,0,0,0,0,0,0,0,0
550232,1,1,1986,10,8,14,15,16,18,15,11,18,12
550233,1,1,1986,26,26,26,26,26,26,26,26,26,26
550233,2,1,1986,11,13,2,16,15,22,9,17,21,12
550234,1,1,1986,22,22,22,22,22,22,22,22,22,22
550235,1,1,1986,18,18,18,18,18,18,18,18,18,18
550236,1,1,1986,0,0,0,0,0,0,0,0,0,0
550236,2,1,1986,27,27,27,27,27,27,27,27,27,27
550237,1,1,1986,15,0,19,13,19,6,23,18,12,28
550237,2,1,1986,0,10,0,0,0,0,0,0,0,0
550238,1,1,1986,17,17,17,17,17,17,17,17,17,17
550239,1,1,1986,21,21,21,21,21,21,21,21,21,21
550240,1,1,1986,0,0,0,0,0,0,0,0,0,0
550240,2,1,1986,0,0,0,0,0,0,0,0,0,0
550241,1,1,1986,0,0,0,0,0,0,0,0,0,0
550241,2,1,1986,0,0,0,0,0,0,0,0,0,0
550242,1,1,1986,23,23,23,23,23,23,23,23,23,23
550244,0,1,1986,0,0,0,0,0,0,0,0,0,0
550244,1,1,1986,0,18,0,0,0,0,0,9,0,0
550245,1,1,1986,0,0,0,0,0,0,0,0,0,0
550245,2,1,1986,0,3,0,0,0,0,0,0,0,9
550246,1,1,1986,10,10,10,10,10,10,10,10,10,10
550247,0,1,1986,0,0,0,0,0,0,0,0,0,0
550247,1,1,1986,0,0,0,19,0,0,0,0,8,0
550248,1,1,1986,17,17,17,17,17,17,17,17,17,17
550250,0,1,1986,15,15,15,15,15,15,15,15,15,15
550250,1,1,1986,10,10,10,10,10,10,10,10,10,10
550250,2,1,1986,0,0,0,0,0,0,0,0,0,0
550251,1,1,1986,18,19,22,29,11,37,10,20,11,12
550252,1,1,1986,0,0,0,0,0,0,0,0,0,0
550252,2,1,1986,0,0,0,0,0,0,0,0,0,0
550253,1,1,1986,5,8,18,18,4,21,31,10,14,20
550254,1,1,1986,18,18,18,18,18,18,18,18,18,18
550255,1,1,1986,0,0,0,0,0,0,0,0,0,0
550255,2,1,1986,17,12,11,12,18,9,21,12,17,5
550256,1,1,1986,0,20,23,7,16,14,13,10,19,13
550256,2,1,1986,3,0,15,0,12,7,19,9,7,20
550258,1,1,1986,21,21,21,21,21,21,21,21,21,21
550258,2,1,1986,0,0,0,0,0,0,0,0,0,0
550259,1,1,1986,25,25,25,25,25,25,25,25,25,25
550260,1,1,1986,0,0,0,0,5,0,0,0,0,0
550260,2,1,1986,0,0,0,0,0,0,0,0,0,0
550261,1,1,1986,16,16,9,17,30,24,22,20,20,23
550262,1,1,1986,0,0,0,0,0,0,0,0,0,0
550262,2,1,1986,0,0,0,0,0,0,0,0,0,0
550263,1,1,1986,0,0,0,0,0,0,0,0,0,0
550263,2,1,1986,0,0,0,0,0,0,0,0,0,0
550264,1,1,1986,22,22,22,22,22,22,22,22,22,22
550265,1,1,1986,0,0,0,18,0,0,0,0,0,0
550266,0,1,1986,0,0,0,0,0,0,0,0,0,0
550266,1,1,1986,15,15,15,15,15,15,15,15,15,15
550267,1,1,1986,11,10,15,23,34,13,7,13,28,18
550268,1,1,1986,0,0,0,0,0,0,0,0,0,0
550268,2,1,1986,0,0,0,0,0,0,0,0,4,5
550269,1,1,1986,0,22,0,0,0,19,23,0,0,15
550270,1,1,1986,20,20,20,20,20,20,20,20,20,20
550271,1,1,1986,11,11,11,11,11,11,11,11,11,11
550271,2,1,1986,14,0,5,0,13,0,17,10,8,7
550272,0,1,1986,0,0,0,0,0,0,0,0,0,0
550272,1,1,1986,0,0,0,0,0,0,0,0,0,21
550273,1,1,1986,11,11,11,11,11,11,11,11,11,11
550274,1,1,1986,12,29,0,20,20,13,9,14,20,30
550274,2,1,1986,4,0,0,0,0,0,0,0,0,0
550275,1,1,1986,31,31,31,31,31,31,31,31,31,31
550276,1,1,1986,19,19,19,19,19,19,19,19,19,19
550277,1,1,1986,12,21,15,16,14,0,7,8,10,10
550277,2,1,1986,25,25,25,25,25,25,25,25,25,25
550278,1,1,1986,34,16,0,16,15,19,19,23,8,20
550279,1,1,1986,12,12,12,12,12,12,12,12,12,12
550280,0,1,1986,26,26,26,26,26,26,26,26,26,26
550280,1,1,1986,7,14,10,8,10,20,26,8,16,17
550281,1,1,1986,20,20,20,20,20,20,20,20,20,20
550282,1,1,1986,7,7,7,7,7,7,7,7,7,7
550282,2,1,1986,11,11,11,11,11,11,11,11,11,11
550283,0,1,1986,0,0,0,0,0,0,0,0,0,0
550283,1,1,1986,0,0,0,0,0,0,0,0,12,0
550284,1,1,1986,16,16,16,16,16,16,16,16,16,16
550285,1,1,1986,0,0,0,0,0,0,0,0,0,0
550286,1,1,1986,33,33,33,33,33,33,33,33,33,33
550287,1,1,1986,22,22,22,22,22,22,22,22,22,22
550288,1,1,1986,26,26,26,26,26,26,26,26,26,26
550289,1,1,1986,0,0,0,0,0,0,0,0,0,0
550289,2,1,1986,0,0,0,0,0,0,0,0,0,0
550290,1,1,1986,0,0,0,0,0,0,0,0,0,0
550290,2,1,1986,0,0,0,0,0,0,0,0,0,0
550290,3,1,1986,0,0,0,0,0,0,0,0,0,0
550290,4,1,1986,0,0,0,0,0,0,0,0,0,0
550291,1,1,1986,23,23,23,23,23,23,23,23,23,23
550292,1,1,1986,22,22,22,22,22,22,22,22,22,22
550293,1,1,1986,16,17,0,11,7,0,16,7,20,0
550293,2,1,1986,0,0,0,0,0,0,0,0,0,9
550294,1,1,1986,26,15,12,0,13,0,19,9,11,0
550295,1,1,1986,25,25,25,25,25,25,25,25,25,25
550296,1,1,1986,32,32,32,32,32,32,32,32,32,32
550297,1,1,1986,0,0,0,0,0,0,0,0,0,0
550298,1,1,1986,0,0,12,0,20,0,0,6,24,0
550299,1,1,1986,26,11,32,24,11,0,14,26,16,0
550299,2,1,1986,12,12,12,12,12,12,12,12,12,12
550300,1,1,1986,11,11,11,11,11,11,11,11,11,11
550301,1,1,1986,11,11,11,11,11,11,11,11,11,11
550302,1,1,1986,0,0,0,0,0,0,0,0,0,0
550302,2,1,1986,0,0,0,0,0,7,0,0,0,0
550303,1,1,1986,17,17,17,17,17,17,17,17,17,17
550304,1,1,1986,14,14,20,19,4,13,30,19,16,15
550304,2,1,1986,0,0,0,0,0,0,0,26,13,0
550305,1,1,1986,16,16,16,16,16,16,16,16,16,16
550306,1,1,1986,0,0,0,0,0,0,0,0,0,0
550306,2,1,1986,15,0,0,0,0,16,0,0,0,0
550307,1,1,1986,0,0,0,0,0,0,0,0,0,0
550307,2,1,1986,0,0,0,0,0,0,0,0,0,0
550308,1,1,1986,13,11,9,6,19,0,7,0,0,0
550309,1,1,1986,0,0,0,0,0,0,0,0,0,0
550310,1,1,1986,7,0,0,0,0,0,0,0,0,0
550311,0,1,1986,0,0,0,19,0,0,0,4,0,0
550311,1,1,1986,0,0,0,0,0,0,0,0,0,0
550312,1,1,1986,19,19,19,19,19,19,19,19,19,19
550312,2,1,1986,7,7,7,7,7,7,7,7,7,7
550313,1,1,1986,0,0,0,0,0,0,0,0,0,0
550314,1,1,1986,28,28,28,28,28,28,28,28,28,28
550315,1,1,1986,10,10,10,10,10,10,10,10,10,10
550316,1,1,1986,13,20,27,26,18,0,18,25,24,24
550317,0,1,1986,9,9,9,9,9,9,9,9,9,9
550317,1,1,1986,15,47,14,13,23,0,8,6,0,52
550318,1,1,1986,0,0,0,0,0,0,0,0,0,0
550319,1,1,1986,30,30,30,30,30,30,30,30,30,30
550319,2,1,1986,14,14,14,14,14,14,14,14,14,14
550320,1,1,1986,17,10,15,30,11,26,10,1,20,18
550321,1,1,1986,0,0,0,0,0,0,0,0,0,0
550322,1,1,1986,0,0,0,0,0,0,0,0,0,0
550322,2,1,1986,0,0,0,0,0,0,0,0,0,0
550322,3,1,1986,0,0,0,0,0,0,0,0,0,0
550323,1,1,1986,22,22,22,22,22,22,22,22,22,22
550324,1,1,1986,20,20,20,20,20,20,20,20,20,20
550325,1,1,1986,24,24,24,24,24,24,24,24,24,24
550326,1,1,1986,0,0,0,0,0,0,0,0,0,0
550326,2,1,1986,0,0,0,0,0,0,0,0,0,0
550328,1,1,1986,0,0,0,0,0,0,0,0,0,0
550328,2,1,1986,0,0,0,0,0,0,9,0,0,0
550328,3,1,1986,0,0,0,0,0,0,0,0,0,0
550330,1,1,1986,0,0,0,0,0,0,0,0,0,0
550330,2,1,1986,0,0,0,0,0,0,0,0,0,0
550331,1,1,1986,26,26,26,26,26,26,26,26,26,26
550332,1,1,1986,9,9,9,9,9,9,9,9,9,9
550333,1,1,1986,0,0,0,0,0,0,0,0,0,0
550333,2,1,1986,0,0,0,0,0,0,0,0,0,0
550334,1,1,1986,0,13,0,0,0,0,0,10,0,15
550334,2,1,1986,0,3,7,15,14,7,5,8,30,9
550335,1,1,1986,12,12,12,12,12,12,12,12,12,12
550336,1,1,1986,0,0,0,0,0,0,10,0,0,0
550336,2,1,1986,0,0,0,0,0,0,0,0,0,0
550337,1,1,1986,10,10,10,10,10,10,10,10,10,10
550338,1,1,1986,13,13,13,13,13,13,13,13,13,13
550339,1,1,1986,32,32,32,32,32,32,32,32,32,32
550340,1,1,1986,24,24,24,24,24,24,24,24,24,24
550340,2,1,1986,14,14,14,14,14,14,14,14,14,14
550341,1,1,1986,17,17,17,17,17,17,17,17,17,17
550342,1,1,1986,6,6,6,6,6,6,6,6,6,6
550342,2,1,1986,0,0,0,0,0,0,0,0,0,0
550343,1,1,1986,0,0,0,37,0,0,0,0,0,0
550343,2,1,1986,0,0,0,0,0,0,0,0,0,0
550344,1,1,1986,0,0,0,0,0,0,0,0,0,0
550344,2,1,1986,3,0,0,19,0,0,12,0,0,28
550344,3,1,1986,0,0,0,0,11,0,0,0,0,0
550345,1,1,1986,0,5,0,0,0,0,0,8,0,0
550345,2,1,1986,0,0,0,0,0,0,0,0,0,0
550346,1,1,1986,17,0,15,23,27,23,28,18,0,4
550347,0,1,1986,3,3,3,3,3,3,3,3,3,3
550347,1,1,1986,10,10,34,8,12,27,12,28,16,26
550347,2,1,1986,0,0,0,0,0,0,0,0,0,0
550348,1,1,1986,0,0,0,0,0,0,0,0,0,0
550348,2,1,1986,0,0,0,0,0,0,0,7,0,0
550349,0,1,1986,0,11,0,0,0,0,0,0,0,0
550349,0,2,1986,0,0,0,0,0,0,0,0,0,0
550349,1,1,1986,0,0,0,0,0,0,0,0,0,0
550350,1,1,1986,0,0,0,0,0,0,0,0,0,0
550350,2,1,1986,8,8,8,8,8,8,8,8,8,8
550351,1,1,1986,0,0,0,0,0,0,0,0,0,0
550351,2,1,1986,0,0,0,0,0,0,0,0,0,0
550351,3,1,1986,0,0,0,0,0,0,0,0,0,0
550351,4,1,1986,0,0,0,0,0,0,0,0,0,0
550352,1,1,1986,6,0,0,0,0,0,0,0,0,0
550353,1,1,1986,25,25,25,25,25,25,25,25,25,25
550353,2,1,1986,0,0,0,0,0,0,0,0,0,0
550354,0,1,1986,40,40,40,40,40,40,40,40,40,40
550354,1,1,1986,7,0,6,0,0,0,0,0,12,10
550355,1,1,1986,5,5,5,5,5,5,5,5,5,5
550355,2,1,1986,15,15,15,15,15,15,15,15,15,15
550355,3,1,1986,0,0,0,0,0,0,11,0,0,7
550356,1,1,1986,18,18,18,18,18,18,18,18,18,18
550356,2,1,1986,0,0,0,0,0,0,0,0,0,0
550357,1,1,1986,0,0,0,0,0,0,0,0,0,0
550358,1,1,1986,0,0,0,0,0,0,0,0,0,0
550358,2,1,1986,0,0,0,0,0,0,7,0,0,0
550359,0,1,1986,0,0,0,0,0,0,0,0,0,0
550359,1,1,1986,0,0,0,0,0,0,0,0,0,0
550360,1,1,1986,18,31,15,15,23,0,16,25,17,19
550361,1,1,1986,13,13,13,13,13,13,13,13,13,13
550362,0,1,1986,0,0,0,0,0,0,0,0,0,0
550362,1,1,1986,0,0,0,0,0,0,0,0,0,0
550363,0,1,1986,0,0,0,0,0,0,0,0,0,0
550363,1,1,1986,0,0,0,0,8,0,0,11,3,13
550364,1,1,1986,15,15,15,15,15,15,15,15,15,15
550365,1,1,1986,0,0,0,0,0,0,0,0,0,0
550365,2,1,1986,36,36,36,36,36,36,36,36,36,36
550366,1,1,1986,15,9,0,0,0,0,0,0,0,0
550367,1,1,1986,0,0,0,0,0,0,0,0,0,0
550368,1,1,1986,0,0,0,0,0,0,17,0,0,15
550368,2,1,1986,0,0,0,0,0,18,0,0,0,0
550369,1,1,1986,18,0,27,18,13,19,10,10,11,9
550369,2,1,1986,14,14,14,14,14,14,14,14,14,14
550370,1,1,1986,22,22,22,22,22,22,22,22,22,22
550371,1,1,1986,16,16,16,16,16,16,16,16,16,16
550371,2,1,1986,0,0,0,0,0,0,11,0,0,0
550372,1,1,1986,0,0,0,0,0,0,0,0,0,0
550372,2,1,1986,0,0,0,0,0,0,0,0,0,0
550373,1,1,1986,0,0,0,0,0,0,0,0,0,0
550373,2,1,1986,0,0,0,0,0,0,0,0,0,0
550374,1,1,1986,21,21,21,21,21,21,21,21,21,21
550375,1,1,1986,10,10,10,10,10,10,10,10,10,10
550375,2,1,1986,0,0,0,0,0,0,0,0,0,0
550376,1,1,1986,0,0,0,0,0,0,0,0,0,0
550378,1,1,1986,0,0,0,0,0,4,0,0,0,0
550378,2,1,1986,0,0,0,14,0,0,12,0,0,0
550379,1,1,1986,6,6,6,6,6,6,6,6,6,6
550380,1,1,1986,0,0,0,0,0,0,0,0,0,0
550381,1,1,1986,0,0,0,0,0,0,0,0,0,0
550382,1,1,1986,18,18,18,18,18,18,18,18,18,18
550383,1,1,1986,18,18,18,18,18,18,18,18,18,18
550384,0,1,1986,23,23,23,23,23,23,23,23,23,23
550384,1,1,1986,0,0,12,24,7,0,0,14,6,0
550385,1,1,1986,15,15,15,15,15,15,15,15,15,15
550385,2,1,1986,0,0,0,0,0,21,0,0,0,0
550386,1,1,1986,20,21,11,14,22,23,11,7,13,15
550386,2,1,1986,24,24,24,24,24,24,24,24,24,24
550387,0,1,1986,0,0,0,0,0,0,0,0,0,0
550387,1,1,1986,0,0,0,0,9,0,0,0,0,0
550388,0,1,1986,0,0,0,0,0,0,0,0,0,0
550388,1,1,1986,0,0,0,0,0,0,0,0,0,0
550389,1,1,1986,0,0,0,0,0,0,0,0,0,0
550389,2,1,1986,0,0,0,0,0,0,0,0,0,0
550390,1,1,1986,16,11,11,26,10,14,25,21,0,18
550391,1,1,1986,0,0,0,0,18,0,0,16,11,0
550392,1,1,1986,27,22,15,0,10,36,23,20,20,23
550393,1,1,1986,0,0,14,12,11,0,0,0,0,0
550393,2,1,1986,5,5,5,5,5,5,5,5,5,5
550394,1,1,1986,0,0,0,0,0,0,0,0,0,0
550394,2,1,1986,0,0,0,0,0,0,0,0,0,0
550395,1,1,1986,0,0,0,0,0,0,0,0,0,0
550395,2,1,1986,0,0,0,0,0,0,0,0,0,0
550396,1,1,1986,0,6,0,0,0,11,0,0,0,0
550397,1,1,1986,0,0,0,0,0,0,0,0,0,0
550397,2,1,1986,8,8,8,8,8,8,8,8,8,8
550398,0,1,1986,0,0,0,0,0,0,0,0,0,0
550398,1,1,1986,10,0,0,0,0,14,0,14,11,18
550399,1,1,1986,0,27,22,15,8,15,13,9,30,13
550400,1,1,1986,12,12,12,12,12,12,12,12,12,12
550401,1,1,1986,0,0,0,0,0,0,0,0,0,21
550401,2,1,1986,0,0,0,0,0,0,0,0,0,0
550402,1,1,1986,0,0,0,0,0,0,0,0,0,0
550402,2,1,1986,0,0,0,0,0,0,0,0,0,0
550403,1,1,1986,0,0,0,0,0,0,0,0,0,0
550404,0,1,1986,0,0,0,0,0,0,0,0,0,0
550404,1,1,1986,1,1,1,1,1,1,1,1,1,1
550405,0,1,1986,6,6,6,6,6,6,6,6,6,6
550405,0,2,1986,5,5,5,5,5,5,5,5,5,5
550405,1,1,1986,0,0,0,0,0,0,0,0,0,0
550406,1,1,1986,6,15,30,19,34,0,7,24,4,12
550406,2,1,1986,0,0,0,0,0,0,0,0,0,0
550407,1,1,1986,19,19,19,19,19,19,19,19,19,19
550408,1,1,1986,0,0,0,0,0,0,0,0,0,0
550408,2,1,1986,0,0,0,0,0,0,0,0,0,0
550409,1,1,1986,0,0,0,0,0,0,0,0,0,0
550409,2,1,1986,12,0,0,22,19,0,0,0,0,0
550410,1,1,1986,5,5,5,5,5,5,5,5,5,5
550411,0,1,1986,0,0,0,0,0,0,0,0,0,0
550411,1,1,1986,0,0,0,0,0,0,0,0,0,0
550411,2,1,1986,0,0,0,0,0,0,0,2,0,0
550412,1,1,1986,0,0,0,14,15,0,0,0,0,0
550413,1,1,1986,14,14,14,14,14,14,14,14,14,14
550414,1,1,1986,0,0,0,0,0,0,0,10,0,0
550414,2,1,1986,16,16,16,16,16,16,16,16,16,16
550415,1,1,1986,12,21,24,18,24,10,21,6,8,27
550416,1,1,1986,4,4,4,4,4,4,4,4,4,4
550417,0,1,1986,0,0,0,0,0,0,0,0,0,0
550417,1,1,1986,0,0,0,0,0,0,0,0,0,0
550418,1,1,1986,19,19,19,19,19,19,19,19,19,19
550419,1,1,1986,30,30,30,30,30,30,30,30,30,30
550420,1,1,1986,18,18,18,18,18,18,18,18,18,18
550421,1,1,1986,0,0,0,0,0,0,0,0,0,0
550421,2,1,1986,0,0,0,0,0,0,0,0,0,0
550421,3,1,1986,0,0,0,0,0,0,0,0,0,0
550422,1,1,1986,24,24,24,24,24,24,24,24,24,24
550422,2,1,1986,12,12,12,12,12,12,12,12,12,12
550423,1,1,1986,11,11,11,11,11,11,11,11,11,11
550424,1,1,1986,9,9,9,9,9,9,9,9,9,9
550424,2,1,1986,19,19,19,19,19,19,19,19,19,19
550425,1,1,1986,0,0,23,0,0,0,0,0,0,0
550426,0,1,1986,40,40,40,40,40,40,40,40,40,40
550426,0,2,1986,40,0,5,0,29,0,0,26,18,11
550426,1,1,1986,15,0,4,8,16,22,12,13,18,7
550427,1,1,1986,22,22,22,22,22,22,22,22,22,22
550428,1,1,1986,17,17,17,17,17,17,17,17,17,17
550429,1,1,1986,0,0,0,0,0,0,0,0,0,0
550429,2,1,1986,0,0,0,0,0,0,0,0,0,0
550430,1,1,1986,2,2,2,2,2,2,2,2,2,2
550430,2,1,1986,0,0,0,0,11,0,0,0,0,0
550431,1,1,1986,13,13,13,13,13,13,13,13,13,13
550432,1,1,1986,21,21,21,21,21,21,21,21,21,21
550433,1,1,1986,21,21,21,21,21,21,21,21,21,21
550435,1,1,1986,19,10,14,3,5,5,10,2,14,8
550436,1,1,1986,0,0,0,0,0,0,0,0,0,0
550436,2,1,1986,0,0,0,0,0,0,0,0,0,0
550437,1,1,1986,0,0,0,0,0,0,0,0,0,0
550437,2,1,1986,8,0,0,0,0,0,0,0,0,0
550438,1,1,1986,0,25,28,0,0,0,0,0,0,0
550438,2,1,1986,0,18,0,0,9,17,0,9,0,0
550439,1,1,1986,0,0,0,0,0,0,0,0,0,0
550440,0,1,1986,0,0,0,0,0,0,0,0,0,0
550440,1,1,1986,0,0,7,0,0,0,0,0,0,0
550441,1,1,1986,0,0,0,0,0,0,0,0,0,0
550441,2,1,1986,0,0,0,0,0,0,0,0,0,8
550442,1,1,1986,0,0,0,0,0,0,0,0,0,0
550442,2,1,1986,0,0,0,0,0,0,0,0,0,0
550443,1,1,1986,0,0,0,0,0,7,0,0,0,0
550443,2,1,1986,0,0,0,0,0,0,0,0,0,0
550443,3,1,1986,0,0,0,0,0,0,0,0,0,0
550443,4,1,1986,0,0,0,11,0,0,0,0,0,0
550444,1,1,1986,0,0,0,0,0,0,0,0,0,0
550444,2,1,1986,0,0,0,0,0,0,0,0,0,0
550445,1,1,1986,0,0,0,0,0,0,0,0,0,0
550445,2,1,1986,0,0,0,0,0,0,0,0,0,0
550445,3,1,1986,0,0,0,0,0,10,0,0,0,0
550446,1,1,1986,0,0,0,0,20,0,0,0,0,0
550446,2,1,1986,19,19,19,19,19,19,19,19,19,19
550447,1,1,1986,14,14,14,14,14,14,14,14,14,14
550448,0,1,1986,24,24,24,24,24,24,24,24,24,24
550448,1,1,1986,8,12,14,11,23,14,2,10,19,15
550449,1,1,1986,16,16,16,16,16,16,16,16,16,16
550450,1,1,1986,0,23,16,15,14,45,20,9,7,25
550451,1,1,1986,0,0,0,0,0,0,0,0,0,0
550452,1,1,1986,19,19,19,19,19,19,19,19,19,19
550452,2,1,1986,14,14,14,14,14,14,14,14,14,14
550453,1,1,1986,0,16,7,6,6,10,21,0,0,0
550454,1,1,1986,24,24,24,24,24,24,24,24,24,24
550455,1,1,1986,0,0,0,0,0,0,0,0,0,0
550455,2,1,1986,0,0,0,0,0,0,0,0,0,0
550456,1,1,1986,0,0,0,0,0,0,0,0,0,0
550456,2,1,1986,0,0,0,0,0,0,0,0,0,0
550457,1,1,1986,0,9,0,0,0,0,0,0,0,0
550457,2,1,1986,0,0,0,0,0,0,0,0,0,0
550458,1,1,1986,16,13,0,0,12,4,14,0,4,0
550458,2,1,1986,20,20,20,20,20,20,20,20,20,20
550459,1,1,1986,26,26,26,26,26,26,26,26,26,26
550460,1,1,1986,20,19,23,18,19,19,5,34,0,13
550461,1,1,1986,0,0,0,0,0,0,0,0,0,0
550462,1,1,1986,23,23,23,23,23,23,23,23,23,23
550463,1,1,1986,21,21,21,21,21,21,21,21,21,21
550463,2,1,1986,16,16,16,16,16,16,16,16,16,16
550464,0,1,1986,22,22,22,22,22,22,22,22,22,22
550464,1,1,1986,13,11,12,6,0,17,0,10,17,50
550465,1,1,1986,17,7,21,5,22,23,20,19,42,12
550466,1,1,1986,0,0,0,0,0,0,0,0,0,0
550466,2,1,1986,0,0,0,0,0,0,0,0,0,0
550467,0,1,1986,0,0,0,0,0,0,0,0,0,0
550467,1,1,1986,0,0,0,0,0,0,0,0,0,0
550468,1,1,1986,0,0,0,0,0,0,0,0,0,0
550468,2,1,1986,0,0,0,0,0,0,0,0,0,0
550469,1,1,1986,0,0,0,0,0,0,0,0,0,0
550469,2,1,1986,0,0,0,0,0,0,0,0,0,0
550470,1,1,1986,19,19,19,19,19,19,19,19,19,19
550471,0,1,1986,0,0,0,0,0,0,0,0,0,0
550471,1,1,1986,0,0,0,0,0,0,0,15,0,0
550472,1,1,1986,0,0,0,0,0,0,0,37,0,32
550472,2,1,1986,0,0,0,0,0,0,0,0,0,0
550473,1,1,1986,6,6,11,8,15,12,26,5,12,22
550474,1,1,1986,0,0,0,0,0,0,0,0,0,0
550474,2,1,1986,0,0,0,0,0,0,0,0,0,0
550475,1,1,1986,0,0,0,0,0,0,0,0,0,0
550475,2,1,1986,0,0,0,0,0,0,0,0,0,0
550475,3,1,1986,0,0,0,0,0,0,0,0,0,0
550476,1,1,1986,0,0,0,0,0,0,0,0,0,0
550476,2,1,1986,0,0,0,0,0,0,0,0,0,0
550477,1,1,1986,0,0,13,10,25,18,16,0,0,0
550478,1,1,1986,0,0,0,0,0,0,0,0,0,0
550478,2,1,1986,9,9,9,9,9,9,9,9,9,9
550479,1,1,1986,0,0,16,0,0,0,0,0,0,17
550479,2,1,1986,13,13,13,13,13,13,13,13,13,13
550480,1,1,1986,9,9,9,9,9,9,9,9,9,9
550480,2,1,1986,0,0,0,0,0,0,0,0,0,0
550481,1,1,1986,0,0,0,0,0,0,0,0,0,0
550482,1,1,1986,0,0,0,0,0,0,0,0,0,0
550482,2,1,1986,0,0,0,0,0,0,0,0,0,0
550483,1,1,1986,0,0,0,0,0,0,0,0,0,0
550483,2,1,1986,0,0,0,4,0,0,0,0,0,0
550484,1,1,1986,0,0,0,0,0,0,0,0,0,0
550484,2,1,1986,0,0,0,0,0,0,0,0,0,0
550485,1,1,1986,23,23,23,23,23,23,23,23,23,23
550486,1,1,1986,29,29,29,29,29,29,29,29,29,29
550487,1,1,1986,0,0,0,0,11,9,0,13,0,0
550488,1,1,1986,0,0,0,0,0,0,0,0,0,0
550488,2,1,1986,31,31,31,31,31,31,31,31,31,31
550489,1,1,1986,6,0,0,0,0,0,0,0,0,0
550489,2,1,1986,0,0,0,0,0,0,0,0,0,0
550490,0,1,1986,0,0,0,0,0,0,0,0,0,0
550490,1,1,1986,0,0,0,0,0,0,0,0,0,0
550491,1,1,1986,0,0,0,0,0,0,0,0,0,0
550491,2,1,1986,0,0,0,0,0,0,0,0,0,0
550492,1,1,1986,15,15,15,15,15,15,15,15,15,15
550493,1,1,1986,25,0,9,0,26,9,14,0,0,5
550494,1,1,1986,0,0,0,0,0,0,0,0,0,0
550494,2,1,1986,0,0,0,0,0,0,0,12,0,0
550494,3,1,1986,0,0,0,0,0,0,0,0,0,0
550495,1,1,1986,0,0,0,0,27,0,0,0,0,0
550496,1,1,1986,0,0,30,0,0,0,0,0,0,0
550496,2,1,1986,0,0,0,0,0,0,0,0,0,0
550497,1,1,1986,19,19,19,19,19,19,19,19,19,19
550498,1,1,1986,17,25,15,0,0,18,13,3,11,0
550498,2,1,1986,0,0,0,0,0,23,0,0,0,12
550499,1,1,1986,0,0,0,0,0,0,0,0,0,0
550499,2,1,1986,0,0,0,0,0,0,0,0,0,0
550500,1,1,1986,12,12,12,12,12,12,12,12,12,12
550500,2,1,1986,23,8,0,15,8,17,0,24,17,8
550501,1,1,1986,0,0,8,0,18,21,5,0,0,0
550501,2,1,1986,0,0,0,0,0,0,0,0,0,0
550502,1,1,1986,16,26,15,19,13,18,18,22,22,15
550502,2,1,1986,0,0,0,0,0,0,0,0,0,0
550503,1,1,1986,0,0,0,0,0,0,0,0,0,0
550504,1,1,1986,27,27,27,27,27,27,27,27,27,27
550505,1,1,1986,10,14,0,30,10,14,23,15,20,0
550505,2,1,1986,3,3,3,3,3,3,3,3,3,3
550506,1,1,1986,0,0,0,0,0,0,0,0,0,0
550506,2,1,1986,0,0,0,0,0,9,0,0,0,16
550507,1,1,1986,19,19,19,19,19,19,19,19,19,19
550508,1,1,1986,5,5,5,5,5,5,5,5,5,5
550509,1,1,1986,0,0,0,0,0,0,0,0,0,0
550509,2,1,1986,5,0,10,10,4,9,15,0,11,0
550510,0,1,1986,0,0,0,0,0,0,0,0,0,0
550510,1,1,1986,0,0,0,0,0,0,0,0,0,0