ST_CASE,VEH_NO,PER_NO,YEAR,P1,P2,P3,P4,P5,P6,P7,P8,P9,P10
550511,1,1,1986,14,14,14,14,14,14,14,14,14,14
550512,1,1,1986,17,17,17,17,17,17,17,17,17,17
550513,1,1,1986,28,28,28,28,28,28,28,28,28,28
550513,2,1,1986,2,6,3,27,24,0,16,19,9,10
550514,1,1,1986,0,0,0,0,0,9,0,0,0,0
550514,2,1,1986,17,17,17,17,17,17,17,17,17,17
550515,1,1,1986,0,0,0,0,0,0,0,0,0,0
550516,1,1,1986,17,17,17,17,17,17,17,17,17,17
550517,1,1,1986,23,23,23,23,23,23,23,23,23,23
550518,1,1,1986,0,0,0,0,0,0,0,0,0,0
550518,2,1,1986,0,0,0,0,0,0,0,7,0,0
550519,1,1,1986,20,20,20,20,20,20,20,20,20,20
550520,0,1,1986,0,0,0,0,0,0,0,0,0,0
550520,1,1,1986,0,0,0,0,0,0,0,0,0,0
550520,2,1,1986,0,0,0,0,0,0,0,0,0,7
550521,1,1,1986,0,0,6,20,23,15,0,0,0,14
550522,1,1,1986,0,0,0,0,0,0,0,0,0,0
550522,2,1,1986,0,0,0,0,0,0,0,0,0,0
550523,1,1,1986,0,0,0,0,0,0,0,0,0,0
550523,2,1,1986,0,0,0,0,5,0,0,0,0,0
550524,1,1,1986,0,0,21,0,19,13,13,0,7,0
550524,2,1,1986,0,0,0,0,0,0,0,0,0,0
550525,1,1,1986,0,0,0,0,0,0,0,0,0,0
550526,1,1,1986,17,17,17,17,17,17,17,17,17,17
550527,1,1,1986,0,0,0,0,0,0,0,0,0,0
550527,2,1,1986,0,0,0,0,0,0,0,0,0,0
550528,1,1,1986,25,25,25,25,25,25,25,25,25,25
550528,2,1,1986,0,22,0,13,16,0,0,0,16,16
550529,1,1,1986,31,15,22,13,8,22,6,20,21,25
550530,1,1,1986,14,14,14,14,14,14,14,14,14,14
550531,1,1,1986,21,15,13,16,7,18,16,10,22,16
550531,2,1,1986,22,0,0,0,17,0,0,0,0,0
550532,1,1,1986,0,0,0,0,0,0,0,0,0,0
550532,2,1,1986,16,8,12,10,12,13,18,15,11,8
550533,1,1,1986,6,6,6,6,6,6,6,6,6,6
550533,2,1,1986,0,0,0,0,0,0,0,0,0,0
550534,0,1,1986,16,7,0,6,0,0,0,22,5,0
550534,1,1,1986,0,0,22,15,0,0,0,0,0,26
550535,1,1,1986,13,22,17,21,0,13,13,7,19,16
550535,2,1,1986,18,18,18,18,18,18,18,18,18,18
550536,1,1,1986,0,0,0,0,0,0,0,0,0,0
550537,1,1,1986,0,0,0,0,0,0,0,0,0,0
550537,2,1,1986,0,0,0,0,0,0,0,0,0,0
550538,1,1,1986,2,2,2,2,2,2,2,2,2,2
550540,1,1,1986,25,25,25,25,25,25,25,25,25,25
550540,2,1,1986,24,24,24,24,24,24,24,24,24,24
550541,1,1,1986,0,0,0,0,0,0,0,0,0,0
550541,2,1,1986,0,0,0,0,0,0,0,0,0,0
550542,1,1,1986,0,0,0,0,0,0,0,0,0,0
550543,0,1,1986,9,9,9,9,9,9,9,9,9,9
550543,0,2,1986,9,9,9,9,9,9,9,9,9,9
550543,1,1,1986,22,22,22,22,22,22,22,22,22,22
550544,1,1,1986,28,28,28,28,28,28,28,28,28,28
550545,1,1,1986,0,0,0,0,0,0,0,0,0,0
550545,2,1,1986,0,0,0,0,0,0,0,0,0,0
550545,3,1,1986,0,0,0,0,0,0,0,0,0,0
550546,1,1,1986,0,0,0,0,21,0,0,0,0,15
550546,2,1,1986,0,0,0,0,0,0,0,0,0,0
550547,0,1,1986,0,0,0,0,0,0,0,0,0,0
550547,1,1,1986,0,0,16,0,0,9,0,0,0,0
550548,0,1,1986,0,0,0,0,0,0,0,0,0,0
550548,1,1,1986,0,0,0,0,0,0,0,0,0,0
550549,0,1,1986,35,11,0,0,0,11,0,0,0,0
550549,0,2,1986,0,0,0,0,0,0,0,0,0,0
550549,1,1,1986,13,17,26,21,15,17,8,14,9,17
550549,2,1,1986,0,0,0,0,0,0,0,0,0,0
550549,3,1,1986,2,0,0,0,0,0,0,0,0,0
550550,0,1,1986,0,0,8,11,0,0,0,14,23,0
550550,0,2,1986,20,0,0,0,0,0,17,0,0,0
550550,1,1,1986,9,0,0,0,0,0,0,0,0,0
550551,1,1,1986,14,14,14,14,14,14,14,14,14,14
550552,1,1,1986,21,10,0,0,20,13,17,0,16,0
550553,0,1,1986,0,0,0,0,0,0,0,0,0,0
550553,1,1,1986,0,0,0,0,0,7,0,0,0,0
550554,1,1,1986,0,0,0,0,0,0,0,0,0,0
550554,2,1,1986,0,0,0,0,0,0,0,0,0,0
550555,0,1,1986,31,31,31,31,31,31,31,31,31,31
550555,1,1,1986,0,37,0,0,0,0,0,0,0,0
550556,1,1,1986,18,18,18,18,18,18,18,18,18,18
550557,1,1,1986,27,27,27,27,27,27,27,27,27,27
550558,1,1,1986,12,12,12,12,12,12,12,12,12,12
550558,2,1,1986,0,0,0,0,0,0,0,3,0,0
550559,1,1,1986,0,0,0,0,0,0,0,0,0,0
550560,1,1,1986,11,11,11,11,11,11,11,11,11,11
550561,1,1,1986,0,0,0,0,0,0,0,0,0,0
550561,2,1,1986,0,12,0,0,0,0,0,0,0,0
550562,1,1,1986,0,0,0,10,11,0,0,0,16,0
550563,1,1,1986,0,0,0,0,0,0,0,0,0,0
550563,2,1,1986,0,0,10,0,0,0,0,0,0,0
550564,1,1,1986,14,14,14,14,14,14,14,14,14,14
550565,1,1,1986,12,12,12,12,12,12,12,12,12,12
550566,1,1,1986,18,18,18,18,18,18,18,18,18,18
550567,1,1,1986,0,15,20,24,10,15,17,7,19,13
550568,0,1,1986,0,0,0,0,0,0,0,0,0,0
550568,1,1,1986,0,0,8,0,0,0,10,0,0,0
550569,1,1,1986,17,17,17,17,17,17,17,17,17,17
550569,2,1,1986,21,10,13,0,38,15,14,26,18,16
550570,1,1,1986,0,0,0,0,0,0,0,0,0,0
550571,1,1,1986,0,0,0,0,0,0,0,0,0,0
550571,2,1,1986,40,18,14,18,14,19,33,7,18,0
550572,1,1,1986,0,0,0,0,9,0,0,0,0,0
550573,1,1,1986,0,0,0,0,0,0,0,0,0,0
550573,2,1,1986,0,0,0,0,0,0,0,0,0,0
550574,0,1,1986,5,5,5,5,5,5,5,5,5,5
550574,1,1,1986,0,0,0,0,0,0,0,0,0,0
550574,2,1,1986,0,0,0,0,0,0,0,0,0,0
550575,1,1,1986,2,2,2,2,2,2,2,2,2,2
550576,1,1,1986,0,0,0,0,0,0,0,0,0,0
550576,2,1,1986,0,0,0,0,0,0,0,0,0,0
550577,1,1,1986,0,0,0,0,0,0,0,0,0,0
550577,2,1,1986,0,0,0,0,0,0,0,0,0,0
550578,1,1,1986,0,0,0,0,0,0,0,0,0,0
550579,1,1,1986,17,17,17,17,17,17,17,17,17,17
550579,2,1,1986,0,0,0,0,0,0,0,0,0,0
550580,1,1,1986,28,28,28,28,28,28,28,28,28,28
550581,1,1,1986,0,0,0,0,0,0,0,0,0,0
550582,0,1,1986,0,0,0,6,9,0,0,0,0,0
550582,1,1,1986,0,0,0,0,0,0,0,0,0,0
550583,0,1,1986,0,0,0,0,0,0,0,0,0,0
550583,1,1,1986,0,0,0,0,0,0,0,0,0,0
550584,1,1,1986,0,0,0,0,0,0,5,0,0,0
550584,2,1,1986,0,0,0,0,0,0,0,0,0,0
550585,1,1,1986,14,14,14,14,14,14,14,14,14,14
550586,0,1,1986,24,24,24,24,24,24,24,24,24,24
550586,1,1,1986,0,0,0,0,0,0,0,0,0,0
550587,1,1,1986,24,24,24,24,24,24,24,24,24,24
550587,2,1,1986,0,0,0,0,0,0,0,0,0,0
550588,1,1,1986,17,17,17,17,17,17,17,17,17,17
550589,1,1,1986,15,6,8,5,23,0,20,19,0,16
550590,1,1,1986,0,0,0,0,0,0,0,0,0,0
550590,2,1,1986,0,0,0,0,0,0,0,0,0,0
550591,1,1,1986,0,0,0,0,0,0,0,0,0,0
550591,2,1,1986,0,0,0,0,0,0,0,0,0,0
550592,1,1,1986,0,0,0,0,0,0,0,0,0,0
550592,2,1,1986,32,32,32,32,32,32,32,32,32,32
550592,3,1,1986,0,0,0,12,0,9,0,0,0,0
550593,1,1,1986,0,0,0,0,0,0,0,0,0,0
550594,1,1,1986,18,18,18,18,18,18,18,18,18,18
550594,2,1,1986,0,0,0,0,0,0,0,0,0,0
550596,0,1,1986,9,9,0,0,0,16,0,29,21,39
550596,1,1,1986,6,6,6,6,6,6,6,6,6,6
550597,1,1,1986,8,0,5,14,7,20,10,18,11,15
550598,1,1,1986,7,7,7,7,7,7,7,7,7,7
550599,1,1,1986,0,0,0,23,14,0,17,9,28,12
550600,1,1,1986,19,19,19,19,19,19,19,19,19,19
550600,2,1,1986,12,12,12,12,12,12,12,12,12,12
550601,1,1,1986,22,22,22,22,22,22,22,22,22,22
550601,2,1,1986,0,0,0,0,0,0,0,0,0,0
550602,1,1,1986,26,26,26,26,26,26,26,26,26,26
550603,1,1,1986,0,0,0,0,0,0,0,0,0,0
550606,1,1,1986,0,6,0,0,0,0,0,0,0,2
550607,1,1,1986,0,0,0,0,0,6,0,0,0,0
550607,2,1,1986,0,0,0,15,0,0,0,15,0,0
550607,3,1,1986,0,0,0,0,0,0,0,0,0,0
550608,1,1,1986,0,0,0,0,0,0,0,0,0,0
550608,2,1,1986,0,0,0,0,0,0,0,0,12,0
550609,1,1,1986,20,19,18,14,6,15,8,4,29,6
550609,2,1,1986,18,18,5,11,25,6,28,8,25,12
550610,1,1,1986,0,0,0,0,0,0,0,0,0,0
550611,1,1,1986,0,0,0,0,0,0,0,0,0,0
550611,2,1,1986,0,0,0,0,0,0,0,12,12,0
550612,1,1,1986,0,0,0,0,0,0,0,0,0,0
550612,2,1,1986,0,0,0,0,0,0,0,0,0,0
550613,1,1,1986,0,0,0,0,0,0,0,0,0,0
550613,2,1,1986,0,20,0,0,0,0,0,0,0,0
550614,1,1,1986,10,10,10,10,10,10,10,10,10,10
550615,1,1,1986,0,0,0,0,0,0,0,0,0,0
550615,2,1,1986,0,0,0,0,0,0,0,0,0,0
550616,1,1,1986,21,21,21,21,21,21,21,21,21,21
550617,1,1,1986,9,9,9,9,9,9,9,9,9,9
550618,1,1,1986,22,22,22,22,22,22,22,22,22,22
550618,2,1,1986,0,0,0,0,0,0,0,0,0,0
550618,3,1,1986,0,16,0,0,0,0,0,0,0,0
550619,1,1,1986,0,0,0,0,0,0,0,0,0,0
550619,2,1,1986,0,0,0,0,0,0,0,0,0,0
550620,1,1,1986,0,0,0,0,0,0,0,0,0,0
550621,1,1,1986,0,0,0,0,0,0,0,0,0,0
550621,2,1,1986,0,0,0,0,0,0,0,0,0,0
550622,1,1,1986,0,0,0,0,0,0,0,0,0,0
550622,2,1,1986,0,0,0,0,0,0,0,0,0,0
550623,1,1,1986,0,0,0,0,0,0,0,0,0,0
550623,2,1,1986,0,0,0,0,0,0,0,0,0,0
550624,1,1,1986,17,14,16,19,7,15,24,0,10,16
550624,2,1,1986,0,0,0,0,0,0,0,0,0,0
550625,1,1,1986,0,0,0,0,0,0,0,0,0,0
550625,2,1,1986,0,0,0,0,0,0,0,0,0,0
550626,1,1,1986,0,0,0,0,0,0,0,0,0,0
550626,2,1,1986,6,0,0,0,0,0,0,0,0,0
550627,1,1,1986,0,0,0,0,0,0,0,0,0,0
550628,1,1,1986,13,13,13,13,13,13,13,13,13,13
550628,2,1,1986,11,11,11,11,11,11,11,11,11,11
550629,1,3,1986,18,18,18,18,18,18,18,18,18,18
550630,1,1,1986,10,0,0,0,11,0,0,0,10,0
550630,2,1,1986,0,0,0,0,0,0,0,0,0,0
550631,1,1,1986,30,30,30,30,30,30,30,30,30,30
550632,1,1,1986,12,12,12,12,12,12,12,12,12,12
550633,0,1,1986,0,0,0,0,0,0,0,0,0,0
550633,1,1,1986,0,0,0,0,0,0,0,0,0,0
550634,1,1,1986,0,0,0,0,0,0,0,0,0,0
550634,2,1,1986,0,0,0,0,0,0,0,0,0,0
550635,1,1,1986,0,0,0,0,0,0,0,0,0,0
550635,2,1,1986,25,25,25,25,25,25,25,25,25,25
550636,1,1,1986,16,0,0,0,0,0,0,0,0,0
550636,2,1,1986,3,0,15,41,0,38,0,3,0,0
550637,1,1,1986,0,0,0,0,0,0,0,0,0,0
550638,1,1,1986,0,0,0,0,0,0,0,0,0,0
550638,2,1,1986,0,0,0,0,0,0,0,0,0,0
550639,1,1,1986,0,0,0,0,0,0,0,0,0,0
550639,2,1,1986,0,0,0,0,0,0,0,0,0,0
550640,1,1,1986,0,0,0,0,0,0,0,0,0,0
550641,1,1,1986,0,0,0,0,0,0,0,0,0,0
550641,2,1,1986,0,0,0,0,0,0,0,0,0,0
550641,3,1,1986,13,0,0,0,0,0,0,0,0,0
550642,1,1,1986,12,12,12,12,12,12,12,12,12,12
550643,1,1,1986,0,0,0,0,0,0,0,0,0,0
550644,1,1,1986,0,0,0,2,24,0,0,0,0,0
550644,2,1,1986,0,0,0,0,0,0,0,3,0,0
550645,1,1,1986,0,0,0,0,0,0,0,0,0,0
550645,2,1,1986,0,0,0,0,0,0,0,0,0,0
550646,1,1,1986,16,16,16,16,16,16,16,16,16,16
550647,1,1,1986,0,0,0,0,0,0,0,0,0,0
550647,2,1,1986,0,0,0,0,0,0,0,0,0,0
550648,1,1,1986,28,28,28,28,28,28,28,28,28,28
550649,1,1,1986,12,17,12,7,0,32,8,19,7,18
550650,0,1,1986,0,0,0,0,0,0,0,0,0,0
550650,1,1,1986,0,18,0,0,0,0,0,0,0,0
550651,0,1,1986,0,0,0,0,0,0,0,0,0,0
550651,1,1,1986,0,0,0,0,0,0,0,0,0,0
550652,1,1,1986,0,0,0,0,0,0,0,0,0,0
550652,2,1,1986,0,0,0,0,0,0,0,0,0,0
550653,1,1,1986,0,0,0,0,0,0,0,0,0,0
550654,1,1,1986,20,20,20,20,20,20,20,20,20,20
550654,2,1,1986,0,0,0,0,0,0,0,0,0,0
550655,1,1,1986,0,0,0,0,0,0,0,0,0,0
550656,1,1,1986,0,10,30,0,8,0,0,0,0,0
550656,2,1,1986,18,18,18,18,18,18,18,18,18,18
550657,1,1,1986,3,3,3,3,3,3,3,3,3,3
550658,1,1,1986,0,0,0,0,0,0,0,0,0,0
550658,2,1,1986,0,0,0,0,0,0,0,0,0,0
550659,1,1,1986,16,16,16,16,16,16,16,16,16,16
550659,2,1,1986,0,0,0,0,0,0,0,13,0,0
550660,1,1,1986,20,20,20,20,20,20,20,20,20,20
550661,1,1,1986,20,20,20,20,20,20,20,20,20,20
550662,1,1,1986,0,5,0,0,0,0,0,0,0,0
550662,2,1,1986,0,0,0,0,0,0,0,0,0,0
550662,3,1,1986,0,0,0,0,0,0,0,0,0,0
550663,1,1,1986,0,0,0,0,0,0,0,0,0,0
550663,2,1,1986,0,0,0,0,0,0,0,0,0,0
550664,1,1,1986,9,21,26,23,18,23,14,17,11,29
550664,2,1,1986,16,17,6,11,9,7,11,2,14,9
550665,1,1,1986,0,0,0,0,0,0,16,6,0,21
550665,2,1,1986,0,0,0,0,0,0,0,0,0,0
550666,1,1,1986,0,0,0,0,0,0,0,0,0,0
550666,2,1,1986,0,0,0,0,0,0,0,0,0,0
560001,0,1,1986,18,18,18,18,18,18,18,18,18,18
560001,1,1,1986,0,5,0,14,0,0,12,0,20,18
560002,1,1,1986,0,0,0,0,0,0,0,0,0,0
560003,0,1,1986,0,0,0,0,0,0,0,0,0,0
560003,1,1,1986,0,0,0,0,0,0,0,0,0,0
560004,0,1,1986,0,0,0,0,0,0,0,0,0,0
560004,1,1,1986,0,0,0,0,0,0,0,0,0,0
560005,1,1,1986,4,4,4,4,4,4,4,4,4,4
560005,2,1,1986,0,0,0,0,0,0,8,0,0,0
560006,1,1,1986,16,16,16,16,16,16,16,16,16,16
560007,1,1,1986,0,0,0,0,0,0,0,0,0,0
560007,2,1,1986,10,10,10,10,10,10,10,10,10,10
560008,0,1,1986,0,0,0,0,0,0,0,0,0,0
560008,1,1,1986,0,0,0,0,11,0,0,0,0,0
560009,1,1,1986,0,0,0,0,0,0,0,0,1,0
560010,1,1,1986,0,14,14,0,0,0,0,0,11,0
560011,1,1,1986,16,16,16,16,16,16,16,16,16,16
560012,1,1,1986,19,19,19,19,19,19,19,19,19,19
560012,2,1,1986,6,6,6,6,6,6,6,6,6,6
560013,1,1,1986,29,29,29,29,29,29,29,29,29,29
560013,2,1,1986,0,0,0,0,0,0,0,0,0,0
560014,1,1,1986,24,24,24,24,24,24,24,24,24,24
560015,1,1,1986,12,12,12,12,12,12,12,12,12,12
560016,1,1,1986,0,0,0,0,0,0,0,0,0,0
560017,1,1,1986,0,17,0,0,0,13,0,12,0,0
560018,1,1,1986,28,28,28,28,28,28,28,28,28,28
560019,1,1,1986,20,20,20,20,20,20,20,20,20,20
560020,1,1,1986,0,0,0,0,0,0,0,0,0,0
560020,2,1,1986,14,14,14,14,14,14,14,14,14,14
560021,1,1,1986,13,13,13,13,13,13,13,13,13,13
560022,1,1,1986,0,0,0,0,0,0,0,0,0,0
560023,1,1,1986,33,33,33,33,33,33,33,33,33,33
560023,2,1,1986,0,0,0,0,0,0,0,0,0,0
560024,1,1,1986,8,8,8,8,8,8,8,8,8,8
560025,1,1,1986,10,10,10,10,10,10,10,10,10,10
560026,1,1,1986,27,27,27,27,27,27,27,27,27,27
560027,1,1,1986,21,21,21,21,21,21,21,21,21,21
560029,0,1,1986,0,0,0,0,0,0,0,0,0,0
560029,1,1,1986,0,0,0,0,0,0,0,0,0,0
560030,1,1,1986,15,10,0,0,0,21,0,19,11,26
560030,2,1,1986,0,0,0,0,0,0,21,16,0,0
560031,1,1,1986,14,14,14,14,14,14,14,14,14,14
560031,2,1,1986,8,8,8,8,8,8,8,8,8,8
560032,1,1,1986,15,15,15,15,15,15,15,15,15,15
560032,2,1,1986,24,18,26,9,13,22,0,9,11,15
560032,3,1,1986,9,0,0,8,0,0,0,2,0,0
560033,1,1,1986,7,7,7,7,7,7,7,7,7,7
560034,1,1,1986,0,0,0,0,0,0,0,0,0,0
560034,2,1,1986,0,0,0,0,0,0,0,0,0,0
560035,0,1,1986,14,14,14,14,14,14,14,14,14,14
560035,1,1,1986,8,8,8,8,8,8,8,8,8,8
560036,1,1,1986,0,0,0,0,0,0,0,0,0,0
560037,1,1,1986,0,15,0,0,0,0,0,0,0,0
560037,2,1,1986,0,0,0,0,0,0,0,0,0,0
560038,1,1,1986,13,0,0,0,0,11,0,0,0,0
560038,2,1,1986,18,18,18,18,18,18,18,18,18,18
560039,1,1,1986,0,0,0,0,0,0,0,0,0,0
560039,2,1,1986,1,1,1,1,1,1,1,1,1,1
560040,1,1,1986,2,2,2,2,2,2,2,2,2,2
560040,2,1,1986,1,1,1,1,1,1,1,1,1,1
560041,1,1,1986,4,4,4,4,4,4,4,4,4,4
560042,1,1,1986,21,21,21,21,21,21,21,21,21,21
560043,1,1,1986,0,7,2,3,7,0,0,0,0,0
560044,1,1,1986,27,27,27,27,27,27,27,27,27,27
560045,1,1,1986,16,16,16,16,16,16,16,16,16,16
560046,1,1,1986,18,18,18,18,18,18,18,18,18,18
560046,2,1,1986,16,16,16,16,16,16,16,16,16,16
560047,1,1,1986,0,0,0,0,0,0,0,0,0,0
560047,2,1,1986,0,0,0,0,0,0,0,0,0,0
560048,1,1,1986,0,15,0,0,0,0,0,0,0,0
560049,0,1,1986,0,0,0,0,0,0,0,0,0,0
560049,1,1,1986,0,0,0,0,0,0,0,0,0,0
560050,1,1,1986,0,0,0,0,0,0,0,0,9,0
560050,2,1,1986,0,0,0,0,0,0,0,0,0,0
560051,0,1,1986,18,18,18,18,18,18,18,18,18,18
560051,1,1,1986,0,0,0,0,4,0,0,0,9,0
560052,1,1,1986,11,11,11,11,11,11,11,11,11,11
560053,1,1,1986,0,0,0,0,0,0,7,0,0,0
560054,1,1,1986,0,0,0,0,0,0,0,0,0,0
560055,1,1,1986,0,0,0,0,0,0,0,0,0,0
560056,1,1,1986,18,18,18,18,18,18,18,18,18,18
560057,1,1,1986,19,19,19,19,19,19,19,19,19,19
560058,1,1,1986,29,14,0,20,24,0,5,8,18,0
560059,1,1,1986,0,0,0,0,0,0,0,0,0,0
560059,2,1,1986,0,0,0,0,0,0,0,0,0,0
560060,1,1,1986,16,16,16,16,16,16,16,16,16,16
560061,1,1,1986,11,0,0,0,0,0,0,0,0,0
560062,1,1,1986,17,17,17,17,17,17,17,17,17,17
560063,1,1,1986,16,16,16,16,16,16,16,16,16,16
560064,1,1,1986,0,8,39,40,17,12,17,17,17,14
560065,1,1,1986,15,18,28,16,8,20,16,9,11,33
560065,2,1,1986,26,26,26,26,26,26,26,26,26,26
560066,1,1,1986,0,0,0,0,0,0,0,0,0,0
560066,2,1,1986,0,0,0,0,0,0,0,0,0,0
560067,1,1,1986,0,0,0,0,0,0,0,0,0,0
560067,2,1,1986,0,0,0,0,0,0,0,0,0,0
560068,1,1,1986,24,24,24,24,24,24,24,24,24,24
560069,1,1,1986,12,0,0,0,0,0,0,19,0,42
560070,1,1,1986,0,0,0,0,0,0,0,0,0,0
560072,1,1,1986,0,0,0,0,0,0,0,0,0,0
560072,2,1,1986,0,0,0,0,0,0,0,0,0,0
560073,1,1,1986,0,0,0,0,0,0,0,0,17,0
560074,1,1,1986,0,0,0,0,0,0,0,0,0,0
560075,1,1,1986,21,21,21,21,21,21,21,21,21,21
560076,1,1,1986,0,0,0,0,0,0,0,0,0,0
560077,1,1,1986,0,0,0,0,0,0,0,0,0,0
560078,0,1,1986,22,22,22,22,22,22,22,22,22,22
560078,1,1,1986,0,0,0,0,0,0,0,0,0,0
560079,1,1,1986,0,0,0,0,0,0,0,0,0,0
560079,2,1,1986,0,9,0,0,0,0,0,0,0,0
560080,1,1,1986,26,26,26,26,26,26,26,26,26,26
560080,2,1,1986,0,4,0,0,0,0,0,0,0,0
560081,1,1,1986,7,7,7,7,7,7,7,7,7,7
560082,1,1,1986,26,26,26,26,26,26,26,26,26,26
560082,2,1,1986,0,0,0,0,0,0,0,0,0,0
560083,1,1,1986,0,0,0,0,0,0,0,0,0,0
560084,1,1,1986,0,0,0,0,0,0,0,0,0,0
560085,1,1,1986,21,21,21,21,21,21,21,21,21,21
560086,1,1,1986,0,0,0,0,0,0,0,0,0,0
560087,1,1,1986,0,0,0,0,0,0,0,0,0,0
560088,1,1,1986,17,17,17,17,17,17,17,17,17,17
560089,1,1,1986,5,5,5,5,5,5,5,5,5,5
560090,1,1,1986,0,0,0,0,0,0,0,0,0,0
560090,2,1,1986,0,0,0,0,0,0,0,0,0,0
560091,1,1,1986,9,9,9,9,9,9,9,9,9,9
560092,1,1,1986,0,0,0,0,0,0,0,0,0,0
560092,2,1,1986,0,0,0,0,0,0,0,0,0,0
560093,1,1,1986,0,0,0,0,0,0,0,0,0,0
560094,1,1,1986,5,5,5,5,5,5,5,5,5,5
560095,1,1,1986,38,17,21,23,9,0,12,0,17,17
560096,0,1,1986,0,0,0,0,0,0,0,0,0,0
560096,0,2,1986,0,0,0,0,19,0,0,0,0,0
560096,0,3,1986,0,0,0,0,0,0,0,0,11,0
560096,1,1,1986,0,0,0,0,7,29,19,0,0,0
560097,1,1,1986,0,14,0,0,25,0,11,0,0,5
560098,1,1,1986,0,0,0,0,0,0,0,0,0,0
560098,2,1,1986,0,0,0,0,0,0,0,0,0,0
560099,1,1,1986,11,0,15,7,17,0,27,22,11,6
560100,1,1,1986,16,16,16,16,16,16,16,16,16,16
560101,0,1,1986,0,0,0,0,0,0,0,0,0,0
560101,0,2,1986,0,0,0,0,0,0,0,10,11,0
560101,1,1,1986,19,19,19,19,19,19,19,19,19,19
560102,1,1,1986,0,0,0,0,0,0,0,0,0,0
560103,1,1,1986,0,0,0,0,0,0,0,0,0,0
560104,1,1,1986,10,10,10,10,10,10,10,10,10,10
560105,1,1,1986,13,27,11,0,4,17,12,0,23,18
560106,1,1,1986,19,15,0,0,0,10,0,0,0,17
560107,1,1,1986,0,0,0,0,0,0,0,0,0,0
560107,2,1,1986,0,0,0,0,0,0,0,0,0,0
560107,3,1,1986,0,0,0,0,0,0,0,0,0,0
560108,1,1,1986,0,11,0,34,13,14,24,27,12,14
560109,1,1,1986,11,11,11,11,11,11,11,11,11,11
560111,1,1,1986,0,0,0,0,9,0,0,0,0,18
560112,1,1,1986,0,0,0,0,0,0,0,21,21,0
560113,1,1,1986,0,0,0,0,0,0,0,0,0,0
560114,1,1,1986,0,0,0,0,0,0,0,0,0,0
560115,1,1,1986,8,8,8,8,8,8,8,8,8,8
560116,1,1,1986,0,18,0,21,0,28,0,0,0,0
560117,1,1,1986,15,15,15,15,15,15,15,15,15,15
560118,1,1,1986,18,18,18,18,18,18,18,18,18,18
560119,1,1,1986,27,27,27,27,27,27,27,27,27,27
560119,2,1,1986,0,4,0,0,0,6,18,0,0,0
560120,1,1,1986,0,0,0,0,0,0,0,0,0,0
560120,2,1,1986,0,0,0,0,0,0,0,0,20,0
560121,1,1,1986,0,15,16,0,0,0,0,0,16,0
560122,1,1,1986,0,8,13,12,31,19,16,16,19,12
560123,1,1,1986,0,0,0,0,0,0,0,0,0,0
560124,1,1,1986,12,20,15,7,14,13,30,11,5,0
560125,1,1,1986,0,0,0,0,0,0,0,0,0,0
560125,2,1,1986,0,0,0,0,0,0,0,0,0,0
560126,1,1,1986,14,14,14,14,14,14,14,14,14,14
560127,1,1,1986,0,0,0,0,0,0,0,0,0,0
560128,1,1,1986,0,0,0,0,0,0,0,0,0,0
560129,1,1,1986,0,18,0,0,0,0,0,0,0,0
560130,1,1,1986,13,13,13,13,13,13,13,13,13,13
560131,1,1,1986,12,14,9,18,19,24,25,15,11,10
560131,2,1,1986,15,15,15,15,15,15,15,15,15,15
560132,0,1,1986,17,17,17,17,17,17,17,17,17,17
560132,1,1,1986,4,0,7,11,13,0,0,0,5,10
560133,1,1,1986,17,0,0,0,0,0,0,0,0,0
560134,1,1,1986,14,14,14,14,14,14,14,14,14,14
560135,1,1,1986,21,21,21,21,21,21,21,21,21,21
560135,2,1,1986,0,0,0,0,0,0,0,0,0,0
560136,1,1,1986,0,0,0,0,0,0,0,0,0,0
560136,2,1,1986,0,0,0,0,0,0,0,0,0,0
560137,1,1,1986,18,18,18,18,18,18,18,18,18,18
560138,1,1,1986,0,0,0,0,0,0,0,0,0,0
560139,1,1,1986,16,16,16,16,16,16,16,16,16,16
560140,1,1,1986,21,21,21,21,21,21,21,21,21,21
560141,1,1,1986,0,0,0,0,0,0,0,0,0,0
560142,1,1,1986,0,0,0,0,0,0,0,0,0,0
560143,1,1,1986,22,22,22,22,22,22,22,22,22,22
560144,1,1,1986,0,0,0,0,0,0,0,0,0,0
560144,2,1,1986,0,0,0,0,0,0,0,0,0,0
560144,3,1,1986,0,0,0,0,0,9,0,0,0,0
560145,0,1,1986,0,0,0,0,0,0,0,0,0,0
560145,1,1,1986,0,0,0,0,0,8,15,0,0,0
560147,1,1,1986,17,17,17,17,17,17,17,17,17,17
560148,1,1,1986,0,0,0,0,0,0,0,0,0,0
560149,1,1,1986,16,16,16,16,16,16,16,16,16,16
560150,1,1,1986,0,0,0,0,0,0,0,0,0,0