ST_CASE,VEH_NO,PER_NO,YEAR,P1,P2,P3,P4,P5,P6,P7,P8,P9,P10
63083,1,1,1986,0,0,0,0,0,0,0,0,0,0
63084,0,1,1986,0,0,0,0,0,0,0,0,0,0
63084,1,1,1986,0,0,13,5,15,12,0,2,6,0
63085,1,1,1986,0,0,0,0,0,0,0,0,12,0
63085,2,1,1986,0,0,0,0,0,0,0,0,0,0
63085,3,1,1986,0,0,0,22,0,0,0,16,0,0
63086,1,1,1986,18,18,18,18,18,18,18,18,18,18
63086,2,1,1986,10,13,13,13,13,9,6,10,23,19
63087,1,1,1986,9,16,7,0,0,22,0,14,0,13
63087,2,1,1986,0,0,0,0,0,3,0,0,0,0
63088,1,1,1986,16,16,16,16,16,16,16,16,16,16
63088,2,1,1986,0,0,0,0,0,0,0,0,0,0
63089,0,1,1986,19,19,19,19,19,19,19,19,19,19
63089,1,1,1986,6,6,9,19,14,43,4,20,25,13
63090,1,1,1986,0,0,0,0,0,0,0,0,0,0
63091,1,1,1986,10,10,10,10,10,10,10,10,10,10
63092,1,1,1986,0,0,0,8,0,0,0,0,0,0
63092,2,1,1986,0,0,0,0,0,0,0,0,0,0
63092,3,1,1986,0,0,0,0,0,0,0,0,0,0
63093,1,1,1986,14,14,14,14,14,14,14,14,14,14
63094,0,1,1986,1,1,1,1,1,1,1,1,1,1
63094,1,1,1986,0,17,24,0,0,8,0,0,0,0
63094,2,1,1986,8,11,0,0,15,18,0,18,10,0
63095,1,1,1986,26,26,26,26,26,26,26,26,26,26
63095,2,1,1986,0,0,0,0,0,0,0,0,0,0
63095,3,1,1986,0,0,0,0,0,0,0,0,0,0
63096,1,1,1986,15,15,15,15,15,15,15,15,15,15
63097,1,1,1986,0,0,0,0,0,0,0,0,0,0
63097,2,1,1986,0,0,0,0,0,0,0,0,0,0
63098,1,1,1986,0,0,0,0,0,0,0,0,0,0
63098,2,1,1986,0,0,0,0,0,0,0,0,10,0
63099,1,1,1986,0,0,0,0,0,0,0,0,0,0
63099,2,1,1986,0,0,0,0,0,0,0,0,0,0
63100,1,1,1986,0,0,0,0,0,0,0,0,0,0
63100,2,1,1986,0,0,0,0,0,0,0,0,0,0
63101,0,1,1986,0,0,0,0,0,0,0,0,0,0
63101,1,1,1986,0,0,0,0,0,0,0,0,0,0
63102,1,1,1986,0,0,0,0,0,24,0,0,0,0
63102,2,1,1986,0,0,0,0,0,0,0,0,0,0
63103,1,1,1986,0,0,0,0,3,0,0,0,0,0
63103,2,1,1986,0,0,0,0,0,0,0,0,0,0
63104,1,1,1986,0,0,0,0,0,0,0,0,0,0
63104,2,1,1986,12,0,0,0,32,0,11,0,0,16
63105,1,1,1986,15,15,15,15,15,15,15,15,15,15
63106,1,1,1986,0,0,0,0,0,0,0,0,0,0
63107,0,1,1986,0,0,0,0,0,0,0,0,0,0
63107,1,1,1986,0,0,0,0,4,0,0,0,0,0
63108,1,1,1986,37,37,37,37,37,37,37,37,37,37
63109,0,1,1986,30,30,30,30,30,30,30,30,30,30
63109,1,1,1986,22,8,0,0,0,0,0,0,0,0
63110,0,1,1986,26,26,26,26,26,26,26,26,26,26
63110,1,1,1986,0,0,0,0,0,0,0,0,0,0
63111,1,1,1986,22,22,22,22,22,22,22,22,22,22
63112,1,1,1986,12,12,12,12,12,12,12,12,12,12
63113,1,1,1986,0,0,0,0,0,0,0,0,0,0
63114,1,1,1986,0,0,0,0,0,0,0,0,0,0
63115,1,1,1986,3,3,3,3,3,3,3,3,3,3
63116,1,1,1986,20,20,20,20,20,20,20,20,20,20
63117,1,1,1986,0,0,0,0,0,0,0,0,0,0
63118,1,1,1986,25,25,25,25,25,25,25,25,25,25
63119,1,1,1986,0,0,0,0,0,0,0,0,0,0
63120,1,1,1986,0,0,0,10,0,0,11,0,0,5
63121,1,1,1986,21,21,21,21,21,21,21,21,21,21
63122,1,1,1986,18,18,18,18,18,18,18,18,18,18
63123,2,1,1986,0,0,0,3,0,0,14,0,0,0
63124,1,1,1986,0,0,0,0,0,0,0,0,0,0
63124,2,1,1986,0,0,0,0,0,0,0,0,0,0
63125,1,1,1986,15,15,15,15,15,15,15,15,15,15
63125,2,1,1986,0,0,0,0,0,0,0,0,0,0
63126,0,1,1986,31,24,31,18,0,20,0,23,26,22
63126,1,1,1986,5,0,0,0,0,0,0,0,0,0
63127,1,1,1986,0,0,0,0,0,0,0,0,8,0
63127,2,1,1986,0,0,0,0,0,0,0,0,0,0
63128,1,1,1986,0,0,0,0,0,0,0,0,0,0
63128,2,1,1986,0,0,0,0,0,0,18,0,0,0
63129,1,1,1986,18,18,18,18,18,18,18,18,18,18
63129,2,1,1986,0,0,0,0,0,0,0,0,0,0
63130,1,1,1986,0,0,0,0,0,0,0,0,0,0
63130,2,1,1986,0,0,0,0,0,0,0,0,0,0
63131,1,1,1986,0,0,0,0,0,0,0,0,0,0
63131,2,1,1986,0,0,0,33,0,0,26,10,0,0
63132,1,1,1986,0,0,0,0,0,0,0,0,0,0
63133,1,1,1986,0,0,0,0,0,18,0,0,0,0
63133,2,1,1986,0,0,0,0,0,0,0,0,0,0
63134,0,1,1986,0,0,0,0,0,0,9,0,0,0
63134,1,1,1986,0,4,20,4,25,5,15,18,0,25
63135,1,1,1986,0,0,0,0,0,0,0,0,0,0
63136,1,1,1986,21,21,21,21,21,21,21,21,21,21
63137,1,1,1986,16,16,16,16,16,16,16,16,16,16
63137,2,1,1986,16,16,16,16,16,16,16,16,16,16
63138,0,1,1986,27,27,27,27,27,27,27,27,27,27
63138,1,1,1986,0,0,16,8,0,25,0,15,0,0
63138,2,1,1986,0,0,0,0,0,0,0,0,0,0
63139,0,1,1986,19,19,19,19,19,19,19,19,19,19
63139,1,1,1986,6,3,14,8,22,12,0,15,17,7
63139,2,1,1986,0,29,14,16,6,17,16,23,10,61
63139,3,1,1986,14,10,0,5,24,12,18,29,13,0
63140,1,1,1986,0,0,0,0,0,0,0,0,0,0
63140,2,1,1986,0,0,0,0,0,0,0,0,0,0
63141,0,1,1986,0,9,15,3,0,0,0,0,0,13
63141,0,2,1986,0,0,0,0,0,0,0,0,0,0
63141,1,1,1986,21,21,21,21,21,21,21,21,21,21
63142,1,1,1986,14,8,0,0,0,0,0,0,0,15
63142,2,1,1986,2,2,2,2,2,2,2,2,2,2
63143,1,1,1986,0,0,0,0,0,0,0,0,0,0
63143,2,1,1986,0,0,0,0,20,6,0,0,0,4
63144,1,1,1986,16,16,16,16,16,16,16,16,16,16
63144,2,1,1986,0,0,0,0,0,0,0,0,0,0
63145,1,1,1986,0,0,0,0,0,0,0,0,0,0
63145,2,1,1986,0,0,0,0,0,0,0,0,0,0
63146,1,1,1986,0,0,0,0,0,0,0,0,0,0
63147,1,1,1986,23,23,23,23,23,23,23,23,23,23
63148,1,1,1986,17,17,17,17,17,17,17,17,17,17
63148,2,1,1986,0,0,0,0,0,0,0,0,0,0
63149,0,1,1986,22,21,0,18,0,18,6,23,0,12
63149,1,1,1986,0,0,7,0,0,4,0,32,19,0
63150,1,1,1986,3,3,3,3,3,3,3,3,3,3
63150,2,1,1986,0,0,0,0,0,0,0,0,0,0
63151,1,1,1986,0,0,0,0,0,0,0,0,0,0
63151,2,1,1986,0,0,0,0,0,0,0,0,0,0
63152,0,1,1986,0,0,0,0,0,0,0,0,0,0
63152,1,1,1986,0,0,0,0,0,9,0,0,0,0
63153,1,1,1986,0,0,0,0,0,0,0,0,0,0
63153,2,1,1986,0,0,0,22,0,0,0,0,0,0
63154,1,1,1986,0,0,0,0,0,0,0,0,0,0
63154,2,1,1986,16,16,16,16,16,16,16,16,16,16
63155,0,1,1986,0,0,0,0,0,0,0,0,0,0
63155,1,1,1986,22,22,22,22,22,22,22,22,22,22
63156,1,1,1986,0,0,0,0,0,0,0,0,0,10
63157,1,1,1986,10,10,10,10,10,10,10,10,10,10
63157,2,1,1986,0,0,0,0,0,0,0,0,0,0
63158,1,1,1986,21,21,21,21,21,21,21,21,21,21
63159,1,1,1986,38,38,38,38,38,38,38,38,38,38
63159,2,1,1986,7,6,0,0,0,0,0,0,0,0
63160,1,1,1986,0,0,0,0,0,0,0,0,0,0
63161,1,1,1986,33,33,33,33,33,33,33,33,33,33
63162,1,1,1986,15,15,15,15,15,15,15,15,15,15
63162,2,1,1986,0,0,0,0,0,3,0,0,0,0
63163,0,1,1986,0,0,0,0,0,0,0,0,0,0
63163,1,1,1986,0,0,0,0,0,0,0,0,0,0
63164,1,1,1986,1,1,1,1,1,1,1,1,1,1
63164,2,1,1986,0,0,0,0,0,0,0,0,0,0
63165,1,1,1986,0,0,0,0,0,0,21,0,0,0
63165,2,1,1986,0,0,0,0,0,0,0,0,0,0
63166,1,1,1986,41,41,41,41,41,41,41,41,41,41
63167,1,1,1986,20,20,20,20,20,20,20,20,20,20
63167,2,1,1986,0,0,0,0,0,0,0,0,0,0
63168,1,1,1986,0,0,0,0,0,0,0,0,0,0
63169,1,1,1986,25,25,25,25,25,25,25,25,25,25
63169,2,1,1986,0,0,0,0,0,0,0,0,0,0
63170,1,1,1986,27,27,27,27,27,27,27,27,27,27
63170,2,1,1986,0,0,0,0,0,0,0,0,0,0
63171,1,1,1986,14,14,14,14,14,14,14,14,14,14
63172,1,1,1986,8,8,8,8,8,8,8,8,8,8
63173,1,1,1986,14,14,14,14,14,14,14,14,14,14
63174,1,1,1986,0,0,0,0,0,0,0,0,0,0
63175,0,1,1986,0,0,0,0,0,0,0,0,0,0
63175,1,1,1986,0,0,0,0,0,0,0,0,0,0
63176,0,1,1986,0,0,0,0,0,0,0,0,0,0
63176,1,1,1986,0,0,0,0,0,0,0,0,0,0
63177,1,1,1986,0,0,0,0,0,0,0,0,0,0
63177,2,1,1986,0,0,15,0,30,13,25,0,0,6
63178,1,1,1986,1,1,1,1,1,1,1,1,1,1
63178,2,1,1986,0,0,0,0,0,0,0,0,0,0
63179,1,1,1986,2,2,2,2,2,2,2,2,2,2
63179,2,1,1986,6,6,6,6,6,6,6,6,6,6
63180,1,1,1986,24,24,24,24,24,24,24,24,24,24
63181,1,1,1986,0,0,0,0,0,0,0,0,0,2
63181,2,1,1986,0,0,0,0,0,0,0,0,0,0
63182,1,1,1986,11,11,11,11,11,11,11,11,11,11
63182,2,1,1986,0,7,0,0,0,0,0,0,5,0
63183,0,1,1986,23,23,23,23,23,23,23,23,23,23
63183,1,1,1986,18,0,6,0,0,0,0,0,0,3
63184,1,1,1986,21,21,21,21,21,21,21,21,21,21
63185,1,1,1986,0,0,0,0,0,0,0,0,0,0
63185,2,1,1986,3,0,0,0,0,0,6,0,0,0
63186,1,1,1986,0,0,0,0,0,0,0,0,0,0
63186,2,1,1986,0,0,0,0,0,0,0,0,0,0
63187,1,1,1986,14,14,14,14,14,14,14,14,14,14
63187,2,1,1986,0,0,0,0,0,0,0,0,8,0
63188,1,1,1986,18,18,18,18,18,18,18,18,18,18
63189,1,1,1986,16,0,0,0,16,4,17,13,10,0
63189,2,1,1986,0,0,0,0,0,0,0,0,0,14
63190,1,1,1986,0,0,0,0,0,0,0,0,0,0
63190,2,1,1986,0,0,0,0,0,0,0,0,0,13
63191,0,1,1986,24,24,24,24,24,24,24,24,24,24
63191,1,1,1986,0,0,0,13,0,20,0,0,0,0
63191,2,1,1986,0,0,0,0,16,0,0,8,0,0
63192,1,1,1986,14,14,14,14,14,14,14,14,14,14
63193,1,1,1986,13,13,13,13,13,13,13,13,13,13
63194,0,1,1986,0,18,0,0,0,0,0,0,0,0
63194,1,1,1986,0,16,0,0,4,3,0,0,0,0
63195,0,1,1986,0,0,0,0,0,0,0,0,0,0
63195,1,1,1986,25,13,8,5,16,20,18,3,7,13
63196,1,1,1986,8,8,8,8,8,8,8,8,8,8
63197,1,1,1986,15,15,15,15,15,15,15,15,15,15
63197,2,1,1986,4,0,0,0,11,0,0,0,0,8
63198,1,1,1986,17,0,7,13,28,27,23,0,24,19
63199,1,1,1986,7,0,0,0,0,0,23,12,0,0
63200,1,1,1986,20,0,9,0,13,0,0,15,0,0
63200,2,1,1986,43,0,0,0,0,0,0,0,0,0
63200,3,1,1986,0,0,0,0,0,0,0,3,0,0
63201,0,1,1986,0,0,0,0,0,0,0,0,0,0
63201,1,1,1986,0,0,15,0,10,0,14,9,0,10
63201,2,1,1986,0,13,0,0,0,0,0,0,0,0
63202,1,1,1986,9,9,9,9,9,9,9,9,9,9
63203,1,1,1986,0,0,0,0,0,0,0,0,0,0
63203,2,1,1986,0,0,0,0,0,0,0,0,0,0
63204,1,1,1986,0,0,0,0,0,0,0,0,0,0
63204,2,1,1986,0,0,0,7,0,0,0,0,0,0
63205,1,1,1986,20,20,20,20,20,20,20,20,20,20
63205,2,1,1986,0,39,0,0,0,0,0,0,0,0
63206,1,1,1986,0,0,0,0,0,0,0,0,0,0
63206,2,1,1986,10,0,0,0,0,0,15,9,0,0
63206,3,1,1986,0,0,0,0,0,0,0,0,0,0
63206,4,1,1986,0,0,0,0,0,0,0,0,0,0
63207,1,1,1986,0,0,0,0,0,0,0,0,0,0
63207,2,1,1986,0,0,0,0,0,0,0,0,0,0
63207,3,1,1986,0,0,0,0,0,0,0,0,0,0
63208,1,1,1986,23,23,23,23,23,23,23,23,23,23
63208,2,1,1986,0,0,0,0,0,6,0,0,0,0
63209,1,1,1986,0,0,0,0,0,0,0,0,0,0
63209,2,1,1986,0,0,0,0,0,0,0,0,0,0
63209,3,1,1986,0,0,0,0,0,0,0,0,0,0
63209,4,1,1986,0,0,0,0,0,0,0,0,0,0
63210,0,1,1986,0,0,0,0,0,0,0,0,0,0
63210,1,1,1986,0,0,0,0,0,0,0,0,0,0
63211,1,1,1986,0,0,0,0,0,0,0,0,0,0
63211,2,1,1986,0,0,0,0,0,0,0,0,0,0
63212,1,1,1986,0,0,0,0,0,0,0,0,0,0
63212,2,1,1986,0,0,0,0,0,0,0,0,0,0
63213,0,1,1986,0,0,0,0,0,0,0,0,0,0
63213,1,1,1986,0,0,0,0,0,0,0,0,0,0
63214,1,1,1986,0,0,0,0,0,0,0,0,0,0
63214,2,1,1986,0,0,0,0,0,0,0,0,0,0
63215,0,1,1986,0,0,0,0,0,0,0,0,0,0
63215,1,1,1986,0,0,21,0,0,0,27,0,0,0
63216,1,1,1986,0,0,0,0,0,0,0,0,0,0
63216,2,1,1986,0,0,0,0,0,0,0,0,0,0
63217,1,1,1986,0,0,12,0,0,0,0,20,0,0
63217,2,1,1986,0,0,0,0,0,0,0,0,0,0
63218,1,1,1986,0,0,0,0,0,0,0,0,0,0
63218,2,1,1986,13,0,0,0,0,0,0,0,0,3
63219,1,1,1986,0,0,0,0,0,0,0,0,0,0
63219,2,1,1986,0,0,10,0,0,0,0,10,0,0
63220,1,1,1986,0,0,0,0,0,0,0,0,0,0
63221,1,1,1986,0,0,0,0,0,0,0,0,0,0
63221,2,1,1986,13,0,0,0,0,0,0,0,0,0
63222,1,1,1986,23,23,23,23,23,23,23,23,23,23
63223,1,1,1986,10,10,10,10,10,10,10,10,10,10
63224,1,1,1986,0,29,12,14,11,5,24,13,0,24
63224,2,1,1986,0,0,0,0,0,0,0,0,0,0
63224,3,1,1986,0,13,0,0,0,0,17,0,0,6
63224,4,1,1986,0,0,0,0,0,0,0,0,0,0
63225,1,1,1986,0,0,0,26,0,0,0,0,14,0
63225,2,1,1986,0,0,0,0,0,0,0,0,8,0
63226,1,1,1986,26,26,26,26,26,26,26,26,26,26
63227,1,1,1986,16,16,16,16,16,16,16,16,16,16
63228,1,1,1986,13,13,13,13,13,13,13,13,13,13
63228,2,1,1986,0,0,0,0,0,0,0,0,0,0
63229,1,1,1986,0,0,0,0,0,0,0,0,0,0
63229,2,1,1986,0,0,0,0,0,0,0,0,0,0
63229,3,1,1986,0,0,0,0,0,0,0,0,0,0
63229,4,1,1986,0,0,0,0,0,0,0,0,10,0
63230,1,1,1986,12,12,12,12,12,12,12,12,12,12
63230,2,1,1986,0,0,0,0,0,0,0,0,0,0
63231,1,1,1986,10,10,10,10,10,10,10,10,10,10
63232,1,1,1986,0,0,0,0,0,0,0,0,0,0
63232,2,1,1986,0,0,0,0,0,0,0,0,0,0
63233,0,1,1986,6,0,0,0,0,0,0,0,0,0
63233,1,1,1986,0,0,0,0,0,0,0,0,0,0
63234,1,1,1986,0,0,0,0,0,0,0,0,0,0
63234,2,1,1986,0,0,0,0,0,0,0,0,0,0
63235,0,1,1986,25,25,25,25,25,25,25,25,25,25
63235,1,1,1986,6,0,0,0,0,0,0,18,0,0
63236,1,1,1986,27,27,27,27,27,27,27,27,27,27
63237,1,1,1986,10,10,10,10,10,10,10,10,10,10
63238,1,1,1986,20,20,20,20,20,20,20,20,20,20
63239,1,1,1986,22,22,22,22,22,22,22,22,22,22
63240,1,1,1986,0,0,0,0,0,7,0,0,17,0
63241,1,1,1986,21,21,21,21,21,21,21,21,21,21
63242,1,1,1986,17,17,17,17,17,17,17,17,17,17
63243,1,1,1986,9,21,11,18,29,23,20,11,12,10
63244,1,1,1986,0,0,0,0,0,0,0,0,0,0
63245,1,1,1986,9,9,9,9,9,9,9,9,9,9
63246,0,1,1986,23,23,23,23,23,23,23,23,23,23
63246,0,2,1986,0,13,3,0,0,0,22,4,23,22
63246,1,1,1986,0,0,31,23,9,5,0,0,9,20
63247,0,1,1986,2,2,2,2,2,2,2,2,2,2
63247,1,1,1986,19,17,0,12,0,8,0,0,0,0
63248,1,1,1986,0,0,0,0,0,0,0,0,0,0
63249,1,1,1986,25,25,25,25,25,25,25,25,25,25
63250,1,1,1986,14,23,13,9,11,23,20,14,41,28
63251,1,1,1986,0,0,0,0,0,0,0,0,0,0
63252,1,1,1986,0,0,0,0,0,0,0,0,0,0
63253,1,1,1986,0,0,0,0,0,0,0,0,0,0
63254,1,1,1986,6,6,6,6,6,6,6,6,6,6
63255,0,1,1986,21,21,21,21,21,21,21,21,21,21
63255,1,1,1986,13,7,20,0,0,11,17,0,0,16
63256,1,1,1986,0,0,7,0,0,0,0,25,0,0
63257,0,1,1986,31,31,31,31,31,31,31,31,31,31
63257,1,1,1986,12,15,0,12,0,0,0,0,19,0
63258,1,1,1986,16,16,16,16,16,16,16,16,16,16
63259,1,1,1986,0,0,0,0,0,0,0,0,0,0
63260,1,1,1986,27,27,27,27,27,27,27,27,27,27
63261,1,1,1986,0,0,0,0,0,0,0,0,0,0
63262,1,1,1986,0,0,0,0,0,0,0,0,0,0
63263,1,1,1986,0,0,0,0,0,0,0,0,0,0
63264,1,1,1986,19,19,19,19,19,19,19,19,19,19
63265,1,1,1986,26,26,26,26,26,26,26,26,26,26
63266,1,1,1986,0,0,0,0,0,0,0,0,0,0
63267,0,1,1986,0,0,0,0,0,0,0,0,0,0
63267,1,1,1986,0,0,0,0,0,0,0,0,0,0
63268,1,1,1986,0,0,0,0,0,0,0,0,0,0
63269,1,1,1986,13,13,13,13,13,13,13,13,13,13
63270,1,1,1986,0,0,0,0,0,0,0,0,0,0
63271,1,1,1986,0,0,0,0,0,0,0,0,0,0
63272,1,1,1986,0,0,0,0,0,0,0,0,0,0
63273,1,1,1986,9,9,9,9,9,9,9,9,9,9
63274,1,1,1986,0,0,0,0,0,0,0,0,0,0
63275,1,1,1986,0,0,0,0,0,0,0,0,0,0
63276,1,1,1986,0,0,0,0,0,0,0,0,0,0
63277,1,1,1986,23,23,23,23,23,23,23,23,23,23
63277,2,1,1986,0,0,0,0,0,0,0,0,0,0
63278,1,1,1986,0,0,0,0,0,0,0,0,0,0
63279,1,1,1986,7,7,7,7,7,7,7,7,7,7
63280,1,1,1986,29,29,29,29,29,29,29,29,29,29
63281,1,1,1986,0,0,0,0,0,0,0,0,0,0
63281,2,1,1986,17,17,17,17,17,17,17,17,17,17
63282,1,1,1986,0,0,0,0,0,0,0,0,0,0
63282,2,1,1986,5,0,0,0,0,0,0,0,0,0
63283,0,1,1986,18,18,18,18,18,18,18,18,18,18
63284,1,1,1986,27,15,14,9,29,9,22,14,19,21
63284,2,1,1986,25,25,25,25,25,25,25,25,25,25
63285,1,1,1986,26,26,26,26,26,26,26,26,26,26
63285,2,1,1986,0,0,0,0,0,5,0,0,16,0
63286,1,1,1986,20,20,20,20,20,20,20,20,20,20
63287,1,1,1986,0,0,0,0,0,0,0,0,0,0
63287,2,1,1986,0,0,0,0,0,0,0,0,0,0
63288,1,1,1986,19,19,19,19,19,19,19,19,19,19
63288,2,1,1986,0,0,9,0,0,13,0,0,0,0
63289,1,1,1986,0,0,0,0,0,0,0,0,0,0
63290,1,1,1986,0,0,0,0,0,0,0,0,0,0
63291,1,1,1986,11,11,5,13,15,14,12,21,6,12
63292,0,1,1986,5,5,5,5,5,5,5,5,5,5
63292,1,1,1986,0,0,0,14,0,13,10,0,0,0
63293,1,1,1986,0,0,0,0,0,0,0,0,0,0
63293,2,1,1986,0,0,0,0,0,0,0,0,0,0
63293,3,1,1986,0,0,0,0,0,0,0,0,0,0
63294,0,1,1986,0,0,0,0,0,0,0,0,0,0
63294,1,1,1986,0,0,10,0,0,0,0,21,10,0
63295,1,1,1986,0,20,4,0,0,6,0,13,15,0
63295,2,1,1986,16,16,16,16,16,16,16,16,16,16
63296,0,1,1986,2,2,2,2,2,2,2,2,2,2
63296,1,1,1986,0,0,0,0,0,0,0,0,0,0
63297,0,1,1986,11,11,11,11,11,11,11,11,11,11
63297,1,1,1986,6,6,6,6,6,6,6,6,6,6
63298,1,1,1986,17,17,17,17,17,17,17,17,17,17
63299,1,1,1986,31,24,9,0,7,22,17,8,0,10
63300,1,1,1986,0,0,0,0,0,0,0,0,0,0
63301,1,1,1986,0,0,0,0,0,0,0,0,0,0
63301,2,1,1986,0,0,0,0,0,0,0,0,0,0
63302,0,1,1986,0,0,0,0,0,0,0,0,0,0
63302,1,1,1986,17,0,0,0,0,0,0,0,0,0
63303,1,1,1986,0,0,0,0,0,0,0,16,0,0
63303,2,1,1986,0,0,0,0,0,0,0,0,0,0
63304,1,1,1986,0,0,0,0,0,0,0,0,0,0
63304,2,1,1986,0,0,0,0,0,0,0,0,0,0
63305,1,1,1986,22,22,22,22,22,22,22,22,22,22
63305,2,1,1986,0,0,0,0,0,0,0,0,0,0
63305,3,1,1986,0,0,0,0,0,0,0,0,0,0
63306,1,1,1986,0,0,0,0,0,0,0,0,0,0
63306,2,1,1986,0,0,0,0,0,0,0,0,0,0
63307,1,1,1986,25,25,25,25,25,25,25,25,25,25
63308,1,1,1986,30,30,30,30,30,30,30,30,30,30
63309,1,1,1986,12,12,12,12,12,12,12,12,12,12
63310,1,1,1986,18,18,18,18,18,18,18,18,18,18
63310,2,1,1986,0,0,0,0,0,0,0,0,0,0
63311,1,1,1986,0,0,0,0,0,0,0,0,0,0
63311,2,1,1986,0,0,0,0,0,0,0,0,0,0
63312,1,1,1986,0,0,0,0,0,0,0,0,0,0
63312,2,1,1986,0,0,0,0,0,0,0,0,0,0
63313,1,1,1986,0,0,0,0,0,0,0,0,0,0
63314,1,1,1986,0,11,19,0,4,0,14,10,23,24
63315,1,1,1986,22,22,22,22,22,22,22,22,22,22
63315,2,1,1986,0,0,0,0,22,0,0,0,0,0
63316,1,1,1986,0,0,0,0,0,0,0,0,0,0
63316,2,1,1986,0,0,0,0,0,0,0,0,0,0
63317,0,1,1986,0,0,0,0,0,0,0,0,0,0
63317,1,1,1986,0,0,0,0,0,0,4,0,8,0
63318,1,1,1986,14,14,14,14,14,14,14,14,14,14
63318,2,1,1986,11,11,11,11,11,11,11,11,11,11
63319,1,1,1986,10,10,10,10,10,10,10,10,10,10
63319,2,1,1986,0,0,0,0,0,0,0,0,0,0
63320,1,1,1986,0,0,0,0,0,0,0,0,0,0
63320,2,1,1986,0,0,0,0,0,0,0,0,0,0
63321,1,1,1986,0,0,7,0,0,0,0,0,12,0
63321,2,1,1986,0,0,0,0,0,0,0,0,0,0
63322,1,1,1986,0,0,0,0,0,0,0,0,0,0
63322,2,1,1986,0,0,0,0,0,0,0,0,0,0
63322,3,1,1986,0,0,0,0,0,0,0,0,0,0
63322,4,1,1986,0,0,0,0,0,0,0,0,0,0
63323,1,1,1986,0,0,0,0,0,0,0,0,0,0
63323,2,1,1986,0,0,0,0,0,0,0,0,0,0
63324,0,1,1986,0,0,0,0,0,0,0,0,0,0
63324,1,1,1986,11,0,0,0,0,0,0,2,0,0
63325,1,1,1986,0,0,0,0,0,0,0,0,0,0
63325,2,1,1986,0,0,0,0,0,0,0,0,0,0
63326,1,1,1986,0,0,0,0,0,0,4,0,0,0
63326,2,1,1986,0,0,0,0,0,0,0,0,0,0
63327,1,1,1986,19,19,19,19,19,19,19,19,19,19
63328,1,1,1986,2,2,2,2,2,2,2,2,2,2
63329,1,1,1986,15,15,15,15,15,15,15,15,15,15
63330,1,1,1986,0,0,0,0,0,0,0,0,0,0
63331,1,1,1986,0,0,0,0,0,0,0,0,0,0
63332,1,1,1986,25,25,25,25,25,25,25,25,25,25
63332,2,1,1986,0,0,0,0,0,0,0,0,0,0
63332,3,1,1986,0,13,0,0,0,0,0,0,0,0
63333,1,1,1986,10,10,10,10,10,10,10,10,10,10
63334,1,1,1986,20,20,20,20,20,20,20,20,20,20
63335,1,1,1986,0,0,0,0,0,0,0,0,0,0
63335,2,1,1986,22,0,13,0,0,31,18,9,15,0
63336,1,1,1986,26,26,26,26,26,26,26,26,26,26
63336,2,1,1986,0,0,0,0,0,0,0,0,0,0
63337,1,1,1986,9,9,9,9,9,9,9,9,9,9
63337,2,1,1986,0,10,0,0,0,0,0,0,0,0
63338,1,1,1986,0,0,0,0,0,0,0,0,0,0
63338,2,1,1986,0,0,0,0,0,0,0,0,0,0
63338,3,1,1986,0,8,0,0,0,0,9,0,10,0
63339,1,1,1986,17,17,17,17,17,17,17,17,17,17
63340,1,1,1986,17,17,17,17,17,17,17,17,17,17
63341,1,1,1986,15,15,15,15,15,15,15,15,15,15
63342,0,1,1986,0,0,0,0,0,0,0,0,0,0
63342,1,1,1986,0,0,0,0,0,0,0,0,0,0
63343,1,1,1986,12,12,12,12,12,12,12,12,12,12
63343,2,1,1986,0,0,0,0,0,0,0,0,0,0
63343,3,1,1986,0,6,0,0,0,4,0,0,0,0
63344,0,1,1986,0,0,0,0,0,0,0,0,0,0
63344,1,1,1986,0,0,0,0,5,0,0,0,0,0
63345,0,1,1986,0,0,0,0,0,0,0,0,0,0
63345,1,1,1986,0,0,0,0,0,0,0,0,0,0
63346,1,1,1986,9,9,9,9,9,9,9,9,9,9
63346,2,1,1986,0,0,0,0,0,0,0,0,0,0
63347,0,1,1986,0,0,0,0,0,0,0,0,0,0
63347,1,1,1986,0,0,0,0,0,0,0,0,0,0
63348,1,1,1986,0,0,0,0,0,0,0,0,0,0
63348,2,1,1986,0,0,0,0,0,0,0,0,0,0
63349,1,1,1986,0,0,0,0,0,0,0,0,0,0
63350,1,1,1986,0,0,0,0,0,0,0,0,0,0
63350,2,1,1986,0,0,0,0,0,0,0,0,0,0
63350,3,1,1986,0,0,0,0,0,0,0,0,0,0
63351,0,1,1986,0,0,0,0,0,0,0,0,0,0
63351,1,1,1986,0,0,0,0,0,0,0,0,0,0
63352,1,1,1986,16,0,0,0,0,0,0,17,14,0
63353,1,1,1986,9,9,9,9,9,9,9,9,9,9
63354,0,1,1986,0,0,0,0,0,0,0,0,0,0
63354,1,1,1986,0,0,0,0,0,0,0,0,0,0
63355,0,1,1986,0,0,0,0,0,0,0,0,0,0
63355,2,1,1986,0,0,0,0,0,15,0,0,7,0
63356,1,1,1986,0,0,0,0,0,0,0,0,0,0
63357,1,1,1986,0,0,0,0,0,0,0,0,0,0
63358,1,1,1986,0,0,0,0,0,0,0,0,0,0
63359,1,1,1986,18,18,18,18,18,18,18,18,18,18
63360,1,1,1986,17,17,17,17,17,17,17,17,17,17
63361,1,1,1986,26,26,26,26,26,26,26,26,26,26
63362,1,1,1986,18,18,18,18,18,18,18,18,18,18
63363,1,1,1986,0,0,0,0,0,0,0,0,0,0
63364,1,1,1986,0,0,0,0,0,0,0,0,0,0
63365,1,1,1986,14,14,14,14,14,14,14,14,14,14
63366,1,1,1986,12,12,12,12,12,12,12,12,12,12
63367,1,1,1986,0,0,0,0,0,0,0,0,0,0