ST_CASE,VEH_NO,PER_NO,YEAR,P1,P2,P3,P4,P5,P6,P7,P8,P9,P10
64168,3,1,1986,0,0,0,0,0,0,0,0,0,0
64169,0,1,1986,0,0,0,0,0,0,22,0,0,0
64169,1,1,1986,0,0,0,0,0,10,0,0,0,0
64170,1,1,1986,15,7,21,18,6,20,12,0,0,20
64170,2,1,1986,0,0,0,0,0,0,0,0,0,0
64171,1,1,1986,9,9,9,9,9,9,9,9,9,9
64171,2,1,1986,0,0,0,0,0,0,0,0,0,0
64172,1,1,1986,6,21,21,0,6,7,0,22,18,29
64172,2,1,1986,0,0,0,0,0,0,0,0,0,0
64173,0,1,1986,10,10,10,10,10,10,10,10,10,10
64173,1,1,1986,0,0,0,0,0,0,0,0,0,0
64174,1,1,1986,19,19,19,19,19,19,19,19,19,19
64174,2,1,1986,7,7,7,7,7,7,7,7,7,7
64175,1,1,1986,23,23,23,23,23,23,23,23,23,23
64175,2,1,1986,0,0,0,0,0,0,0,0,0,0
64175,3,1,1986,0,0,0,0,0,0,0,0,0,0
64176,1,1,1986,0,11,0,4,9,0,0,0,14,0
64177,1,1,1986,8,8,8,8,8,8,8,8,8,8
64178,1,1,1986,0,0,0,0,14,0,0,0,0,0
64179,1,1,1986,0,0,0,0,0,0,0,0,0,0
64179,2,1,1986,0,0,0,0,0,0,0,0,0,0
64180,0,1,1986,0,0,0,0,0,0,0,0,0,0
64180,1,1,1986,1,1,1,1,1,1,1,1,1,1
64181,0,1,1986,0,0,0,18,0,0,15,0,0,19
64181,1,1,1986,11,9,6,6,11,13,9,0,11,10
64182,0,1,1986,19,0,0,0,0,9,0,0,31,0
64182,0,2,1986,0,0,0,0,0,0,0,0,0,0
64182,1,1,1986,0,0,0,0,0,0,0,0,0,0
64183,1,1,1986,14,14,14,14,14,14,14,14,14,14
64184,1,1,1986,0,0,0,0,0,0,0,0,0,0
64184,2,1,1986,0,0,0,0,0,0,0,0,0,0
64185,1,1,1986,0,0,0,0,0,0,0,0,0,0
64185,2,1,1986,0,0,21,0,0,0,0,0,0,0
64186,1,1,1986,0,8,23,21,14,19,16,15,22,11
64186,2,1,1986,3,3,3,3,3,3,3,3,3,3
64187,0,1,1986,0,0,0,0,0,0,0,0,0,0
64187,1,1,1986,0,21,0,18,0,0,0,0,0,0
64187,2,1,1986,0,0,0,0,0,0,0,0,0,6
64188,1,1,1986,27,27,27,27,27,27,27,27,27,27
64188,2,1,1986,0,0,0,0,0,0,0,16,0,0
64189,0,1,1986,27,27,27,27,27,27,27,27,27,27
64189,1,1,1986,0,0,0,0,0,0,0,10,0,0
64190,1,1,1986,0,0,0,0,0,0,0,0,0,0
64190,2,1,1986,0,0,0,0,0,0,0,0,0,0
64191,0,1,1986,0,47,0,17,5,27,29,5,21,6
64191,1,1,1986,0,0,0,0,0,0,0,0,0,0
64192,1,1,1986,20,7,18,27,17,14,20,20,6,28
64193,1,1,1986,27,27,27,27,27,27,27,27,27,27
64194,1,1,1986,25,25,25,25,25,25,25,25,25,25
64194,2,1,1986,18,0,0,18,24,0,22,17,37,19
64194,3,1,1986,6,5,0,10,10,25,34,36,23,0
64194,4,1,1986,14,0,17,0,18,6,20,0,13,0
64195,1,1,1986,3,3,3,3,3,3,3,3,3,3
64196,1,1,1986,0,0,0,0,0,0,0,0,0,16
64196,2,1,1986,13,13,13,13,13,13,13,13,13,13
64196,3,1,1986,0,0,0,0,0,0,0,0,0,0
64197,0,1,1986,0,0,0,0,0,0,0,0,0,0
64197,1,1,1986,21,10,11,9,16,17,12,18,22,8
64198,0,1,1986,0,0,0,0,0,0,0,0,0,0
64198,1,1,1986,23,23,23,23,23,23,23,23,23,23
64199,0,1,1986,0,0,0,0,0,0,0,0,0,0
64199,1,1,1986,0,0,0,0,0,0,0,0,0,0
64200,1,1,1986,13,13,13,13,13,13,13,13,13,13
64201,0,1,1986,7,7,7,7,7,7,7,7,7,7
64201,1,1,1986,0,0,0,0,0,0,0,0,0,0
64202,1,1,1986,15,0,0,0,0,0,12,0,6,0
64203,1,1,1986,21,21,21,21,21,21,21,21,21,21
64203,2,1,1986,0,0,0,0,0,0,0,0,0,0
64204,1,1,1986,0,0,0,0,0,0,0,0,0,0
64205,1,1,1986,0,0,0,0,0,0,0,0,0,0
64206,1,1,1986,0,0,0,0,0,14,0,0,0,0
64207,0,1,1986,2,2,2,2,2,2,2,2,2,2
64207,1,1,1986,0,0,0,0,0,0,0,0,0,0
64208,0,1,1986,25,25,25,25,25,25,25,25,25,25
64208,1,1,1986,0,0,0,0,0,0,0,0,0,0
64209,1,1,1986,11,11,11,11,11,11,11,11,11,11
64210,1,1,1986,34,34,34,34,34,34,34,34,34,34
64210,2,1,1986,0,0,0,0,0,0,0,0,0,0
64211,0,1,1986,0,0,0,0,0,0,0,0,0,0
64211,1,1,1986,0,0,0,0,0,0,0,0,0,0
64212,1,1,1986,28,28,28,28,28,28,28,28,28,28
64213,1,1,1986,14,14,14,14,14,14,14,14,14,14
64214,1,1,1986,0,0,0,0,0,0,0,0,0,0
64215,1,1,1986,17,17,17,17,17,17,17,17,17,17
64216,1,1,1986,15,15,15,15,15,15,15,15,15,15
64217,1,1,1986,0,0,0,0,0,0,16,0,0,12
64218,1,1,1986,0,18,0,0,0,0,0,0,13,0
64219,1,1,1986,0,0,0,0,0,0,0,0,0,0
64219,2,1,1986,0,0,0,0,0,0,0,0,0,0
64220,1,1,1986,0,0,0,0,0,0,0,0,0,0
64220,2,1,1986,0,11,0,0,0,0,0,0,0,0
64221,1,1,1986,0,0,0,0,0,0,0,0,0,0
64221,2,1,1986,0,0,0,0,0,0,0,0,0,0
64222,1,1,1986,0,0,0,0,0,0,0,0,0,0
64223,0,1,1986,15,17,16,0,17,15,32,0,24,0
64223,1,1,1986,0,0,0,0,0,6,0,0,0,12
64224,1,1,1986,0,0,0,0,0,0,0,0,0,0
64225,1,1,1986,0,0,0,0,0,0,0,0,0,0
64226,1,1,1986,0,0,0,0,0,0,0,0,0,0
64227,1,1,1986,0,0,0,0,0,0,0,0,0,0
64227,2,1,1986,0,0,0,0,0,0,0,0,0,0
64228,1,1,1986,0,0,0,0,0,0,0,0,0,0
64228,2,1,1986,11,0,0,0,0,0,0,0,23,0
64229,1,1,1986,18,18,18,18,18,18,18,18,18,18
64230,1,1,1986,0,0,0,0,0,0,0,0,0,0
64230,2,1,1986,0,0,12,0,15,0,0,0,0,0
64231,1,1,1986,0,0,0,0,0,0,0,0,0,0
64232,1,1,1986,26,26,26,26,26,26,26,26,26,26
64232,2,1,1986,0,0,0,0,0,18,0,0,0,0
64233,1,1,1986,0,0,0,0,0,0,0,0,0,0
64233,2,1,1986,0,11,0,0,0,0,0,0,0,0
64234,1,1,1986,6,6,6,6,6,6,6,6,6,6
64235,1,1,1986,0,0,0,0,0,0,0,0,0,0
64236,0,1,1986,0,39,0,22,19,20,9,0,0,0
64236,1,1,1986,10,0,5,8,10,7,11,19,14,13
64237,1,1,1986,0,0,0,0,0,0,0,0,0,0
64238,1,1,1986,0,0,0,0,0,0,0,0,0,0
64238,2,1,1986,0,0,0,0,0,0,0,0,0,0
64239,1,1,1986,19,19,19,19,19,19,19,19,19,19
64240,1,1,1986,0,0,0,0,0,0,0,0,0,0
64241,1,1,1986,0,0,0,0,0,0,0,0,0,0
64242,1,1,1986,23,23,23,23,23,23,23,23,23,23
64243,1,2,1986,35,35,35,35,35,35,35,35,35,35
64244,1,1,1986,9,9,9,9,9,9,9,9,9,9
64245,1,1,1986,0,0,0,0,0,0,0,0,0,0
64245,2,1,1986,0,0,0,0,0,0,0,0,0,0
64246,0,1,1986,0,0,0,0,0,0,0,0,0,0
64246,1,1,1986,21,21,21,21,21,21,21,21,21,21
64247,1,1,1986,0,0,0,0,0,0,0,14,0,0
64248,1,1,1986,18,20,15,20,18,28,8,12,15,20
64249,0,1,1986,0,0,0,0,0,0,0,0,0,0
64249,1,1,1986,0,0,13,10,0,21,0,0,0,0
64250,0,1,1986,0,15,19,0,0,37,0,18,16,52
64250,1,1,1986,20,0,21,0,11,0,0,0,11,0
64251,1,1,1986,0,0,0,0,0,0,0,0,0,0
64251,2,1,1986,16,0,0,36,12,0,0,0,7,19
64252,1,1,1986,14,14,14,14,14,14,14,14,14,14
64253,1,1,1986,0,0,0,0,0,0,0,0,0,0
64253,2,1,1986,0,0,0,0,0,0,0,0,0,0
64253,3,1,1986,0,0,0,0,0,0,0,0,0,4
64254,1,1,1986,15,15,15,15,15,15,15,15,15,15
64254,2,1,1986,0,0,0,0,10,0,19,0,0,0
64255,0,3,1986,0,28,9,0,0,0,0,0,13,39
64255,1,1,1986,0,0,18,0,0,0,1,0,25,0
64255,2,1,1986,0,0,0,0,0,0,0,0,0,0
64256,1,1,1986,0,0,0,15,17,30,6,21,21,0
64257,1,1,1986,0,0,0,0,0,0,0,0,0,0
64257,2,1,1986,0,0,0,0,0,0,0,0,0,0
64258,1,1,1986,0,22,0,0,0,0,0,11,0,0
64259,1,1,1986,0,0,10,7,0,0,0,0,0,0
64259,2,1,1986,0,0,0,0,0,0,0,0,0,0
64260,1,1,1986,5,5,5,5,5,5,5,5,5,5
64261,1,1,1986,13,13,13,13,13,13,13,13,13,13
64262,0,1,1986,0,0,0,0,0,0,0,0,0,0
64262,1,1,1986,0,0,0,0,0,0,0,0,0,0
64263,1,1,1986,11,11,11,11,11,11,11,11,11,11
64263,2,1,1986,0,0,0,0,0,14,0,0,0,0
64263,3,1,1986,0,0,0,0,0,0,0,0,0,0
64264,0,1,1986,0,0,0,0,0,0,0,0,0,0
64264,1,1,1986,0,0,0,0,0,0,0,0,0,0
64264,2,1,1986,2,0,0,0,0,0,0,0,0,0
64265,1,1,1986,10,10,10,10,10,10,10,10,10,10
64265,2,1,1986,0,0,0,0,0,0,0,0,0,0
64266,1,1,1986,0,0,10,0,0,0,0,0,0,0
64266,2,1,1986,0,1,0,0,0,0,0,0,0,0
64267,1,1,1986,19,19,19,19,19,19,19,19,19,19
64268,1,1,1986,9,9,9,9,9,9,9,9,9,9
64269,1,1,1986,20,20,20,20,20,20,20,20,20,20
64269,2,1,1986,4,0,12,0,0,0,0,0,0,7
64269,3,1,1986,0,10,0,0,0,0,0,0,0,0
64270,0,1,1986,0,0,0,0,0,0,0,0,0,0
64270,1,1,1986,0,0,0,0,0,0,0,0,0,0
64271,1,1,1986,0,11,0,0,0,0,0,0,0,0
64271,2,1,1986,0,0,0,0,0,0,0,0,0,0
64272,0,1,1986,20,20,20,20,20,20,20,20,20,20
64272,1,1,1986,0,0,0,0,0,0,0,0,0,0
64273,1,1,1986,11,11,11,11,11,11,11,11,11,11
64274,1,1,1986,0,0,0,0,0,0,0,0,0,0
64274,2,1,1986,2,2,2,2,2,2,2,2,2,2
64275,0,1,1986,0,0,0,0,0,0,0,0,0,0
64275,1,1,1986,0,0,0,0,0,0,0,0,0,0
64276,1,1,1986,11,11,11,11,11,11,11,11,11,11
64276,2,1,1986,0,0,0,0,0,0,0,0,0,0
64277,1,1,1986,10,10,10,10,10,10,10,10,10,10
64277,2,1,1986,0,0,0,0,0,0,0,0,0,0
64278,1,1,1986,15,15,15,15,15,15,15,15,15,15
64279,1,1,1986,0,0,0,0,0,0,0,0,0,0
64279,2,1,1986,0,0,0,0,0,0,0,0,0,0
64280,0,1,1986,18,18,18,18,18,18,18,18,18,18
64280,1,1,1986,14,12,22,0,15,19,0,24,0,14
64281,0,1,1986,0,0,0,0,0,0,0,0,0,0
64281,1,1,1986,0,12,0,0,0,0,0,3,0,0
64282,1,1,1986,0,0,0,0,0,0,0,0,0,0
64282,2,1,1986,0,0,0,0,0,0,0,0,0,0
64283,0,1,1986,0,0,0,0,0,0,0,0,0,0
64283,1,1,1986,0,0,0,0,0,0,0,0,0,0
64284,1,1,1986,0,0,0,0,0,0,0,0,0,0
64285,1,1,1986,4,4,4,4,4,4,4,4,4,4
64285,2,1,1986,0,12,24,0,6,24,31,0,13,13
64285,3,1,1986,18,21,8,0,0,15,0,2,10,0
64285,4,1,1986,0,0,0,0,0,5,0,0,0,0
64286,1,1,1986,0,0,0,0,0,0,0,0,0,0
64286,2,1,1986,0,0,0,20,24,0,24,0,19,19
64286,3,1,1986,0,0,0,16,0,18,21,0,0,0
64287,0,1,1986,27,27,27,27,27,27,27,27,27,27
64287,1,1,1986,13,22,22,0,8,0,13,15,7,0
64288,0,1,1986,29,29,29,29,29,29,29,29,29,29
64288,1,1,1986,18,0,0,0,0,0,0,0,0,0
64289,1,2,1986,0,0,0,0,0,0,0,0,0,0
64289,2,1,1986,0,0,0,0,0,0,0,9,15,20
64289,3,1,1986,0,0,15,13,0,0,0,0,0,0
64290,0,1,1986,0,0,0,0,0,0,0,0,0,0
64290,1,1,1986,0,0,0,0,0,0,0,0,0,0
64291,1,1,1986,11,11,11,11,11,11,11,11,11,11
64291,2,1,1986,0,0,0,0,0,0,0,0,0,0
64292,1,1,1986,0,0,0,0,0,0,0,0,0,0
64292,2,1,1986,2,0,0,0,0,0,6,0,0,0
64292,3,1,1986,0,10,0,0,0,0,0,0,0,0
64292,4,1,1986,0,0,0,0,0,0,7,0,0,7
64293,1,1,1986,9,0,2,0,19,15,9,10,0,12
64294,0,1,1986,17,17,17,17,17,17,17,17,17,17
64294,1,1,1986,0,0,0,16,0,0,0,0,19,0
64295,0,1,1986,0,0,0,0,0,0,0,0,0,0
64295,1,1,1986,20,20,20,20,20,20,20,20,20,20
64296,1,1,1986,0,13,0,12,9,0,0,0,0,0
64296,2,1,1986,24,24,24,24,24,24,24,24,24,24
64297,1,1,1986,0,0,0,0,0,0,0,0,0,0
64298,1,1,1986,0,0,0,0,0,0,0,0,0,0
64298,2,1,1986,0,0,0,0,0,0,0,0,0,0
64299,1,1,1986,16,16,16,16,16,16,16,16,16,16
64299,2,1,1986,22,22,22,22,22,22,22,22,22,22
64300,1,1,1986,0,0,12,16,0,5,14,15,21,6
64300,2,1,1986,12,0,0,0,0,0,0,0,0,0
64301,0,1,1986,0,0,0,0,0,0,0,0,0,0
64301,1,1,1986,0,0,0,0,0,0,0,0,0,12
64302,0,1,1986,36,36,36,36,36,36,36,36,36,36
64302,1,1,1986,0,11,0,18,0,0,11,0,15,0
64303,1,1,1986,21,21,21,21,21,21,21,21,21,21
64304,1,1,1986,0,0,0,0,0,0,0,0,0,0
64304,2,1,1986,0,0,0,0,0,0,0,0,0,0
64305,1,1,1986,0,0,0,0,0,0,0,0,0,0
64305,2,1,1986,0,5,0,0,0,0,0,0,0,0
64305,3,1,1986,0,0,0,0,0,0,0,0,0,0
64306,1,1,1986,0,5,0,0,0,0,0,0,0,0
64306,2,1,1986,0,0,0,0,0,0,0,0,0,0
64307,1,1,1986,17,5,24,13,27,19,16,25,16,26
64308,1,1,1986,16,0,5,11,10,30,15,16,16,16
64309,1,1,1986,7,0,0,0,0,0,0,0,0,0
64310,0,1,1986,0,0,0,0,0,0,0,0,0,0
64310,1,1,1986,0,0,0,0,0,0,11,0,0,0
64311,1,1,1986,11,11,11,11,11,11,11,11,11,11
64312,0,1,1986,15,15,15,15,15,15,15,15,15,15
64312,1,1,1986,19,19,19,19,19,19,19,19,19,19
64312,2,1,1986,16,20,12,0,7,20,25,0,0,31
64313,1,1,1986,0,0,0,0,0,0,0,0,0,0
64314,1,1,1986,0,0,0,0,0,0,0,0,0,0
64314,2,1,1986,0,0,0,0,0,0,0,0,0,0
64315,1,1,1986,1,1,1,1,1,1,1,1,1,1
64316,1,1,1986,0,0,0,0,0,0,0,0,0,0
64316,2,1,1986,0,0,0,0,0,0,0,0,0,0
64316,3,1,1986,0,0,0,0,0,0,0,0,0,0
64316,4,1,1986,0,0,0,0,0,0,0,0,0,0
64317,1,1,1986,0,0,0,0,0,0,0,0,0,0
64318,1,1,1986,0,0,0,0,0,0,0,0,0,0
64318,2,1,1986,15,27,0,7,28,13,25,17,10,11
64319,1,1,1986,14,14,14,14,14,14,14,14,14,14
64319,2,1,1986,2,2,2,2,2,2,2,2,2,2
64320,1,1,1986,0,6,0,0,0,0,0,0,0,0
64320,2,1,1986,0,0,0,0,0,0,0,0,0,0
64320,3,1,1986,0,0,0,0,6,0,0,0,5,0
64321,1,1,1986,0,0,0,5,0,0,0,0,7,21
64321,2,1,1986,6,0,0,0,0,0,0,0,0,0
64322,0,1,1986,0,0,0,0,0,0,0,0,0,0
64322,1,1,1986,20,20,20,20,20,20,20,20,20,20
64323,1,1,1986,0,0,0,0,0,0,0,0,0,0
64324,0,1,1986,0,0,0,0,0,0,0,0,0,0
64324,1,1,1986,0,0,0,0,0,0,0,0,0,0
64325,1,1,1986,34,34,34,34,34,34,34,34,34,34
64326,0,1,1986,30,30,30,30,30,30,30,30,30,30
64326,1,1,1986,0,0,0,0,0,0,0,0,0,0
64327,1,1,1986,10,10,10,10,10,10,10,10,10,10
64328,1,1,1986,0,0,0,0,0,0,0,0,0,0
64329,1,1,1986,0,0,0,0,0,0,0,0,0,0
64329,2,1,1986,0,0,4,0,0,0,0,0,0,7
64330,1,1,1986,0,0,14,0,0,0,0,17,0,0
64331,1,1,1986,34,14,21,20,0,0,0,0,0,0
64332,1,1,1986,18,18,18,18,18,18,18,18,18,18
64333,1,1,1986,25,25,25,25,25,25,25,25,25,25
64334,1,1,1986,20,20,20,20,20,20,20,20,20,20
64334,2,1,1986,0,0,0,0,0,0,0,0,0,0
64335,1,1,1986,24,24,24,24,24,24,24,24,24,24
64335,2,1,1986,0,0,0,0,0,0,0,0,0,0
64336,1,1,1986,0,0,0,0,0,0,0,0,0,0
64337,1,1,1986,0,0,0,0,0,0,0,0,0,0
64338,0,1,1986,0,0,0,0,0,0,0,0,0,0
64338,1,1,1986,0,0,0,0,0,0,0,0,0,0
64339,0,1,1986,0,0,0,0,0,0,0,0,0,0
64339,0,2,1986,0,0,0,0,0,18,27,0,32,0
64339,1,1,1986,0,0,0,0,0,0,0,0,0,0
64340,1,1,1986,0,0,0,0,0,0,0,0,0,0
64341,1,1,1986,0,0,0,0,0,0,0,0,0,0
64342,0,1,1986,0,0,0,0,0,0,0,0,0,0
64342,1,1,1986,0,0,0,0,0,0,0,0,0,0
64342,2,1,1986,0,0,0,0,0,0,0,0,0,0
64343,1,1,1986,11,0,0,0,0,0,0,1,0,0
64343,2,1,1986,0,0,0,0,0,0,0,0,0,0
64344,1,1,1986,22,22,22,22,22,22,22,22,22,22
64345,1,1,1986,26,26,26,26,26,26,26,26,26,26
64346,1,1,1986,15,0,0,0,0,0,0,0,0,0
64346,2,1,1986,10,10,10,10,10,10,10,10,10,10
64347,1,1,1986,14,14,14,14,14,14,14,14,14,14
64347,2,1,1986,0,0,0,0,0,0,0,0,0,0
64348,1,1,1986,0,0,0,0,0,0,19,0,0,5
64348,2,1,1986,20,15,6,13,12,11,8,5,11,26
64349,1,1,1986,1,1,1,1,1,1,1,1,1,1
64349,2,1,1986,0,0,11,0,0,0,0,0,0,0
64349,3,1,1986,0,0,0,0,0,0,0,0,0,0
64349,4,1,1986,0,0,0,0,0,0,0,0,0,0
64350,1,1,1986,17,17,17,17,17,17,17,17,17,17
64350,2,1,1986,0,0,0,0,0,0,0,0,0,0
64350,3,1,1986,18,10,0,18,0,16,0,0,0,10
64351,1,1,1986,27,27,27,27,27,27,27,27,27,27
64352,1,1,1986,14,14,14,14,14,14,14,14,14,14
64353,1,1,1986,21,21,21,21,21,21,21,21,21,21
64353,2,1,1986,8,8,8,8,8,8,8,8,8,8
64354,1,1,1986,0,0,0,0,0,0,0,0,0,0
64355,1,1,1986,0,0,0,0,0,0,0,16,5,11
64356,1,1,1986,0,0,0,0,0,0,0,0,0,0
64356,2,1,1986,0,0,0,0,0,0,0,0,0,0
64356,3,1,1986,0,0,0,0,0,0,0,0,0,0
64357,0,1,1986,18,18,18,18,18,18,18,18,18,18
64357,1,1,1986,18,18,18,18,18,18,18,18,18,18
64358,1,1,1986,0,0,0,0,0,0,0,0,0,0
64359,1,1,1986,0,0,0,0,0,0,0,0,0,0
64360,1,1,1986,18,0,0,0,0,0,0,0,0,0
64360,2,1,1986,0,0,0,0,0,0,0,0,0,0
64360,3,1,1986,0,0,0,0,0,0,0,0,0,0
64361,1,1,1986,0,0,0,0,0,0,0,0,0,0
64361,2,1,1986,3,3,3,3,3,3,3,3,3,3
64362,1,1,1986,16,21,25,17,42,3,29,4,17,18
64363,0,1,1986,16,21,22,0,6,19,0,0,0,0
64363,1,1,1986,0,3,0,13,15,28,0,29,14,0
64364,0,1,1986,0,0,0,0,0,0,0,0,0,0
64364,1,1,1986,0,0,0,0,0,0,0,0,0,0
64365,1,1,1986,2,2,2,2,2,2,2,2,2,2
64366,1,1,1986,0,0,9,18,0,0,0,0,0,0
64366,2,1,1986,19,19,19,19,19,19,19,19,19,19
64367,0,1,1986,0,0,0,0,0,0,0,0,0,0
64367,1,1,1986,0,0,0,0,0,0,0,0,0,0
64368,0,1,1986,0,0,0,0,0,0,0,0,0,0
64368,1,1,1986,0,0,0,0,0,0,0,0,6,0
64369,1,1,1986,0,0,0,0,0,0,0,0,0,0
64369,2,1,1986,0,0,0,0,0,0,0,0,0,0
64369,3,1,1986,0,0,0,0,0,0,0,0,0,0
64370,0,1,1986,4,4,4,4,4,4,4,4,4,4
64370,0,2,1986,12,0,6,0,0,28,6,0,11,11
64370,0,3,1986,7,0,15,19,0,22,12,21,37,14
64370,1,1,1986,7,0,13,0,0,0,0,0,10,0
64371,1,1,1986,0,0,0,0,6,0,0,0,0,0
64371,2,1,1986,0,0,0,0,0,0,0,0,0,0
64372,1,1,1986,0,5,0,0,0,0,0,0,0,0
64372,2,1,1986,0,0,0,0,0,0,0,0,0,0
64373,1,1,1986,14,20,0,0,19,0,22,0,0,11
64373,2,1,1986,6,0,0,0,8,5,0,0,4,12
64374,1,1,1986,0,0,0,20,0,0,0,0,2,0
64374,2,1,1986,0,0,0,0,0,0,0,0,0,0
64375,0,1,1986,0,0,0,0,0,0,0,0,0,0
64375,1,1,1986,0,0,0,0,0,0,0,0,0,0
64376,1,1,1986,0,16,0,0,0,0,22,10,9,0
64377,1,1,1986,0,0,0,0,0,0,0,0,0,0
64377,2,1,1986,0,0,0,0,0,0,0,0,0,0
64378,1,1,1986,0,0,0,0,0,0,0,0,0,0
64378,2,1,1986,0,0,0,0,0,16,0,0,13,11
64379,1,1,1986,0,0,0,0,0,0,0,0,0,0
64380,1,1,1986,0,0,0,0,0,0,0,0,0,0
64380,2,1,1986,0,0,0,0,0,0,0,0,0,0
64381,1,1,1986,0,0,0,0,0,0,0,0,0,0
64381,2,1,1986,0,0,0,0,0,0,0,0,0,0
64382,1,1,1986,0,0,0,0,0,0,0,0,0,0
64382,2,1,1986,0,0,0,0,0,0,0,0,0,0
64383,0,1,1986,0,0,0,0,0,0,0,0,0,0
64383,1,1,1986,0,0,0,0,0,0,0,8,0,0
64383,2,1,1986,0,22,10,49,9,0,0,0,16,9
64384,1,1,1986,17,17,17,17,17,17,17,17,17,17
64385,1,1,1986,0,0,0,0,0,0,0,0,0,0
64385,2,1,1986,0,0,0,0,0,0,0,0,0,0
64386,1,1,1986,0,0,0,0,0,0,0,0,0,0
64386,2,1,1986,0,0,0,0,0,0,0,0,0,0
64386,3,1,1986,0,0,0,0,0,0,0,0,0,0
64387,1,1,1986,0,0,12,0,0,0,0,0,12,0
64388,1,1,1986,0,0,0,0,10,0,0,0,0,10
64388,2,1,1986,0,0,0,0,0,0,0,0,0,0
64388,3,1,1986,0,0,0,0,0,0,0,0,0,0
64389,1,1,1986,0,0,0,0,0,0,0,0,33,0
64389,2,1,1986,0,0,0,0,0,0,0,0,0,0
64390,0,1,1986,0,0,0,0,0,0,0,0,0,0
64390,1,1,1986,0,0,0,0,0,0,0,0,0,0
64391,1,1,1986,0,0,0,0,0,0,0,0,0,0
64391,2,1,1986,0,0,0,0,0,0,0,0,0,0
64392,0,1,1986,0,0,0,0,0,0,0,0,0,0
64392,1,1,1986,0,0,0,0,0,0,0,0,0,0
64393,1,1,1986,0,0,0,0,0,0,0,0,0,0
64394,1,1,1986,0,0,0,0,0,0,0,0,0,0
64394,2,1,1986,0,0,0,0,0,0,0,0,0,0
64395,1,1,1986,11,11,11,11,11,11,11,11,11,11
64396,0,1,1986,0,0,0,0,0,0,0,0,0,0
64396,1,1,1986,0,0,0,0,0,0,0,0,0,0
64397,1,1,1986,11,11,11,11,11,11,11,11,11,11
64398,1,1,1986,0,0,0,0,0,0,0,0,0,0
64398,2,1,1986,0,0,0,0,0,0,0,0,0,0
64399,1,1,1986,0,0,0,0,7,0,0,0,0,0
64399,2,1,1986,0,0,0,0,0,0,0,8,0,0
64400,1,1,1986,10,10,10,10,10,10,10,10,10,10
64401,1,1,1986,0,0,0,0,0,0,0,0,0,0
64401,2,1,1986,0,0,0,0,0,0,0,0,0,0
64402,1,1,1986,21,21,21,21,21,21,21,21,21,21
64403,1,1,1986,0,0,0,0,0,0,0,0,0,0
64403,2,1,1986,0,0,0,0,0,0,0,0,0,0
64404,1,1,1986,0,0,0,0,0,0,0,0,0,0
64404,2,1,1986,0,0,0,0,0,0,0,0,0,0
64405,0,1,1986,0,0,0,0,0,0,0,0,0,0
64405,1,1,1986,0,0,3,0,0,0,0,0,0,0
64406,0,1,1986,0,0,0,0,0,0,0,0,0,0
64406,1,1,1986,0,0,0,0,15,0,0,0,0,0
64407,1,1,1986,0,0,0,0,0,0,0,0,0,0
64407,2,1,1986,0,0,0,0,0,0,0,0,0,0
64408,0,1,1986,0,17,0,0,0,0,0,9,0,0
64408,1,1,1986,0,15,0,0,0,0,0,21,0,0
64409,1,1,1986,27,27,27,27,27,27,27,27,27,27
64409,2,1,1986,0,0,10,0,0,0,0,0,0,0
64410,1,1,1986,0,0,0,0,0,0,0,0,0,0
64410,2,1,1986,0,0,0,0,0,0,0,0,0,0
64411,1,1,1986,20,20,20,20,20,20,20,20,20,20
64412,1,1,1986,13,13,13,13,13,13,13,13,13,13
64413,1,1,1986,0,0,0,11,0,0,0,15,0,0
64413,2,1,1986,0,0,0,0,0,0,0,0,0,0
64414,1,1,1986,7,7,7,7,7,7,7,7,7,7
64415,1,1,1986,11,11,11,11,11,11,11,11,11,11
64416,1,1,1986,8,8,8,8,8,8,8,8,8,8
64417,1,1,1986,0,0,0,0,0,0,0,0,0,6
64417,2,1,1986,0,0,0,0,0,0,0,0,0,0
64418,1,1,1986,0,0,0,0,0,0,0,0,0,0
64419,1,1,1986,25,25,25,25,25,25,25,25,25,25
64420,1,1,1986,0,0,0,0,0,0,0,0,0,0
64420,2,1,1986,23,23,23,23,23,23,23,23,23,23
64421,1,1,1986,0,0,0,0,0,0,0,0,0,0
64421,2,1,1986,0,0,0,0,0,0,0,0,0,0
64421,3,1,1986,0,0,0,0,0,0,0,0,0,0
64422,1,1,1986,0,0,0,0,0,0,19,0,0,0
64422,2,1,1986,0,0,0,0,0,0,0,0,0,0
64423,1,1,1986,16,18,0,0,0,0,0,29,30,0
64424,1,1,1986,24,24,24,24,24,24,24,24,24,24
64424,2,1,1986,5,5,5,5,5,5,5,5,5,5
64425,1,1,1986,10,10,10,10,10,10,10,10,10,10
64426,0,1,1986,0,0,0,0,0,0,0,0,0,0
64427,1,1,1986,26,15,16,11,16,16,24,13,12,22
64427,2,1,1986,0,0,0,0,0,0,0,0,0,0
64428,0,1,1986,0,25,0,27,0,19,0,23,0,36
64428,0,2,1986,8,8,13,28,0,40,26,19,22,7
64428,1,1,1986,0,0,11,4,0,19,10,6,0,17
64428,2,1,1986,0,0,11,0,19,0,0,6,11,13
64428,3,1,1986,0,0,0,0,0,0,0,0,0,0
64429,1,1,1986,21,21,21,21,21,21,21,21,21,21
64430,0,1,1986,10,10,10,10,10,10,10,10,10,10
64430,1,1,1986,0,0,0,0,0,0,0,15,0,0
64431,0,1,1986,0,0,0,0,0,0,0,0,0,0
64431,1,1,1986,0,0,0,0,0,0,0,0,0,0
64432,1,1,1986,15,15,15,15,15,15,15,15,15,15
64432,2,1,1986,0,0,0,0,0,0,0,0,0,0
64433,1,1,1986,0,0,0,0,0,0,0,0,0,0
64434,1,1,1986,0,0,0,0,0,0,0,0,0,0
64434,2,1,1986,0,0,0,0,0,0,0,0,0,0
64435,1,1,1986,0,0,0,0,0,0,0,0,0,0
64435,2,1,1986,0,0,0,0,0,0,0,0,0,0
64436,1,1,1986,21,21,21,21,21,21,21,21,21,21